# This file uses centimeters as units for non-parametric coordinates.

mtllib Safety signal.mtl
g default
v 0.561538 3.633047 6.303041
v 0.589204 3.635824 6.289949
v 0.600866 3.614737 6.308967
v 0.602325 3.611716 6.340594
v 0.573534 3.618112 6.338637
v 0.550647 3.635870 6.332745
v 0.939263 3.647417 6.298047
v 0.954555 3.657892 6.323412
v 0.958803 3.627147 6.332479
v 0.933126 3.610688 6.337111
v 0.924534 3.615152 6.308083
v 0.902219 3.641297 6.288171
v 0.561538 3.733130 6.611061
v 0.550647 3.717952 6.585369
v 0.573643 3.700044 6.590803
v 0.602730 3.693640 6.592730
v 0.601133 3.714765 6.616869
v 0.589204 3.743070 6.620020
v 0.939263 3.747691 6.606655
v 0.902220 3.748543 6.618240
v 0.922886 3.715793 6.617049
v 0.930613 3.694530 6.595157
v 0.957934 3.710802 6.589952
v 0.954555 3.741255 6.579975
v 0.332050 3.945350 6.542112
v 0.332436 3.918410 6.521451
v 0.360271 3.931794 6.517540
v 0.387933 3.919167 6.521877
v 0.388485 3.945828 6.542162
v 0.389264 3.993100 6.538779
v 0.360411 4.006705 6.534359
v 0.331557 3.993100 6.538779
v 0.332114 4.419614 6.388196
v 0.331219 4.376673 6.414151
v 0.360374 4.389132 6.410101
v 0.390366 4.374077 6.414992
v 0.389090 4.418820 6.388474
v 0.387983 4.430337 6.355715
v 0.360411 4.443119 6.351554
v 0.332839 4.430337 6.355715
v 0.332050 3.845264 6.234079
v 0.331557 3.885853 6.208709
v 0.360706 3.899781 6.204184
v 0.389690 3.886266 6.208575
v 0.388990 3.845361 6.234052
v 0.388386 3.835615 6.266632
v 0.360411 3.848671 6.262309
v 0.332436 3.835615 6.266632
v 0.332114 4.319423 6.079835
v 0.332839 4.347189 6.099812
v 0.360146 4.360110 6.094969
v 0.387127 4.347857 6.098322
v 0.388176 4.320094 6.079249
v 0.389602 4.269426 6.084079
v 0.360411 4.283022 6.079661
v 0.331219 4.269426 6.084079
v 0.159284 3.633047 6.303041
v 0.170174 3.635870 6.332745
v 0.147179 3.618183 6.338861
v 0.118092 3.611875 6.341082
v 0.119689 3.614776 6.309136
v 0.131617 3.635824 6.289949
v -0.218442 3.647417 6.298047
v -0.181398 3.641297 6.288171
v -0.202055 3.615495 6.308390
v -0.209792 3.611168 6.338594
v -0.237113 3.627391 6.333240
v -0.233734 3.657892 6.323412
v 0.159284 3.733130 6.611061
v 0.131617 3.743070 6.620020
v 0.119942 3.714843 6.617029
v 0.118496 3.693799 6.593218
v 0.147287 3.700123 6.591041
v 0.170174 3.717952 6.585369
v -0.218442 3.747691 6.606655
v -0.233734 3.741255 6.579975
v -0.237981 3.711056 6.590723
v -0.212305 3.695013 6.596639
v -0.203712 3.715688 6.617501
v -0.181398 3.748543 6.618240
v 4.880676 0.768339 7.231876
v 4.908329 0.771184 7.218780
v 4.920176 0.750178 7.237744
v 4.921594 0.747093 7.269422
v 4.892797 0.753410 7.267441
v 4.869807 0.771047 7.261639
v 5.336179 0.782970 7.226809
v 5.351483 0.793482 7.252164
v 5.355769 0.762742 7.261240
v 5.330108 0.746261 7.265866
v 5.321508 0.750742 7.236833
v 5.299107 0.776866 7.216933
v 4.880676 0.869575 7.543450
v 4.869807 0.854272 7.517780
v 4.892905 0.836518 7.523224
v 4.922000 0.830160 7.525073
v 4.920432 0.851356 7.549216
v 4.908329 0.879575 7.552373
v 5.336179 0.884390 7.538950
v 5.299107 0.885258 7.550528
v 5.319849 0.852523 7.549332
v 5.327587 0.831251 7.527445
v 5.354898 0.847536 7.522218
v 5.351483 0.877991 7.512258
v 0.303668 6.354188 5.761377
v 0.304046 6.327423 5.740644
v 0.331896 6.340644 5.736680
v 0.359578 6.328151 5.741064
v 0.360122 6.354646 5.761426
v 0.360876 6.401505 5.758190
v 0.332033 6.414865 5.753848
v 0.303189 6.401505 5.758190
v 0.303736 6.922843 5.576793
v 0.302844 6.879992 5.602720
v 0.332006 6.892388 5.598692
v 0.361981 6.877412 5.603558
v 0.360706 6.922053 5.577070
v 0.359608 6.933527 5.544321
v 0.332033 6.946290 5.540173
v 0.304457 6.933527 5.544321
v 0.303668 6.252959 5.449829
v 0.303189 6.293115 5.424594
v 0.332304 6.306771 5.420158
v 0.361291 6.293517 5.424465
v 0.360608 6.253055 5.449802
v 0.360019 6.243493 5.482335
v 0.332033 6.256450 5.478121
v 0.304046 6.243493 5.482335
v 0.303736 6.821507 5.264913
v 0.304457 6.849237 5.284904
v 0.331769 6.862137 5.280076
v 0.358756 6.849897 5.283422
v 0.359803 6.822172 5.264330
v 0.361221 6.771599 5.269125
v 0.332033 6.785116 5.264733
v 0.302844 6.771599 5.269125
v 6.172169 6.009911 5.528010
v 6.174207 6.059697 5.500437
v 6.207487 6.020540 5.524492
v 6.221598 6.010943 5.555212
v 6.202397 5.985968 5.563086
v 6.171653 5.995978 5.560073
v 6.194596 6.247858 5.451003
v 6.205189 6.266132 5.476295
v 6.217372 6.240916 5.484982
v 6.221537 6.213215 5.494149
v 6.207015 6.205914 5.464690
v 6.183338 6.218750 5.448757
v 6.172169 6.111603 5.840988
v 6.171653 6.081486 5.823237
v 6.202222 6.069903 5.829003
v 6.221600 6.090318 5.823707
v 6.207867 6.117349 5.840025
v 6.174207 6.168090 5.834031
v 6.194596 6.349372 5.763426
v 6.183338 6.327142 5.782352
v 6.206989 6.307757 5.777128
v 6.221537 6.296618 5.749337
v 6.217373 6.323964 5.740209
v 6.205189 6.349289 5.732224
v 5.550662 6.952914 5.539762
v 5.552701 6.923422 5.549152
v 5.567558 6.932918 5.573965
v 5.603647 6.938322 5.583768
v 5.584390 6.963962 5.563910
v 5.577131 6.968229 5.534594
v 5.780686 6.960757 5.533041
v 5.751568 6.967769 5.530936
v 5.753037 6.965089 5.562657
v 5.763707 6.943704 5.582018
v 5.791587 6.945478 5.568973
v 5.802731 6.941405 5.539502
v 5.568461 6.830507 5.261919
v 5.553871 6.837045 5.288725
v 5.551060 6.867273 5.278037
v 5.577131 6.883030 5.272377
v 5.584390 6.862346 5.251166
v 5.603647 6.829928 5.250173
v 5.791441 6.844542 5.257729
v 5.763707 6.835312 5.248424
v 5.753271 6.863923 5.251372
v 5.751948 6.884662 5.275157
v 5.780734 6.877822 5.277523
v 5.802525 6.858600 5.283626
v 6.172157 3.855157 6.228178
v 6.174379 3.903123 6.201150
v 6.207238 3.865926 6.224609
v 6.221259 3.857244 6.255126
v 6.202051 3.832293 6.263077
v 6.171210 3.842016 6.260074
v 6.195135 4.174109 6.124833
v 6.205408 4.192523 6.150040
v 6.218282 4.167584 6.158580
v 6.222610 4.139870 6.167798
v 6.208367 4.132574 6.138448
v 6.184467 4.144933 6.122582
v 6.172157 3.956823 6.541072
v 6.171210 3.927444 6.522992
v 6.201901 3.916161 6.528492
v 6.221228 3.936983 6.523094
v 6.207602 3.963063 6.539919
v 6.174379 4.011514 6.534745
v 6.195135 4.275606 6.437204
v 6.184467 4.253325 6.456176
v 6.208342 4.234359 6.450722
v 6.222612 4.223278 6.423018
v 6.218281 4.250681 6.413942
v 6.205408 4.275686 6.405988
v 3.899652 6.955714 5.538963
v 3.901949 6.926286 5.548389
v 3.917110 6.935667 5.573122
v 3.953943 6.940642 5.583014
v 3.933821 6.966583 5.563104
v 3.926134 6.970971 5.533869
v 4.223417 6.961942 5.532667
v 4.194322 6.968838 5.530544
v 4.195760 6.966031 5.562388
v 4.206937 6.944765 5.581675
v 4.234829 6.946741 5.568614
v 4.245926 6.943138 5.538893
v 3.918110 6.833161 5.261022
v 3.903238 6.839723 5.287773
v 3.900096 6.869972 5.277077
v 3.926134 6.885674 5.271351
v 3.933821 6.864941 5.250279
v 3.953943 6.832251 5.249421
v 4.234670 6.845773 5.257267
v 4.206937 6.836373 5.248079
v 4.196004 6.864837 5.251030
v 4.194715 6.885748 5.274827
v 4.223463 6.879000 5.277120
v 4.245701 6.860356 5.283077
v 6.173181 4.976190 5.863939
v 6.175315 5.023790 5.837023
v 6.208323 4.987168 5.860304
v 6.222411 4.978738 5.890759
v 6.203342 4.953677 5.898700
v 6.172428 4.963200 5.895808
v 6.194901 5.233212 5.780746
v 6.205013 5.251659 5.805905
v 6.218009 5.226779 5.814460
v 6.222463 5.199080 5.823640
v 6.208213 5.191725 5.794310
v 6.184238 5.203980 5.778476
v 6.173181 5.077851 6.176821
v 6.172428 5.048610 6.158674
v 6.203209 5.037575 6.164139
v 6.222410 5.058552 6.158619
v 6.208710 5.084373 6.175568
v 6.175315 5.132182 6.170618
v 6.194901 5.334688 6.093052
v 6.184238 5.312372 6.112071
v 6.208186 5.293509 6.106582
v 6.222463 5.282487 6.078859
v 6.218008 5.309848 6.069753
v 6.205013 5.334823 6.061854
v 4.726819 6.952120 5.540212
v 4.729331 6.922704 5.549593
v 4.744564 6.932048 5.574305
v 4.781576 6.937170 5.584141
v 4.761075 6.963085 5.564250
v 4.753222 6.967474 5.535047
v 4.991242 6.959349 5.533474
v 4.962126 6.966156 5.531413
v 4.963604 6.963347 5.563261
v 4.974886 6.942123 5.582532
v 5.002760 6.944251 5.569412
v 5.013835 6.940644 5.539702
v 4.745595 6.829527 5.262202
v 4.730659 6.836102 5.288929
v 4.727277 6.866329 5.278196
v 4.753222 6.882153 5.272454
v 4.761075 6.861436 5.251407
v 4.781576 6.828779 5.250547
v 5.002600 6.843289 5.258085
v 4.974886 6.833732 5.248938
v 4.963849 6.862156 5.251900
v 4.962519 6.883068 5.275698
v 4.991288 6.876423 5.277986
v 5.013608 6.857862 5.283888
v 6.172102 0.822224 7.213667
v 6.174267 0.868872 7.187039
v 6.207025 0.833267 7.210011
v 6.221047 0.825311 7.240364
v 6.201959 0.800288 7.248375
v 6.171000 0.809653 7.245452
v 6.194506 1.216433 7.085856
v 6.204581 1.234946 7.111011
v 6.217884 1.210189 7.119461
v 6.222392 1.182484 7.128699
v 6.208276 1.175148 7.099418
v 6.184210 1.187192 7.083610
v 6.172102 0.923873 7.526509
v 6.171000 0.895020 7.508183
v 6.201834 0.884131 7.513456
v 6.221024 0.905311 7.507939
v 6.207398 0.930644 7.525156
v 6.174267 0.977263 7.520633
v 6.194506 1.317920 7.398201
v 6.184210 1.295583 7.417204
v 6.208250 1.276904 7.411611
v 6.222393 1.265895 7.383934
v 6.217883 1.293310 7.374894
v 6.204581 1.318112 7.366969
v 1.457196 6.952353 5.540125
v 1.459872 6.922981 5.549562
v 1.475210 6.932390 5.574217
v 1.512486 6.937383 5.584071
v 1.491600 6.963353 5.564179
v 1.483562 6.967766 5.535010
v 1.861789 6.959644 5.533420
v 1.832658 6.966318 5.531344
v 1.834160 6.963461 5.563241
v 1.845710 6.942314 5.582471
v 1.873569 6.944542 5.569354
v 1.884608 6.941206 5.539504
v 1.476279 6.829833 5.262083
v 1.461249 6.836318 5.288829
v 1.457674 6.866555 5.278134
v 1.483563 6.882410 5.272311
v 1.491600 6.861695 5.251306
v 1.512486 6.828992 5.250477
v 1.873402 6.843557 5.257957
v 1.845710 6.833921 5.248877
v 1.834409 6.862256 5.251847
v 1.833056 6.883237 5.275651
v 1.861832 6.876696 5.277856
v 1.884373 6.858431 5.283713
v 6.173683 2.438382 6.688523
v 6.175713 2.486001 6.661602
v 6.208643 2.449302 6.684907
v 6.222707 2.440845 6.715371
v 6.203591 2.415839 6.723368
v 6.172695 2.425394 6.720391
v 6.195620 2.818646 6.565247
v 6.205808 2.837131 6.590431
v 6.218940 2.812304 6.598912
v 6.223417 2.784603 6.608146
v 6.209230 2.777259 6.578836
v 6.185215 2.789420 6.563014
v 6.173683 2.540043 7.001405
v 6.172695 2.510805 6.983258
v 6.203454 2.499686 6.988654
v 6.222693 2.520656 6.983234
v 6.209021 2.546504 7.000172
v 6.175713 2.594392 6.995195
v 6.195620 2.920144 6.877625
v 6.185215 2.897811 6.896608
v 6.209204 2.879030 6.891072
v 6.223418 2.868012 6.863372
v 6.218939 2.895418 6.854328
v 6.205808 2.920296 6.846384
v 2.785078 6.954007 5.539508
v 2.787562 6.924602 5.548947
v 2.802734 6.934076 5.573644
v 2.839602 6.939201 5.583481
v 2.819257 6.965054 5.563602
v 2.811470 6.969407 5.534387
v 3.150541 6.961943 5.532675
v 3.121404 6.968642 5.530600
v 3.122917 6.965821 5.562463
v 3.134341 6.944644 5.581714
v 3.162197 6.946815 5.568603
v 3.173248 6.943365 5.538814
v 2.803746 6.831570 5.261534
v 2.788869 6.838034 5.288316
v 2.785529 6.868274 5.277637
v 2.811470 6.884105 5.271851
v 2.819257 6.863411 5.250774
v 2.839602 6.830812 5.249887
v 3.162034 6.845839 5.257234
v 3.134341 6.836252 5.248119
v 3.123163 6.864624 5.251091
v 3.121799 6.885558 5.274893
v 3.150586 6.878996 5.277111
v 3.173018 6.860586 5.283007
v -4.216611 0.768339 7.231876
v -4.205742 0.771047 7.261639
v -4.228840 0.753483 7.267669
v -4.257935 0.747254 7.269913
v -4.256367 0.750209 7.237920
v -4.244265 0.771184 7.218780
v -4.672114 0.782970 7.226809
v -4.635042 0.776866 7.216933
v -4.655783 0.751085 7.237141
v -4.663522 0.746741 7.267351
v -4.690833 0.762989 7.262008
v -4.687418 0.793482 7.252164
v -4.216611 0.869575 7.543450
v -4.244265 0.879575 7.552373
v -4.256112 0.851434 7.549379
v -4.257529 0.830319 7.525563
v -4.228732 0.836593 7.523452
v -4.205742 0.854272 7.517780
v -4.672114 0.884390 7.538950
v -4.687418 0.877991 7.512258
v -4.691704 0.847788 7.522985
v -4.666043 0.831735 7.528930
v -4.657443 0.852425 7.549783
v -4.635042 0.885258 7.550528
v -5.508104 6.009911 5.528010
v -5.507588 5.995978 5.560073
v -5.538157 5.983216 5.562206
v -5.557535 6.002848 5.554502
v -5.543802 6.015125 5.525412
v -5.510142 6.059697 5.500437
v -5.530531 6.247858 5.451003
v -5.519273 6.218750 5.448757
v -5.542924 6.206139 5.464377
v -5.557472 6.213461 5.493408
v -5.553308 6.240952 5.484726
v -5.541124 6.266132 5.476295
v -5.508104 6.111603 5.840988
v -5.510142 6.168090 5.834031
v -5.543422 6.122270 5.837586
v -5.557533 6.096450 5.818375
v -5.538332 6.071610 5.826673
v -5.507588 6.081486 5.823237
v -5.530531 6.349372 5.763426
v -5.541124 6.349289 5.732224
v -5.553308 6.323785 5.740021
v -5.557472 6.295983 5.748884
v -5.542950 6.307392 5.777008
v -5.519273 6.327142 5.782352
v -4.886597 6.952914 5.539762
v -4.913066 6.968229 5.534594
v -4.920252 6.963969 5.563898
v -4.939582 6.938322 5.583768
v -4.903493 6.932918 5.573965
v -4.888637 6.923422 5.549152
v -5.116621 6.960757 5.533041
v -5.138666 6.941405 5.539502
v -5.127522 6.945478 5.568973
v -5.099642 6.943704 5.582018
v -5.088985 6.965087 5.562660
v -5.087503 6.967769 5.530936
v -4.904397 6.830507 5.261919
v -4.939582 6.829928 5.250173
v -4.921562 6.862291 5.251555
v -4.915107 6.883451 5.273647
v -4.887693 6.867496 5.278718
v -4.889806 6.837045 5.288725
v -5.127376 6.844542 5.257729
v -5.138460 6.858600 5.283626
v -5.116568 6.877886 5.277713
v -5.087503 6.884807 5.275606
v -5.088985 6.863992 5.251517
v -5.099642 6.835312 5.248424
v -5.508092 3.855157 6.228178
v -5.507145 3.842016 6.260074
v -5.537836 3.829654 6.262251
v -5.557163 3.849674 6.254383
v -5.543537 3.860884 6.225443
v -5.510314 3.903123 6.201150
v -5.531070 4.174109 6.124833
v -5.520402 4.144933 6.122582
v -5.544277 4.132795 6.138143
v -5.558547 4.140115 6.167069
v -5.554216 4.167619 6.158303
v -5.541343 4.192523 6.150040
v -5.508092 3.956823 6.541072
v -5.510314 4.011514 6.534745
v -5.543173 3.967633 6.537630
v -5.557194 3.942671 6.518045
v -5.537986 3.917812 6.526275
v -5.507145 3.927444 6.522992
v -5.531070 4.275606 6.437204
v -5.541343 4.275686 6.405988
v -5.554217 4.250492 6.413739
v -5.558546 4.222651 6.422571
v -5.544302 4.233999 6.450604
v -5.520402 4.253325 6.456176
v -3.235587 6.955714 5.538963
v -3.262069 6.970971 5.533869
v -3.269677 6.966590 5.563090
v -3.289878 6.940642 5.583014
v -3.253045 6.935667 5.573122
v -3.237884 6.926286 5.548389
v -3.559352 6.961942 5.532667
v -3.581861 6.943138 5.538893
v -3.570764 6.946741 5.568614
v -3.542871 6.944765 5.581675
v -3.531709 6.966029 5.562391
v -3.530257 6.968838 5.530544
v -3.254045 6.833161 5.261022
v -3.289878 6.832251 5.249421
v -3.271106 6.864866 5.250696
v -3.264276 6.886105 5.272702
v -3.236789 6.870199 5.277784
v -3.239173 6.839723 5.287773
v -3.570605 6.845775 5.257267
v -3.581636 6.860356 5.283077
v -3.559293 6.879068 5.277329
v -3.530257 6.885901 5.275295
v -3.531709 6.864910 5.251182
v -3.542871 6.836373 5.248079
v -5.509116 4.976190 5.863939
v -5.508363 4.963200 5.895808
v -5.539145 4.951058 5.897867
v -5.558345 4.971275 5.890009
v -5.544645 4.982203 5.861120
v -5.511250 5.023790 5.837023
v -5.530836 5.233212 5.780746
v -5.520173 5.203980 5.778476
v -5.544121 5.191946 5.794004
v -5.558398 5.199325 5.822911
v -5.553943 5.226813 5.814197
v -5.540948 5.251659 5.805905
v -5.509116 5.077851 6.176821
v -5.511250 5.132182 6.170618
v -5.544259 5.088870 6.173308
v -5.558346 5.064148 6.153625
v -5.539278 5.039205 6.161925
v -5.508363 5.048610 6.158674
v -5.530836 5.334688 6.093052
v -5.540948 5.334823 6.061854
v -5.553944 5.309666 6.069562
v -5.558398 5.281860 6.078413
v -5.544148 5.293150 6.106464
v -5.520173 5.312372 6.112071
v -4.062754 6.952120 5.540212
v -4.089158 6.967474 5.535047
v -4.096929 6.963092 5.564238
v -4.117511 6.937170 5.584141
v -4.080499 6.932048 5.574305
v -4.065266 6.922704 5.549593
v -4.327178 6.959349 5.533474
v -4.349770 6.940644 5.539702
v -4.338696 6.944251 5.569412
v -4.310822 6.942123 5.582532
v -4.299553 6.963346 5.563264
v -4.298061 6.966156 5.531413
v -4.081530 6.829527 5.262202
v -4.117511 6.828779 5.250547
v -4.098389 6.861366 5.251828
v -4.091407 6.882596 5.273822
v -4.063985 6.866565 5.278921
v -4.066595 6.836102 5.288929
v -4.338535 6.843289 5.258085
v -4.349543 6.857862 5.283888
v -4.327118 6.876490 5.278190
v -4.298061 6.883221 5.276169
v -4.299553 6.862226 5.252051
v -4.310822 6.833732 5.248938
v -5.508044 0.822030 7.213731
v -5.506933 0.809504 7.245508
v -5.537778 0.797628 7.247635
v -5.556958 0.818033 7.239644
v -5.543334 0.828344 7.210835
v -5.510214 0.868575 7.187135
v -5.530423 1.216411 7.085865
v -5.520144 1.187165 7.083618
v -5.544193 1.175360 7.099118
v -5.558328 1.182723 7.127978
v -5.553808 1.210215 7.119177
v -5.540482 1.234929 7.111015
v -5.508044 0.923678 7.526572
v -5.510214 0.976966 7.520729
v -5.542961 0.934779 7.523031
v -5.556982 0.910554 7.503129
v -5.537901 0.885595 7.511354
v -5.506933 0.894866 7.508226
v -5.530423 1.317896 7.398204
v -5.540482 1.318095 7.366974
v -5.553809 1.293110 7.374684
v -5.558327 1.265267 7.383495
v -5.544219 1.276540 7.411495
v -5.520144 1.295557 7.417213
v -0.781580 6.952350 5.540136
v -0.807940 6.967767 5.535018
v -0.815923 6.963358 5.564169
v -0.836957 6.937374 5.584075
v -0.799639 6.932384 5.574221
v -0.784282 6.922983 5.549571
v -1.186124 6.959652 5.533416
v -1.208960 6.941236 5.539493
v -1.197924 6.944559 5.569350
v -1.170066 6.942316 5.582470
v -1.158510 6.963454 5.563245
v -1.156992 6.966317 5.531344
v -0.800713 6.829823 5.262085
v -0.836957 6.828982 5.250482
v -0.817434 6.861618 5.251736
v -0.810259 6.882859 5.273702
v -0.782859 6.866780 5.278857
v -0.785668 6.836308 5.288827
v -1.197757 6.843573 5.257951
v -1.208724 6.858462 5.283703
v -1.186061 6.876777 5.278073
v -1.156992 6.883392 5.276130
v -1.158510 6.862326 5.252004
v -1.170066 6.833924 5.248876
v -5.509635 2.437835 6.688709
v -5.508626 2.424973 6.720549
v -5.539414 2.412897 6.722701
v -5.558628 2.433127 6.714748
v -5.544961 2.443900 6.685876
v -5.511683 2.485160 6.661875
v -5.531504 2.818584 6.565274
v -5.521147 2.789347 6.563038
v -5.545162 2.777458 6.578548
v -5.559353 2.784831 6.607424
v -5.554848 2.812320 6.598631
v -5.541646 2.837083 6.590446
v -5.509635 2.539493 7.001578
v -5.511683 2.593552 6.995470
v -5.544582 2.550506 6.998067
v -5.558641 2.525907 6.978328
v -5.539546 2.500960 6.986559
v -5.508626 2.510371 6.983377
v -5.531504 2.920078 6.877638
v -5.541646 2.920249 6.846400
v -5.554849 2.895210 6.854124
v -5.559352 2.867373 6.862935
v -5.545188 2.878648 6.890957
v -5.521147 2.897739 6.896633
v -2.097953 6.954000 5.539538
v -2.124328 6.969415 5.534410
v -2.132113 6.965057 5.563597
v -2.152710 6.939178 5.583490
v -2.115729 6.934063 5.573655
v -2.100511 6.924601 5.548971
v -2.463285 6.961968 5.532663
v -2.486041 6.943449 5.538782
v -2.474998 6.946860 5.568590
v -2.447145 6.944648 5.581712
v -2.435676 6.965808 5.562472
v -2.434144 6.968640 5.530597
v -2.116757 6.831542 5.261539
v -2.152710 6.830786 5.249896
v -2.133569 6.863333 5.251189
v -2.126571 6.884544 5.273192
v -2.099182 6.868475 5.278337
v -2.101838 6.838009 5.288312
v -2.474833 6.845883 5.257215
v -2.485809 6.860672 5.282980
v -2.463223 6.879091 5.277320
v -2.434144 6.885712 5.275368
v -2.435676 6.864682 5.251245
v -2.447145 6.836257 5.248117
v 1.541270 3.632695 6.303115
v 1.568900 3.635783 6.289962
v 1.581051 3.614869 6.308872
v 1.582500 3.611718 6.340606
v 1.553700 3.617903 6.338680
v 1.530455 3.635188 6.332980
v 1.977521 3.647664 6.297920
v 1.993355 3.658060 6.323204
v 1.998570 3.627334 6.332178
v 1.973213 3.610598 6.336834
v 1.963673 3.615205 6.307980
v 1.939183 3.641605 6.288072
v 1.541270 3.732800 6.611207
v 1.530455 3.717263 6.585581
v 1.553809 3.699852 6.590898
v 1.582911 3.693631 6.592707
v 1.581313 3.714916 6.616863
v 1.568900 3.743029 6.620033
v 1.977521 3.747964 6.606611
v 1.939183 3.748852 6.618142
v 1.961765 3.715908 6.617058
v 1.970361 3.694577 6.595296
v 1.997580 3.711103 6.590009
v 1.993355 3.741513 6.580045
v 0.332036 5.073405 6.175568
v 0.332394 5.047077 6.154663
v 0.360285 5.059958 6.150798
v 0.388016 5.047736 6.155060
v 0.388531 5.073818 6.175619
v 0.389228 5.119651 6.172742
v 0.360411 5.132670 6.168511
v 0.331594 5.119651 6.172742
v 0.332731 5.550330 6.020072
v 0.331451 5.509364 6.046116
v 0.360378 5.521483 6.042179
v 0.389901 5.507651 6.046673
v 0.388359 5.549806 6.020257
v 0.387029 5.559792 5.986209
v 0.360411 5.571585 5.982359
v 0.333792 5.559792 5.986209
v 0.332036 4.973330 5.867568
v 0.331594 5.012404 5.842670
v 0.360671 5.025702 5.838349
v 0.389616 5.012779 5.842549
v 0.388986 4.973418 5.867542
v 0.388427 4.964318 5.899956
v 0.360411 4.976954 5.895839
v 0.332394 4.964318 5.899956
v 0.332731 5.450567 5.713037
v 0.333792 5.478127 5.734870
v 0.360251 5.489986 5.730604
v 0.386507 5.478467 5.733905
v 0.387765 5.450943 5.712667
v 0.389370 5.402118 5.716044
v 0.360411 5.414978 5.711865
v 0.331451 5.402118 5.716044
v -0.820448 3.632695 6.303115
v -0.809634 3.635188 6.332980
v -0.832988 3.617976 6.338910
v -0.862089 3.611880 6.341105
v -0.860492 3.614902 6.309051
v -0.848078 3.635783 6.289962
v -1.256700 3.647664 6.297920
v -1.218361 3.641605 6.288072
v -1.240941 3.615588 6.308312
v -1.249540 3.611124 6.338454
v -1.276758 3.627601 6.333017
v -1.272534 3.658060 6.323204
v -0.820448 3.732800 6.611207
v -0.848078 3.743029 6.620033
v -0.860232 3.714997 6.617027
v -0.861678 3.693793 6.593207
v -0.832879 3.699928 6.591127
v -0.809634 3.717263 6.585581
v -1.256700 3.747964 6.606611
v -1.272534 3.741513 6.580045
v -1.277749 3.711381 6.590848
v -1.252392 3.695104 6.596917
v -1.242851 3.715791 6.617552
v -1.218362 3.748852 6.618142
v 0.577049 3.617509 6.313653
v 0.948856 3.624871 6.310256
v 0.577158 3.714271 6.611501
v 0.948084 3.722302 6.609700
v 0.360331 3.958754 6.537877
v 0.360439 4.432367 6.384053
v 0.360550 3.858589 6.229742
v 0.360256 4.332708 6.075337
v 0.143662 3.617530 6.313762
v -0.227260 3.625084 6.310505
v 0.143767 3.714327 6.611609
v -0.228035 3.722275 6.610034
v 4.896290 0.752870 7.242449
v 5.345817 0.760460 7.239011
v 4.896394 0.850793 7.543885
v 5.345040 0.859032 7.541980
v 0.331955 6.367451 5.757166
v 0.332063 6.935558 5.572665
v 0.332159 6.266151 5.445546
v 0.331881 6.834749 5.260430
v 6.197496 5.993864 5.538110
v 6.208423 6.230894 5.462129
v 6.197607 6.090726 5.843546
v 6.208395 6.329273 5.764476
v 5.559940 6.954907 5.561800
v 5.777046 6.961794 5.558028
v 5.560371 6.855922 5.258593
v 5.777078 6.864031 5.256963
v 6.197252 3.839740 6.238111
v 6.209548 4.157452 6.135890
v 6.197379 3.936631 6.543337
v 6.209523 4.255794 6.438135
v 3.909153 6.957659 5.560958
v 4.219799 6.962818 5.557761
v 3.909633 6.858609 5.257677
v 4.219829 6.865016 5.256569
v 6.198452 4.961000 5.873791
v 6.209308 5.216642 5.791764
v 6.198594 5.057920 6.179007
v 6.209280 5.314970 6.093957
v 4.736391 6.954061 5.562156
v 4.987659 6.960227 5.558586
v 4.736885 6.854990 5.258831
v 4.987689 6.862434 5.257422
v 6.197162 0.807378 7.223440
v 6.209260 1.199977 7.096858
v 6.197305 0.904310 7.528518
v 6.209237 1.298303 7.399059
v 1.466865 6.954329 5.562072
v 1.858224 6.960429 5.558568
v 1.467379 6.855245 5.258743
v 1.858254 6.862608 5.257319
v 6.198770 2.423181 6.698397
v 6.210260 2.802106 6.576275
v 6.198906 2.520077 7.003573
v 6.210236 2.900445 6.878512
v 2.794621 6.956009 5.561491
v 3.146969 6.962768 5.557793
v 2.795107 6.856963 5.258212
v 3.146999 6.864955 5.256573
v -4.232329 0.752888 7.242564
v -4.680975 0.760673 7.239263
v -4.232226 0.850847 7.543989
v -4.681752 0.859008 7.542309
v -5.533541 5.991514 5.538208
v -5.544330 6.230983 5.461968
v -5.533432 6.092683 5.842244
v -5.544358 6.329108 5.764399
v -4.895844 6.954912 5.561793
v -5.112987 6.961791 5.558029
v -4.896887 6.855915 5.258887
v -5.112922 6.864079 5.257049
v -5.533314 3.837491 6.238214
v -5.545458 4.157536 6.135726
v -5.533187 3.938512 6.542098
v -5.545484 4.255630 6.438051
v -3.245055 6.957663 5.560950
v -3.555739 6.962818 5.557763
v -3.246202 6.858595 5.257985
v -3.555670 6.865065 5.256664
v -5.534528 4.958778 5.873885
v -5.545215 5.216729 5.791603
v -5.534388 5.059772 6.177776
v -5.545243 5.314806 6.093880
v -4.072292 6.954064 5.562149
v -4.323600 6.960226 5.558588
v -4.073469 6.854976 5.259146
v -4.323530 6.862485 5.257515
v -5.533248 0.805072 7.223591
v -5.545170 1.200049 7.096697
v -5.533104 0.905964 7.527375
v -5.545194 1.298129 7.398972
v -0.791228 6.954327 5.562070
v -1.182567 6.960432 5.558569
v -0.792451 6.855222 5.259058
v -1.182496 6.862661 5.257415
v -5.534864 2.420545 6.698652
v -5.546166 2.802162 6.576125
v -5.534725 2.521507 7.002482
v -5.546190 2.900251 6.878426
v -2.107501 6.955998 5.561499
v -2.459726 6.962779 5.557794
v -2.108674 6.856926 5.258522
v -2.459655 6.865017 5.256664
v 1.557147 3.617435 6.313622
v 1.988171 3.625084 6.310084
v 1.557254 3.714224 6.611571
v 1.987278 3.722577 6.609682
v 0.360341 5.086322 6.171464
v 0.360427 5.562305 6.016174
v 0.360533 4.986185 5.863392
v 0.360318 5.462872 5.708927
v -0.836433 3.617453 6.313738
v -1.266456 3.625319 6.310358
v -0.836326 3.714280 6.611676
v -1.267350 3.722547 6.610044
v 2.514254 3.482602 5.940588
v -1.794472 3.482602 5.940588
v 2.514254 7.213202 4.728442
v -1.794472 7.213202 4.728442
v 2.514254 21.319431 0.145051
v -1.794472 21.319431 0.145051
v 2.514254 16.923321 1.573433
v -1.794472 16.923321 1.573433
v 6.221670 2.225133 6.349164
v 6.221670 2.904755 6.128342
v 6.221670 3.482602 5.940588
v 6.221670 7.213202 4.728442
v 6.221670 16.923321 1.573433
v 6.221670 17.504061 1.384741
v 6.221670 20.018734 0.567672
v 6.221670 21.319431 0.145051
v 3.340741 2.225133 6.349164
v 3.340741 2.904755 6.128342
v 3.340742 3.482602 5.940588
v 3.340742 7.213202 4.728442
v 3.340742 16.923321 1.573433
v 3.340742 17.504061 1.384741
v 3.340742 20.018734 0.567672
v 3.340742 21.319431 0.145051
v 3.340741 0.615816 6.872064
v 6.221670 0.615816 6.872064
v -2.504822 2.166613 6.368177
v -2.504822 2.904755 6.128342
v -2.504822 3.482602 5.940588
v -2.504822 7.213202 4.728442
v -2.504822 16.923321 1.573433
v -2.504822 17.504061 1.384741
v -2.504822 20.018734 0.567672
v -2.504822 21.319431 0.145051
v -5.551337 2.166613 6.368177
v -5.551337 2.904755 6.128342
v -5.551337 3.482602 5.940588
v -5.551337 7.213202 4.728442
v -5.551337 16.923321 1.573433
v -5.551337 17.504061 1.384741
v -5.551337 20.018734 0.567672
v -5.551337 21.319431 0.145051
v -5.551337 0.603659 6.876013
v -2.504822 0.603659 6.876013
v -5.551337 3.059263 6.603869
v -5.551337 3.637110 6.416116
v 2.514254 3.637110 6.416116
v -1.794472 3.637110 6.416116
v 3.340741 3.059263 6.603869
v 3.340742 3.637110 6.416116
v -5.551337 2.321122 6.843707
v -5.551337 0.758168 7.351542
v 3.340741 2.379642 6.824693
v 3.340742 7.367711 5.203971
v 2.514254 7.367711 5.203971
v -1.794472 7.367711 5.203971
v -5.551337 7.367711 5.203971
v 3.340742 17.077827 2.048962
v 2.514254 17.077827 2.048962
v -1.794472 17.077827 2.048962
v -5.551337 17.077827 2.048962
v 3.340742 21.473942 0.620578
v 2.514254 21.473942 0.620578
v -1.794472 21.473942 0.620578
v -5.551337 21.473942 0.620578
v 3.340742 20.173244 1.043201
v -5.551337 20.173244 1.043201
v 3.340742 17.658566 1.860269
v -5.551337 17.658566 1.860269
v 3.340741 0.770325 7.347592
v 6.221670 2.379642 6.824693
v 6.221670 0.770325 7.347592
v 6.221670 3.059263 6.603869
v 6.221670 3.637110 6.416116
v 6.221670 7.367711 5.203971
v 6.221670 17.077827 2.048962
v 6.221670 17.658566 1.860269
v 6.221670 20.173244 1.043201
v 6.221670 21.473942 0.620578
v -2.504822 2.321122 6.843707
v -2.504822 0.758168 7.351542
v -2.504822 3.059263 6.603869
v -2.504822 3.637110 6.416116
v -2.504822 7.367711 5.203971
v -2.504822 17.077827 2.048962
v -2.504822 17.658566 1.860269
v -2.504822 20.173244 1.043201
v -2.504822 21.473942 0.620578
v 3.340742 16.324541 2.293720
v 2.514254 16.324541 2.293720
v -1.794472 16.324541 2.293720
v -2.504822 16.324541 2.293720
v -5.551337 16.324541 2.293720
v -5.551337 16.170033 1.818192
v -2.504822 16.170033 1.818192
v -1.794472 16.170033 1.818192
v 2.514254 16.170033 1.818192
v 3.340742 16.170033 1.818192
v 6.221670 16.170033 1.818192
v 6.221670 16.324541 2.293720
v 2.514254 6.909261 5.352930
v -1.794472 6.909261 5.352930
v -2.504822 6.909261 5.352930
v -5.551337 6.909261 5.352930
v -5.551337 6.754752 4.877401
v -2.504822 6.754752 4.877401
v -1.794472 6.754752 4.877401
v 2.514254 6.754752 4.877401
v 3.340742 6.754752 4.877401
v 6.221670 6.754752 4.877401
v 6.221670 6.909261 5.352930
v 3.340742 6.909261 5.352930
v 3.340742 7.247160 4.832954
v 2.514254 7.247160 4.832954
v 3.340742 16.203991 1.922703
v 2.514254 16.203991 1.922703
v -1.794472 7.247160 4.832954
v -1.794472 16.203991 1.922703
v 6.221670 16.203991 1.922703
v 6.221670 7.247160 4.832954
v -2.504822 7.247160 4.832954
v -2.504822 16.203991 1.922703
v -5.551337 7.247160 4.832954
v -5.551337 16.203991 1.922703
v 2.514254 20.309074 0.473335
v 2.819535 20.018734 0.567672
v 2.819535 20.173244 1.043201
v 2.514254 20.463585 0.948864
v -2.099753 20.018734 0.567672
v -1.794472 20.309074 0.473335
v -2.099753 20.173244 1.043201
v -1.794472 20.463585 0.948864
v 2.819535 17.504061 1.384741
v 2.514254 17.213718 1.479078
v 2.514254 17.368225 1.954607
v 2.819535 17.658566 1.860269
v -1.794472 17.213718 1.479078
v -2.099753 17.504061 1.384741
v -2.099753 17.658566 1.860269
v -1.794472 17.368225 1.954607
v 2.514254 20.018734 0.567672
v 2.514254 20.173244 1.043201
v -1.794472 20.018734 0.567672
v -1.794472 20.173244 1.043201
v 2.514254 17.504061 1.384741
v 2.514254 17.658566 1.860269
v -1.794472 17.504061 1.384741
v -1.794472 17.658566 1.860269
v -6.168363 2.904755 6.128342
v -6.256742 2.916067 6.163158
v -6.293350 2.943377 6.247213
v -6.168363 3.482602 5.940588
v -6.256742 3.493914 5.975404
v -6.293350 3.521225 6.059458
v 6.865337 2.904755 6.128342
v 6.953716 2.916067 6.163158
v 6.990324 2.943377 6.247213
v 6.865337 3.482602 5.940588
v 6.953716 3.493914 5.975404
v 6.990324 3.521225 6.059458
v -5.551337 21.949154 0.071862
v -1.794472 21.949154 0.071862
v 2.514254 21.949154 0.071862
v 3.340741 21.949154 0.071862
v -6.168362 2.166613 6.368177
v -6.256742 2.177926 6.402995
v -6.293350 2.205236 6.487049
v -1.919459 2.166613 6.368177
v -1.831080 2.177926 6.402995
v -1.794472 2.205236 6.487049
v -5.551337 0.165286 7.018449
v -5.551337 0.092545 7.080576
v -5.551337 0.085039 7.175942
v 2.639242 2.225133 6.349164
v 2.550862 2.236446 6.383980
v 2.514254 2.263757 6.468035
v 6.865337 2.225133 6.349164
v 6.953717 2.236446 6.383980
v 6.990325 2.263757 6.468035
v 3.340741 0.165286 7.018449
v 3.340741 0.092545 7.080576
v 3.340741 0.085039 7.175942
v 6.865337 6.754752 4.877401
v 6.953716 6.766064 4.912218
v 6.990324 6.793375 4.996271
v -6.293350 6.793375 4.996271
v -6.256742 6.766064 4.912218
v -6.168363 6.754752 4.877401
v 6.865337 7.213202 4.728442
v 6.953716 7.224514 4.763258
v 6.990324 7.251825 4.847313
v 6.865337 16.170033 1.818192
v 6.953716 16.181345 1.853008
v 6.990324 16.208656 1.937062
v -6.293350 7.251825 4.847313
v -6.256742 7.224514 4.763258
v -6.168363 7.213202 4.728442
v -6.293350 16.208656 1.937062
v -6.256742 16.181345 1.853008
v -6.168363 16.170033 1.818192
v 6.865337 21.319431 0.145051
v 6.953716 21.330742 0.179867
v 6.990324 21.358053 0.263922
v -6.168363 21.319431 0.145051
v -6.256742 21.330742 0.179867
v -6.293350 21.358053 0.263922
v 6.865337 20.018734 0.567672
v 6.953716 20.030052 0.602488
v 6.990324 20.057362 0.686543
v -6.168363 20.018734 0.567672
v -6.256742 20.030052 0.602488
v -6.293350 20.057362 0.686543
v 6.865337 17.504061 1.384741
v 6.953716 17.515369 1.419558
v 6.990324 17.542681 1.503611
v -6.168363 17.504061 1.384741
v -6.256742 17.515369 1.419558
v -6.293350 17.542681 1.503611
v 6.865337 16.923321 1.573433
v 6.953716 16.934631 1.608251
v 6.990324 16.961945 1.692303
v -6.293350 16.961945 1.692303
v -6.256742 16.934631 1.608251
v -6.168363 16.923321 1.573433
v 2.639242 0.615816 6.872064
v 2.550862 0.627129 6.906879
v 2.514254 0.654441 6.990933
v 6.865337 0.615816 6.872064
v 6.953716 0.627129 6.906879
v 6.990324 0.654441 6.990933
v -1.919459 0.603659 6.876013
v -1.831080 0.614971 6.910830
v -1.794472 0.642282 6.994883
v -6.168363 0.603659 6.876013
v -6.256742 0.614971 6.910830
v -6.293350 0.642282 6.994883
v 6.221670 0.165286 7.018449
v 6.221670 0.092545 7.080576
v 6.221670 0.085039 7.175942
v 6.221670 21.949154 0.071862
v -2.504822 0.165286 7.018449
v -2.504822 0.092545 7.080576
v -2.504822 0.085039 7.175942
v -2.504822 21.949154 0.071862
v -6.168363 3.059263 6.603869
v -6.256742 3.047951 6.569053
v -6.293350 3.020640 6.485000
v -6.293350 3.598487 6.297246
v -6.256742 3.625798 6.381300
v -6.168363 3.637110 6.416116
v -6.293350 2.282498 6.724835
v -6.256742 2.309809 6.808891
v -6.168362 2.321122 6.843707
v -6.168363 0.758168 7.351542
v -6.256742 0.746855 7.316726
v -6.293350 0.719544 7.232671
v 2.639242 2.379642 6.824693
v 2.550862 2.368330 6.789875
v 2.514254 2.341019 6.705822
v -6.168363 6.909261 5.352930
v -6.256742 6.897949 5.318114
v -6.293350 6.870637 5.234060
v -6.168363 7.367711 5.203971
v -6.256742 7.356399 5.169155
v -6.293350 7.329088 5.085101
v -6.168363 16.324541 2.293720
v -6.256742 16.313229 2.258904
v -6.293350 16.285919 2.174851
v 3.340741 22.026419 0.309648
v 3.340741 22.018909 0.405015
v 3.340741 21.946171 0.467141
v 2.514254 21.946171 0.467141
v 2.514254 22.018909 0.405015
v 2.514254 22.026419 0.309648
v -1.794472 21.946171 0.467141
v -1.794472 22.018909 0.405015
v -1.794472 22.026419 0.309648
v -5.551337 22.026419 0.309648
v -5.551337 22.018909 0.405015
v -5.551337 21.946171 0.467141
v -6.168363 21.473942 0.620578
v -6.256742 21.462627 0.585763
v -6.293350 21.435314 0.501709
v -6.168363 20.173244 1.043201
v -6.256742 20.161930 1.008384
v -6.293350 20.134621 0.924330
v -6.168363 17.658566 1.860269
v -6.256742 17.647251 1.825453
v -6.293350 17.619942 1.741398
v -6.168363 17.077827 2.048962
v -6.256742 17.066515 2.014146
v -6.293350 17.039204 1.930093
v 2.639242 0.770325 7.347592
v 2.550862 0.759014 7.312774
v 2.514254 0.731702 7.228721
v 6.865337 2.379642 6.824693
v 6.953717 2.368330 6.789875
v 6.990325 2.341019 6.705822
v 6.990324 0.731702 7.228721
v 6.953716 0.759014 7.312774
v 6.865337 0.770325 7.347592
v 6.865337 3.059263 6.603869
v 6.953716 3.047951 6.569053
v 6.990324 3.020640 6.485000
v 6.865337 3.637110 6.416116
v 6.953716 3.625798 6.381300
v 6.990324 3.598487 6.297246
v 6.990324 6.870637 5.234060
v 6.953716 6.897949 5.318114
v 6.865337 6.909261 5.352930
v 6.990324 7.329088 5.085101
v 6.953716 7.356399 5.169155
v 6.865337 7.367711 5.203971
v 6.990324 16.285919 2.174851
v 6.953716 16.313229 2.258904
v 6.865337 16.324541 2.293720
v 6.990324 17.039204 1.930093
v 6.953716 17.066515 2.014146
v 6.865337 17.077827 2.048962
v 6.865337 17.658566 1.860269
v 6.953716 17.647251 1.825453
v 6.990324 17.619942 1.741398
v 6.865337 20.173244 1.043201
v 6.953716 20.161930 1.008384
v 6.990324 20.134621 0.924330
v 6.865337 21.473942 0.620578
v 6.953716 21.462627 0.585763
v 6.990324 21.435314 0.501709
v 6.221670 21.946171 0.467141
v 6.221670 22.018909 0.405015
v 6.221670 22.026419 0.309648
v 3.340741 0.319795 7.493977
v 3.340741 0.224428 7.486473
v 3.340741 0.162302 7.413731
v 6.221670 0.319795 7.493977
v 6.221670 0.224428 7.486473
v 6.221670 0.162302 7.413731
v -1.919459 2.321122 6.843707
v -1.831080 2.309809 6.808891
v -1.794472 2.282498 6.724835
v -1.794472 0.719544 7.232671
v -1.831080 0.746855 7.316726
v -1.919459 0.758168 7.351542
v -2.504822 21.946171 0.467141
v -2.504822 22.018909 0.405015
v -2.504822 22.026419 0.309648
v -5.551337 0.319795 7.493977
v -5.551337 0.224428 7.486473
v -5.551337 0.162302 7.413731
v -2.504822 0.319795 7.493977
v -2.504822 0.224428 7.486473
v -2.504822 0.162302 7.413731
v -6.110541 21.869881 0.004690
v -6.187375 21.821056 0.020555
v -6.238714 21.747982 0.044298
v -6.256742 21.661785 0.072305
v -6.056517 21.949154 0.071862
v -6.147149 21.932007 0.077432
v -6.223983 21.883183 0.093297
v -6.275322 21.810104 0.117041
v -6.293350 21.723911 0.145048
v -6.168363 21.566422 0.064799
v -6.150335 21.652615 0.036793
v -6.098996 21.725689 0.013049
v -1.831080 2.725642 6.225031
v -1.813052 2.811837 6.197024
v -1.761713 2.884911 6.173281
v -1.684879 2.933737 6.157417
v -1.594246 2.950883 6.151845
v -1.794472 2.718136 6.320397
v -1.776444 2.804332 6.292391
v -1.725105 2.877406 6.268648
v -1.648271 2.926232 6.252783
v -1.557639 2.943377 6.247213
v -2.097627 2.987444 6.101475
v -1.873783 3.191359 6.035219
v -1.682626 3.023624 6.089719
v -1.773258 3.006479 6.095289
v -1.850093 2.957653 6.111155
v -1.901431 2.884579 6.134897
v -1.919459 2.798382 6.162905
v 2.314029 2.950883 6.151845
v 2.404661 2.933737 6.157417
v 2.481495 2.884911 6.173281
v 2.532835 2.811837 6.197024
v 2.550862 2.725642 6.225031
v 2.277421 2.943377 6.247213
v 2.368053 2.926232 6.252783
v 2.444888 2.877406 6.268648
v 2.496227 2.804332 6.292391
v 2.514254 2.718136 6.320397
v 2.819692 2.993046 6.099654
v 2.639242 2.798382 6.162905
v 2.621214 2.884579 6.134897
v 2.569875 2.957653 6.111155
v 2.493041 3.006479 6.095289
v 2.402409 3.023624 6.089719
v 2.593287 3.192378 6.034887
v -6.256742 0.317787 7.007390
v -6.238714 0.231590 7.035398
v -6.187375 0.158516 7.059141
v -6.110541 0.109690 7.075006
v -6.019908 0.092545 7.080576
v -6.293350 0.310280 7.102758
v -6.275322 0.224087 7.130765
v -6.223983 0.151011 7.154507
v -6.147149 0.102186 7.170372
v -6.056517 0.085039 7.175942
v -5.931530 0.165286 7.018449
v -6.022162 0.182432 7.012878
v -6.098996 0.231257 6.997013
v -6.150335 0.304332 6.973271
v -6.168363 0.390529 6.945263
v 2.550862 0.317787 7.007390
v 2.568890 0.231590 7.035398
v 2.620229 0.158516 7.059141
v 2.697063 0.109690 7.075006
v 2.787696 0.092545 7.080576
v 2.514254 0.310280 7.102758
v 2.532282 0.224087 7.130765
v 2.583621 0.151011 7.154507
v 2.660455 0.102186 7.170372
v 2.751087 0.085039 7.175942
v 2.876075 0.165286 7.018449
v 2.785443 0.182432 7.012878
v 2.708609 0.231257 6.997013
v 2.657270 0.304332 6.973271
v 2.639242 0.390529 6.945263
v 6.953716 21.661785 0.072305
v 6.935688 21.747982 0.044298
v 6.884349 21.821056 0.020555
v 6.807515 21.869881 0.004690
v 6.990324 21.723911 0.145048
v 6.972297 21.810104 0.117041
v 6.920958 21.883183 0.093297
v 6.844123 21.932007 0.077432
v 6.753491 21.949154 0.071862
v 6.795970 21.725689 0.013049
v 6.847309 21.652615 0.036793
v 6.865337 21.566422 0.064799
v 6.628504 0.165286 7.018449
v 6.865337 0.390529 6.945263
v 6.847309 0.304332 6.973271
v 6.795970 0.231257 6.997013
v 6.719136 0.182432 7.012878
v 6.953716 0.317787 7.007390
v 6.935688 0.231590 7.035398
v 6.884349 0.158516 7.059141
v 6.807515 0.109690 7.075006
v 6.716883 0.092545 7.080576
v 6.753491 0.085039 7.175942
v 6.844123 0.102186 7.170372
v 6.920958 0.151011 7.154507
v 6.972297 0.224087 7.130765
v 6.990324 0.310280 7.102758
v -2.156292 0.165286 7.018449
v -1.919459 0.390529 6.945263
v -1.937487 0.304332 6.973271
v -1.988826 0.231257 6.997013
v -2.065660 0.182432 7.012878
v -1.831080 0.317787 7.007390
v -1.849108 0.231590 7.035398
v -1.900447 0.158516 7.059141
v -1.977281 0.109690 7.075006
v -2.067913 0.092545 7.080576
v -2.031305 0.085039 7.175942
v -1.940673 0.102186 7.170372
v -1.863839 0.151011 7.154507
v -1.812500 0.224087 7.130765
v -1.794472 0.310280 7.102758
v -1.594246 3.082767 6.557741
v -1.684879 3.065621 6.563312
v -1.761713 3.016796 6.579176
v -1.813052 2.943721 6.602921
v -1.831080 2.857525 6.630927
v -2.097627 3.141953 6.577003
v -1.919459 2.952890 6.638433
v -1.901431 3.039087 6.610426
v -1.850093 3.112161 6.586683
v -1.773258 3.160988 6.570818
v -1.682626 3.178133 6.565248
v -1.873783 3.345867 6.510747
v 2.819692 3.147556 6.575182
v 2.593287 3.346887 6.510416
v 2.402409 3.178133 6.565248
v 2.493041 3.160988 6.570818
v 2.569875 3.112161 6.586683
v 2.621214 3.039087 6.610426
v 2.639242 2.952890 6.638433
v 2.314029 3.082767 6.557741
v 2.404661 3.065621 6.563312
v 2.481495 3.016796 6.579176
v 2.532835 2.943721 6.602921
v 2.550862 2.857525 6.630927
v -1.557639 3.020640 6.485000
v -1.648271 3.003494 6.490571
v -1.725105 2.954668 6.506434
v -1.776444 2.881594 6.530178
v -1.794472 2.795398 6.558186
v 2.514254 2.795398 6.558186
v 2.496227 2.881594 6.530178
v 2.444888 2.954668 6.506434
v 2.368053 3.003494 6.490571
v 2.277421 3.020640 6.485000
v -5.931530 0.319795 7.493977
v -6.168363 0.545038 7.420792
v -6.150335 0.458840 7.448798
v -6.098996 0.385766 7.472541
v -6.022162 0.336941 7.488407
v -6.256742 0.449670 7.413287
v -6.238714 0.363474 7.441294
v -6.187375 0.290400 7.465036
v -6.110541 0.241575 7.480900
v -6.019908 0.224428 7.486473
v -6.056517 0.162302 7.413731
v -6.147149 0.179447 7.408159
v -6.223983 0.228272 7.392294
v -6.275322 0.301348 7.368552
v -6.293350 0.387542 7.340545
v -6.168363 21.720928 0.540329
v -5.931529 21.946171 0.467141
v -6.022161 21.929024 0.472713
v -6.098996 21.880199 0.488577
v -6.150335 21.807125 0.512321
v -6.019908 22.018909 0.405015
v -6.110541 22.001762 0.410587
v -6.187375 21.952938 0.426451
v -6.238714 21.879864 0.450195
v -6.256742 21.793667 0.478201
v -6.293350 21.801176 0.382834
v -6.275322 21.887367 0.354827
v -6.223983 21.960447 0.331084
v -6.147149 22.009270 0.315220
v -6.056517 22.026419 0.309648
v 2.876075 0.319795 7.493977
v 2.639242 0.545038 7.420792
v 2.657270 0.458840 7.448798
v 2.708609 0.385766 7.472541
v 2.785443 0.336941 7.488407
v 2.550862 0.449670 7.413287
v 2.568890 0.363474 7.441294
v 2.620229 0.290400 7.465036
v 2.697063 0.241575 7.480900
v 2.787696 0.224428 7.486473
v 2.751087 0.162302 7.413731
v 2.660455 0.179447 7.408159
v 2.583621 0.228272 7.392294
v 2.532282 0.301348 7.368552
v 2.514254 0.387542 7.340545
v 6.628503 21.946171 0.467141
v 6.865337 21.720928 0.540329
v 6.847309 21.807125 0.512321
v 6.795970 21.880199 0.488577
v 6.719136 21.929024 0.472713
v 6.953716 21.793667 0.478201
v 6.935688 21.879864 0.450195
v 6.884349 21.952938 0.426451
v 6.807515 22.001762 0.410587
v 6.716883 22.018909 0.405015
v 6.753491 22.026419 0.309648
v 6.844123 22.009270 0.315220
v 6.920958 21.960447 0.331084
v 6.972297 21.887367 0.354827
v 6.990324 21.801176 0.382834
v 6.628504 0.319795 7.493977
v 6.719136 0.336941 7.488407
v 6.795970 0.385766 7.472541
v 6.847309 0.458840 7.448798
v 6.865337 0.545038 7.420792
v 6.716883 0.224428 7.486473
v 6.807515 0.241575 7.480900
v 6.884349 0.290400 7.465036
v 6.935688 0.363474 7.441294
v 6.953716 0.449670 7.413287
v 6.990324 0.387542 7.340545
v 6.972297 0.301348 7.368552
v 6.920958 0.228272 7.392294
v 6.844123 0.179447 7.408159
v 6.753491 0.162302 7.413731
v -2.156292 0.319795 7.493977
v -2.065660 0.336941 7.488407
v -1.988826 0.385766 7.472541
v -1.937487 0.458840 7.448798
v -1.919459 0.545038 7.420792
v -2.067913 0.224428 7.486473
v -1.977281 0.241575 7.480900
v -1.900447 0.290400 7.465036
v -1.849108 0.363474 7.441294
v -1.831080 0.449670 7.413287
v -1.794472 0.387542 7.340545
v -1.812500 0.301348 7.368552
v -1.863839 0.228272 7.392294
v -1.940673 0.179447 7.408159
v -2.031305 0.162303 7.413730
v -1.896621 3.107491 6.062469
v -2.008543 3.005535 6.095597
v -1.919459 3.023624 6.089719
v 2.729467 3.008336 6.094687
v 2.616265 3.108002 6.062303
v 2.639242 3.023624 6.089719
v -2.008543 3.160043 6.571125
v -1.896621 3.262000 6.537998
v -1.919459 3.178133 6.565248
v 2.616265 3.262510 6.537832
v 2.729467 3.162844 6.570214
v 2.639242 3.178133 6.565248
v 2.156595 20.057362 0.686543
v 2.163877 20.064861 0.591177
v 2.181457 20.137608 0.529049
v -1.461674 20.137608 0.529049
v -1.444094 20.064861 0.591177
v -1.436813 20.057362 0.686543
v 2.181457 20.292114 1.004578
v 2.163877 20.196747 0.997071
v 2.156595 20.134621 0.924330
v -1.436813 20.134621 0.924330
v -1.444094 20.196747 0.997071
v -1.461674 20.292114 1.004578
v 2.639242 19.702229 0.670511
v 2.550862 19.696819 0.710762
v 2.514254 19.717205 0.797067
v 2.514254 17.882832 1.393089
v 2.550862 17.848598 1.311284
v 2.639242 17.820564 1.281902
v 2.181457 17.385185 1.423365
v 2.163877 17.480553 1.430869
v 2.156595 17.542681 1.503611
v -1.436813 17.542681 1.503611
v -1.444094 17.480553 1.430869
v -1.461674 17.385185 1.423365
v 2.156595 17.619942 1.741398
v 2.163877 17.612442 1.836764
v 2.181457 17.539694 1.898893
v -1.461674 17.539694 1.898893
v -1.444094 17.612442 1.836764
v -1.436813 17.619942 1.741398
v 2.514254 19.794468 1.034852
v 2.550862 19.828705 1.116657
v 2.639242 19.856735 1.146040
v 2.639242 17.975075 1.757429
v 2.550862 17.980480 1.717180
v 2.514254 17.960094 1.630876
v -1.794472 19.717205 0.797067
v -1.831080 19.696819 0.710762
v -1.919459 19.702229 0.670511
v -1.919459 17.820564 1.281902
v -1.831080 17.848598 1.311284
v -1.794472 17.882832 1.393089
v -1.919459 19.856735 1.146040
v -1.831080 19.828705 1.116657
v -1.794472 19.794468 1.034852
v -1.794472 17.960094 1.630876
v -1.831080 17.980480 1.717180
v -1.919459 17.975075 1.757429
v 2.409498 19.957729 0.718914
v 2.437517 19.957066 0.626202
v 2.505160 20.010086 0.570482
v 2.409498 20.034992 0.956701
v 2.437517 20.088951 1.032098
v 2.505160 20.164597 1.046011
v -1.689716 19.957729 0.718914
v -1.717734 19.957066 0.626202
v -1.785377 20.010086 0.570482
v -1.689716 20.034992 0.956701
v -1.717734 20.088951 1.032098
v -1.785377 20.164597 1.046011
v 2.409498 17.642311 1.471240
v 2.437517 17.588354 1.395844
v 2.505160 17.512707 1.381930
v 2.409498 17.719572 1.709028
v 2.437517 17.720234 1.801740
v 2.505160 17.667215 1.857459
v -1.689716 17.642311 1.471240
v -1.717734 17.588354 1.395844
v -1.785377 17.512707 1.381930
v -1.689716 17.719572 1.709028
v -1.717734 17.720234 1.801740
v -1.785377 17.667215 1.857459
v 6.865337 15.897543 2.432460
v 6.953716 15.886230 2.397644
v 6.990324 15.858919 2.313591
v 6.990324 15.781659 2.075802
v 6.953716 15.754347 1.991749
v 6.865337 15.743034 1.956932
v 6.221670 15.743034 1.956932
v 3.340742 15.743034 1.956932
v 2.514254 15.743034 1.956932
v -1.794472 15.743034 1.956932
v -2.504822 15.743034 1.956932
v -5.551337 15.743034 1.956932
v -6.168362 15.743034 1.956932
v -6.256742 15.754347 1.991749
v -6.293350 15.781659 2.075802
v -6.293350 15.858919 2.313591
v -6.256742 15.886230 2.397644
v -6.168363 15.897543 2.432460
v -5.551337 15.897543 2.432460
v -5.551337 15.776993 2.061443
v 6.221670 15.776993 2.061443
v 6.221670 15.897543 2.432460
v 6.953716 7.757752 5.038747
v 6.865337 7.769065 5.073563
v 6.221670 7.769065 5.073563
v 6.221670 7.648512 4.702547
v -5.551337 7.648512 4.702547
v -5.551337 7.769065 5.073563
v -6.168362 7.769065 5.073563
v -6.256742 7.757752 5.038747
v -6.293350 7.730441 4.954692
v -6.293350 7.653178 4.716905
v -6.256742 7.625869 4.632851
v -6.168363 7.614556 4.598034
v -5.551337 7.614556 4.598034
v -2.504822 7.614556 4.598034
v -1.794472 7.614556 4.598034
v 2.514254 7.614556 4.598034
v 3.340742 7.614556 4.598034
v 6.221670 7.614556 4.598034
v 6.865337 7.614556 4.598034
v 6.953716 7.625869 4.632851
v 6.990324 7.653178 4.716905
v 6.990324 7.730441 4.954693
v 5.678184 7.367711 5.203971
v 5.678184 6.909261 5.352930
v 5.678184 3.637110 6.416116
v 5.678184 3.059263 6.603869
v 5.678184 2.379642 6.824693
v 5.678184 0.770325 7.347592
v 5.678184 0.319795 7.493977
v 5.678184 0.224428 7.486473
v 5.678184 0.162302 7.413731
v 5.678184 0.085039 7.175942
v 5.678184 0.092545 7.080576
v 5.678184 0.165286 7.018449
v 5.678184 0.615816 6.872064
v 5.678184 2.225133 6.349164
v 5.678184 2.904755 6.128342
v 5.678184 3.482602 5.940588
v 5.678184 6.754752 4.877401
v 5.678184 7.213202 4.728442
v 5.678184 7.614556 4.598034
v 5.678184 15.743034 1.956932
v 5.678184 16.170033 1.818192
v 5.678184 16.923321 1.573433
v 5.678184 17.504061 1.384741
v 5.678184 20.018734 0.567672
v 5.678184 21.319431 0.145051
v 5.678184 21.949154 0.071862
v 5.678184 22.026419 0.309648
v 5.678184 22.018909 0.405015
v 5.678184 21.946171 0.467141
v 5.678184 21.473942 0.620578
v 5.678184 20.173244 1.043201
v 5.678184 17.658566 1.860269
v 5.678184 17.077827 2.048962
v 5.678184 16.324541 2.293720
v 5.678184 16.203991 1.922703
v 5.678184 7.247160 4.832954
v -4.910916 7.367711 5.203971
v -4.910916 6.909261 5.352930
v -4.910916 3.637110 6.416116
v -4.910916 3.059263 6.603869
v -4.910916 2.321122 6.843707
v -4.910916 0.758168 7.351542
v -4.910916 0.319795 7.493977
v -4.910916 0.224428 7.486473
v -4.910916 0.162302 7.413730
v -4.910916 0.085042 7.175942
v -4.910916 0.092545 7.080576
v -4.910916 0.165286 7.018449
v -4.910916 0.603659 6.876013
v -4.910916 2.166613 6.368177
v -4.910916 2.904755 6.128342
v -4.910916 3.482602 5.940588
v -4.910916 6.754752 4.877401
v -4.910916 7.213202 4.728442
v -4.910916 7.614556 4.598034
v -4.910916 15.743034 1.956932
v -4.910916 16.170033 1.818192
v -4.910916 16.923321 1.573433
v -4.910916 17.504061 1.384741
v -4.910916 20.018734 0.567672
v -4.910916 21.319431 0.145051
v -4.910916 21.949154 0.071862
v -4.910916 22.026419 0.309648
v -4.910916 22.018909 0.405015
v -4.910916 21.946171 0.467141
v -4.910916 21.473942 0.620578
v -4.910916 20.173244 1.043201
v -4.910916 17.658566 1.860269
v -4.910916 17.077827 2.048962
v -4.910916 16.324541 2.293720
v -4.910916 16.203991 1.922703
v -4.910916 7.247160 4.832954
v -5.551337 7.672283 4.775700
v -5.551337 7.270930 4.906109
v -4.910916 7.270930 4.906109
v -2.504822 7.270930 4.906109
v -1.794472 7.270930 4.906109
v 2.514254 7.270930 4.906109
v 3.340742 7.270930 4.906109
v 5.678185 7.270930 4.906109
v 6.221670 7.270930 4.906109
v 6.221670 7.672283 4.775700
v 6.221670 15.800762 2.134598
v 6.221670 16.227760 1.995857
v 5.678184 16.227760 1.995857
v 3.340742 16.227760 1.995857
v 2.514254 16.227760 1.995857
v -1.794472 16.227760 1.995857
v -2.504822 16.227760 1.995857
v -4.910916 16.227760 1.995857
v -5.551337 16.227760 1.995857
v -5.551337 15.800762 2.134598
v -5.551337 7.747451 5.007046
v -5.551337 7.346098 5.137452
v -4.910916 7.346098 5.137452
v -2.504822 7.346098 5.137452
v -1.794472 7.346098 5.137452
v 2.514254 7.346098 5.137452
v 3.340742 7.346098 5.137452
v 5.678184 7.346098 5.137452
v 6.221670 7.346098 5.137452
v 6.221670 7.747451 5.007046
v 6.221670 15.875930 2.365943
v 6.221670 16.302929 2.227203
v 5.678184 16.302929 2.227203
v 3.340742 16.302929 2.227203
v 2.514254 16.302929 2.227203
v -1.794472 16.302929 2.227203
v -2.504822 16.302929 2.227203
v -4.910916 16.302929 2.227203
v -5.551337 16.302929 2.227203
v -5.551337 15.875930 2.365943
v -2.504822 15.776993 2.061443
v -1.794472 15.776993 2.061443
v 2.514254 15.776993 2.061443
v 3.340742 15.776993 2.061443
v 3.340742 7.648512 4.702547
v 2.514254 7.648512 4.702547
v -1.794472 7.648512 4.702547
v -2.504822 7.648512 4.702547
v 5.678184 15.776993 2.061443
v 5.678184 7.648512 4.702547
v -4.910916 15.776992 2.061444
v -4.910916 7.648512 4.702547
v 3.340742 16.203991 1.922703
v 2.514254 16.203991 1.922703
v -1.794472 16.203991 1.922703
v 6.221670 16.203991 1.922703
v 5.678184 16.203991 1.922703
v 6.221670 15.776993 2.061443
v -2.504822 16.203991 1.922703
v -4.910916 16.203991 1.922703
v -4.910916 7.247160 4.832954
v -2.504822 7.247160 4.832954
v -1.794472 7.247160 4.832954
v 2.514254 7.247160 4.832954
v 3.340742 7.247160 4.832954
v 5.678184 7.247160 4.832954
v 6.221670 7.247160 4.832954
v 6.221670 7.648512 4.702547
v -5.551337 16.203991 1.922703
v -5.551337 15.776993 2.061443
v -5.551337 7.648512 4.702547
v -5.551337 7.247160 4.832954
v -5.551337 21.887785 -0.000000
v -2.504822 21.887785 0.000000
v 2.514254 21.887785 -0.000000
v -1.794472 21.887785 0.000000
v 3.340741 21.887785 -0.000000
v 6.221670 21.887785 -0.000000
v 2.514254 21.765850 0.000000
v 3.340741 21.765848 -0.000000
v -1.794472 21.765850 0.000000
v -5.551337 21.765848 0.000000
v 6.221670 21.765850 0.000000
v -2.504822 21.765850 0.000000
v -6.020352 21.887785 -0.000000
v -6.055316 21.810291 0.000000
v -6.035799 21.765850 0.000000
v -6.034246 21.884319 -0.000000
v 6.717327 21.887785 -0.000000
v 6.731221 21.884319 -0.000000
v 6.752290 21.810291 -0.000000
v 6.732773 21.765852 0.000000
v 5.678184 21.765850 -0.000000
v 5.678184 21.887785 -0.000000
v -4.910916 21.765850 0.000000
v -4.910916 21.887785 0.000000
v 0.561538 3.633047 -6.303041
v 0.589204 3.635824 -6.289949
v 0.600866 3.614737 -6.308967
v 0.602325 3.611716 -6.340594
v 0.573534 3.618112 -6.338637
v 0.550647 3.635870 -6.332745
v 0.939263 3.647417 -6.298047
v 0.954555 3.657892 -6.323412
v 0.958803 3.627147 -6.332479
v 0.933126 3.610688 -6.337111
v 0.924534 3.615152 -6.308083
v 0.902219 3.641297 -6.288171
v 0.561538 3.733130 -6.611061
v 0.550647 3.717952 -6.585369
v 0.573643 3.700044 -6.590803
v 0.602730 3.693640 -6.592730
v 0.601133 3.714765 -6.616869
v 0.589204 3.743070 -6.620020
v 0.939263 3.747691 -6.606655
v 0.902220 3.748543 -6.618240
v 0.922886 3.715793 -6.617049
v 0.930613 3.694530 -6.595157
v 0.957934 3.710802 -6.589952
v 0.954555 3.741255 -6.579975
v 0.332050 3.945350 -6.542112
v 0.332436 3.918410 -6.521451
v 0.360271 3.931794 -6.517540
v 0.387933 3.919167 -6.521877
v 0.388485 3.945828 -6.542162
v 0.389264 3.993100 -6.538779
v 0.360411 4.006705 -6.534359
v 0.331557 3.993100 -6.538779
v 0.332114 4.419614 -6.388196
v 0.331219 4.376673 -6.414151
v 0.360374 4.389132 -6.410101
v 0.390366 4.374077 -6.414992
v 0.389090 4.418820 -6.388474
v 0.387983 4.430337 -6.355715
v 0.360411 4.443119 -6.351554
v 0.332839 4.430337 -6.355715
v 0.332050 3.845264 -6.234079
v 0.331557 3.885853 -6.208709
v 0.360706 3.899781 -6.204184
v 0.389690 3.886266 -6.208575
v 0.388990 3.845361 -6.234052
v 0.388386 3.835615 -6.266632
v 0.360411 3.848671 -6.262309
v 0.332436 3.835615 -6.266632
v 0.332114 4.319423 -6.079835
v 0.332839 4.347189 -6.099812
v 0.360146 4.360110 -6.094969
v 0.387127 4.347857 -6.098322
v 0.388176 4.320094 -6.079249
v 0.389602 4.269426 -6.084079
v 0.360411 4.283022 -6.079661
v 0.331219 4.269426 -6.084079
v 0.159284 3.633047 -6.303041
v 0.170174 3.635870 -6.332745
v 0.147179 3.618183 -6.338861
v 0.118092 3.611875 -6.341082
v 0.119689 3.614776 -6.309136
v 0.131617 3.635824 -6.289949
v -0.218442 3.647417 -6.298047
v -0.181398 3.641297 -6.288171
v -0.202055 3.615495 -6.308390
v -0.209792 3.611168 -6.338594
v -0.237113 3.627391 -6.333240
v -0.233734 3.657892 -6.323412
v 0.159284 3.733130 -6.611061
v 0.131617 3.743070 -6.620020
v 0.119942 3.714843 -6.617029
v 0.118496 3.693799 -6.593218
v 0.147287 3.700123 -6.591041
v 0.170174 3.717952 -6.585369
v -0.218442 3.747691 -6.606655
v -0.233734 3.741255 -6.579975
v -0.237981 3.711056 -6.590723
v -0.212305 3.695013 -6.596639
v -0.203712 3.715688 -6.617501
v -0.181398 3.748543 -6.618240
v 4.880676 0.768339 -7.231876
v 4.908329 0.771184 -7.218780
v 4.920176 0.750178 -7.237744
v 4.921594 0.747093 -7.269422
v 4.892797 0.753410 -7.267441
v 4.869807 0.771047 -7.261639
v 5.336179 0.782970 -7.226809
v 5.351483 0.793482 -7.252164
v 5.355769 0.762742 -7.261240
v 5.330108 0.746261 -7.265866
v 5.321508 0.750742 -7.236833
v 5.299107 0.776866 -7.216933
v 4.880676 0.869575 -7.543450
v 4.869807 0.854272 -7.517780
v 4.892905 0.836518 -7.523224
v 4.922000 0.830160 -7.525073
v 4.920432 0.851356 -7.549216
v 4.908329 0.879575 -7.552373
v 5.336179 0.884390 -7.538950
v 5.299107 0.885258 -7.550528
v 5.319849 0.852523 -7.549332
v 5.327587 0.831251 -7.527445
v 5.354898 0.847536 -7.522218
v 5.351483 0.877991 -7.512258
v 0.303668 6.354188 -5.761377
v 0.304046 6.327423 -5.740644
v 0.331896 6.340644 -5.736680
v 0.359578 6.328151 -5.741064
v 0.360122 6.354646 -5.761426
v 0.360876 6.401505 -5.758190
v 0.332033 6.414865 -5.753848
v 0.303189 6.401505 -5.758190
v 0.303736 6.922843 -5.576793
v 0.302844 6.879992 -5.602720
v 0.332006 6.892388 -5.598692
v 0.361981 6.877412 -5.603558
v 0.360706 6.922053 -5.577070
v 0.359608 6.933527 -5.544321
v 0.332033 6.946290 -5.540173
v 0.304457 6.933527 -5.544321
v 0.303668 6.252959 -5.449829
v 0.303189 6.293115 -5.424594
v 0.332304 6.306771 -5.420158
v 0.361291 6.293517 -5.424465
v 0.360608 6.253055 -5.449802
v 0.360019 6.243493 -5.482335
v 0.332033 6.256450 -5.478121
v 0.304046 6.243493 -5.482335
v 0.303736 6.821507 -5.264913
v 0.304457 6.849237 -5.284904
v 0.331769 6.862137 -5.280076
v 0.358756 6.849897 -5.283422
v 0.359803 6.822172 -5.264330
v 0.361221 6.771599 -5.269125
v 0.332033 6.785116 -5.264733
v 0.302844 6.771599 -5.269125
v 6.172169 6.009911 -5.528010
v 6.174207 6.059697 -5.500437
v 6.207487 6.020540 -5.524492
v 6.221598 6.010943 -5.555212
v 6.202397 5.985968 -5.563086
v 6.171653 5.995978 -5.560073
v 6.194596 6.247858 -5.451003
v 6.205189 6.266132 -5.476295
v 6.217372 6.240916 -5.484982
v 6.221537 6.213215 -5.494149
v 6.207015 6.205914 -5.464690
v 6.183338 6.218750 -5.448757
v 6.172169 6.111603 -5.840988
v 6.171653 6.081486 -5.823237
v 6.202222 6.069903 -5.829003
v 6.221600 6.090318 -5.823707
v 6.207867 6.117349 -5.840025
v 6.174207 6.168090 -5.834031
v 6.194596 6.349372 -5.763426
v 6.183338 6.327142 -5.782352
v 6.206989 6.307757 -5.777128
v 6.221537 6.296618 -5.749337
v 6.217373 6.323964 -5.740209
v 6.205189 6.349289 -5.732224
v 5.550662 6.952914 -5.539762
v 5.552701 6.923422 -5.549152
v 5.567558 6.932918 -5.573965
v 5.603647 6.938322 -5.583768
v 5.584390 6.963962 -5.563910
v 5.577131 6.968229 -5.534594
v 5.780686 6.960757 -5.533041
v 5.751568 6.967769 -5.530936
v 5.753037 6.965089 -5.562657
v 5.763707 6.943704 -5.582018
v 5.791587 6.945478 -5.568973
v 5.802731 6.941405 -5.539502
v 5.568461 6.830507 -5.261919
v 5.553871 6.837045 -5.288725
v 5.551060 6.867273 -5.278037
v 5.577131 6.883030 -5.272377
v 5.584390 6.862346 -5.251166
v 5.603647 6.829928 -5.250173
v 5.791441 6.844542 -5.257729
v 5.763707 6.835312 -5.248424
v 5.753271 6.863923 -5.251372
v 5.751948 6.884662 -5.275157
v 5.780734 6.877822 -5.277523
v 5.802525 6.858600 -5.283626
v 6.172157 3.855157 -6.228178
v 6.174379 3.903123 -6.201150
v 6.207238 3.865926 -6.224609
v 6.221259 3.857244 -6.255126
v 6.202051 3.832293 -6.263077
v 6.171210 3.842016 -6.260074
v 6.195135 4.174109 -6.124833
v 6.205408 4.192523 -6.150040
v 6.218282 4.167584 -6.158580
v 6.222610 4.139870 -6.167798
v 6.208367 4.132574 -6.138448
v 6.184467 4.144933 -6.122582
v 6.172157 3.956823 -6.541072
v 6.171210 3.927444 -6.522992
v 6.201901 3.916161 -6.528492
v 6.221228 3.936983 -6.523094
v 6.207602 3.963063 -6.539919
v 6.174379 4.011514 -6.534745
v 6.195135 4.275606 -6.437204
v 6.184467 4.253325 -6.456176
v 6.208342 4.234359 -6.450722
v 6.222612 4.223278 -6.423018
v 6.218281 4.250681 -6.413942
v 6.205408 4.275686 -6.405988
v 3.899652 6.955714 -5.538963
v 3.901949 6.926286 -5.548389
v 3.917110 6.935667 -5.573122
v 3.953943 6.940642 -5.583014
v 3.933821 6.966583 -5.563104
v 3.926134 6.970971 -5.533869
v 4.223417 6.961942 -5.532667
v 4.194322 6.968838 -5.530544
v 4.195760 6.966031 -5.562388
v 4.206937 6.944765 -5.581675
v 4.234829 6.946741 -5.568614
v 4.245926 6.943138 -5.538893
v 3.918110 6.833161 -5.261022
v 3.903238 6.839723 -5.287773
v 3.900096 6.869972 -5.277077
v 3.926134 6.885674 -5.271351
v 3.933821 6.864941 -5.250279
v 3.953943 6.832251 -5.249421
v 4.234670 6.845773 -5.257267
v 4.206937 6.836373 -5.248079
v 4.196004 6.864837 -5.251030
v 4.194715 6.885748 -5.274827
v 4.223463 6.879000 -5.277120
v 4.245701 6.860356 -5.283077
v 6.173181 4.976190 -5.863939
v 6.175315 5.023790 -5.837023
v 6.208323 4.987168 -5.860304
v 6.222411 4.978738 -5.890759
v 6.203342 4.953677 -5.898700
v 6.172428 4.963200 -5.895808
v 6.194901 5.233212 -5.780746
v 6.205013 5.251659 -5.805905
v 6.218009 5.226779 -5.814460
v 6.222463 5.199080 -5.823640
v 6.208213 5.191725 -5.794310
v 6.184238 5.203980 -5.778476
v 6.173181 5.077851 -6.176821
v 6.172428 5.048610 -6.158674
v 6.203209 5.037575 -6.164139
v 6.222410 5.058552 -6.158619
v 6.208710 5.084373 -6.175568
v 6.175315 5.132182 -6.170618
v 6.194901 5.334688 -6.093052
v 6.184238 5.312372 -6.112071
v 6.208186 5.293509 -6.106582
v 6.222463 5.282487 -6.078859
v 6.218008 5.309848 -6.069753
v 6.205013 5.334823 -6.061854
v 4.726819 6.952120 -5.540212
v 4.729331 6.922704 -5.549593
v 4.744564 6.932048 -5.574305
v 4.781576 6.937170 -5.584141
v 4.761075 6.963085 -5.564250
v 4.753222 6.967474 -5.535047
v 4.991242 6.959349 -5.533474
v 4.962126 6.966156 -5.531413
v 4.963604 6.963347 -5.563261
v 4.974886 6.942123 -5.582532
v 5.002760 6.944251 -5.569412
v 5.013835 6.940644 -5.539702
v 4.745595 6.829527 -5.262202
v 4.730659 6.836102 -5.288929
v 4.727277 6.866329 -5.278196
v 4.753222 6.882153 -5.272454
v 4.761075 6.861436 -5.251407
v 4.781576 6.828779 -5.250547
v 5.002600 6.843289 -5.258085
v 4.974886 6.833732 -5.248938
v 4.963849 6.862156 -5.251900
v 4.962519 6.883068 -5.275698
v 4.991288 6.876423 -5.277986
v 5.013608 6.857862 -5.283888
v 6.172102 0.822224 -7.213667
v 6.174267 0.868872 -7.187039
v 6.207025 0.833267 -7.210011
v 6.221047 0.825311 -7.240364
v 6.201959 0.800288 -7.248375
v 6.171000 0.809653 -7.245452
v 6.194506 1.216433 -7.085856
v 6.204581 1.234946 -7.111011
v 6.217884 1.210189 -7.119461
v 6.222392 1.182484 -7.128699
v 6.208276 1.175148 -7.099418
v 6.184210 1.187192 -7.083610
v 6.172102 0.923873 -7.526509
v 6.171000 0.895020 -7.508183
v 6.201834 0.884131 -7.513456
v 6.221024 0.905311 -7.507939
v 6.207398 0.930644 -7.525156
v 6.174267 0.977263 -7.520633
v 6.194506 1.317920 -7.398201
v 6.184210 1.295583 -7.417204
v 6.208250 1.276904 -7.411611
v 6.222393 1.265895 -7.383934
v 6.217883 1.293310 -7.374894
v 6.204581 1.318112 -7.366969
v 1.457196 6.952353 -5.540125
v 1.459872 6.922981 -5.549562
v 1.475210 6.932390 -5.574217
v 1.512486 6.937383 -5.584071
v 1.491600 6.963353 -5.564179
v 1.483562 6.967766 -5.535010
v 1.861789 6.959644 -5.533420
v 1.832658 6.966318 -5.531344
v 1.834160 6.963461 -5.563241
v 1.845710 6.942314 -5.582471
v 1.873569 6.944542 -5.569354
v 1.884608 6.941206 -5.539504
v 1.476279 6.829833 -5.262083
v 1.461249 6.836318 -5.288829
v 1.457674 6.866555 -5.278134
v 1.483563 6.882410 -5.272311
v 1.491600 6.861695 -5.251306
v 1.512486 6.828992 -5.250477
v 1.873402 6.843557 -5.257957
v 1.845710 6.833921 -5.248877
v 1.834409 6.862256 -5.251847
v 1.833056 6.883237 -5.275651
v 1.861832 6.876696 -5.277856
v 1.884373 6.858431 -5.283713
v 6.173683 2.438382 -6.688523
v 6.175713 2.486001 -6.661602
v 6.208643 2.449302 -6.684907
v 6.222707 2.440845 -6.715371
v 6.203591 2.415839 -6.723368
v 6.172695 2.425394 -6.720391
v 6.195620 2.818646 -6.565247
v 6.205808 2.837131 -6.590431
v 6.218940 2.812304 -6.598912
v 6.223417 2.784603 -6.608146
v 6.209230 2.777259 -6.578836
v 6.185215 2.789420 -6.563014
v 6.173683 2.540043 -7.001405
v 6.172695 2.510805 -6.983258
v 6.203454 2.499686 -6.988654
v 6.222693 2.520656 -6.983234
v 6.209021 2.546504 -7.000172
v 6.175713 2.594392 -6.995195
v 6.195620 2.920144 -6.877625
v 6.185215 2.897811 -6.896608
v 6.209204 2.879030 -6.891072
v 6.223418 2.868012 -6.863372
v 6.218939 2.895418 -6.854328
v 6.205808 2.920296 -6.846384
v 2.785078 6.954007 -5.539508
v 2.787562 6.924602 -5.548947
v 2.802734 6.934076 -5.573644
v 2.839602 6.939201 -5.583481
v 2.819257 6.965054 -5.563602
v 2.811470 6.969407 -5.534387
v 3.150541 6.961943 -5.532675
v 3.121404 6.968642 -5.530600
v 3.122917 6.965821 -5.562463
v 3.134341 6.944644 -5.581714
v 3.162197 6.946815 -5.568603
v 3.173248 6.943365 -5.538814
v 2.803746 6.831570 -5.261534
v 2.788869 6.838034 -5.288316
v 2.785529 6.868274 -5.277637
v 2.811470 6.884105 -5.271851
v 2.819257 6.863411 -5.250774
v 2.839602 6.830812 -5.249887
v 3.162034 6.845839 -5.257234
v 3.134341 6.836252 -5.248119
v 3.123163 6.864624 -5.251091
v 3.121799 6.885558 -5.274893
v 3.150586 6.878996 -5.277111
v 3.173018 6.860586 -5.283007
v -4.216611 0.768339 -7.231876
v -4.205742 0.771047 -7.261639
v -4.228840 0.753483 -7.267669
v -4.257935 0.747254 -7.269913
v -4.256367 0.750209 -7.237920
v -4.244265 0.771184 -7.218780
v -4.672114 0.782970 -7.226809
v -4.635042 0.776866 -7.216933
v -4.655783 0.751085 -7.237141
v -4.663522 0.746741 -7.267351
v -4.690833 0.762989 -7.262008
v -4.687418 0.793482 -7.252164
v -4.216611 0.869575 -7.543450
v -4.244265 0.879575 -7.552373
v -4.256112 0.851434 -7.549379
v -4.257529 0.830319 -7.525563
v -4.228732 0.836593 -7.523452
v -4.205742 0.854272 -7.517780
v -4.672114 0.884390 -7.538950
v -4.687418 0.877991 -7.512258
v -4.691704 0.847788 -7.522985
v -4.666043 0.831735 -7.528930
v -4.657443 0.852425 -7.549783
v -4.635042 0.885258 -7.550528
v -5.508104 6.009911 -5.528010
v -5.507588 5.995978 -5.560073
v -5.538157 5.983216 -5.562206
v -5.557535 6.002848 -5.554502
v -5.543802 6.015125 -5.525412
v -5.510142 6.059697 -5.500437
v -5.530531 6.247858 -5.451003
v -5.519273 6.218750 -5.448757
v -5.542924 6.206139 -5.464377
v -5.557472 6.213461 -5.493408
v -5.553308 6.240952 -5.484726
v -5.541124 6.266132 -5.476295
v -5.508104 6.111603 -5.840988
v -5.510142 6.168090 -5.834031
v -5.543422 6.122270 -5.837586
v -5.557533 6.096450 -5.818375
v -5.538332 6.071610 -5.826673
v -5.507588 6.081486 -5.823237
v -5.530531 6.349372 -5.763426
v -5.541124 6.349289 -5.732224
v -5.553308 6.323785 -5.740021
v -5.557472 6.295983 -5.748884
v -5.542950 6.307392 -5.777008
v -5.519273 6.327142 -5.782352
v -4.886597 6.952914 -5.539762
v -4.913066 6.968229 -5.534594
v -4.920252 6.963969 -5.563898
v -4.939582 6.938322 -5.583768
v -4.903493 6.932918 -5.573965
v -4.888637 6.923422 -5.549152
v -5.116621 6.960757 -5.533041
v -5.138666 6.941405 -5.539502
v -5.127522 6.945478 -5.568973
v -5.099642 6.943704 -5.582018
v -5.088985 6.965087 -5.562660
v -5.087503 6.967769 -5.530936
v -4.904397 6.830507 -5.261919
v -4.939582 6.829928 -5.250173
v -4.921562 6.862291 -5.251555
v -4.915107 6.883451 -5.273647
v -4.887693 6.867496 -5.278718
v -4.889806 6.837045 -5.288725
v -5.127376 6.844542 -5.257729
v -5.138460 6.858600 -5.283626
v -5.116568 6.877886 -5.277713
v -5.087503 6.884807 -5.275606
v -5.088985 6.863992 -5.251517
v -5.099642 6.835312 -5.248424
v -5.508092 3.855157 -6.228178
v -5.507145 3.842016 -6.260074
v -5.537836 3.829654 -6.262251
v -5.557163 3.849674 -6.254383
v -5.543537 3.860884 -6.225443
v -5.510314 3.903123 -6.201150
v -5.531070 4.174109 -6.124833
v -5.520402 4.144933 -6.122582
v -5.544277 4.132795 -6.138143
v -5.558547 4.140115 -6.167069
v -5.554216 4.167619 -6.158303
v -5.541343 4.192523 -6.150040
v -5.508092 3.956823 -6.541072
v -5.510314 4.011514 -6.534745
v -5.543173 3.967633 -6.537630
v -5.557194 3.942671 -6.518045
v -5.537986 3.917812 -6.526275
v -5.507145 3.927444 -6.522992
v -5.531070 4.275606 -6.437204
v -5.541343 4.275686 -6.405988
v -5.554217 4.250492 -6.413739
v -5.558546 4.222651 -6.422571
v -5.544302 4.233999 -6.450604
v -5.520402 4.253325 -6.456176
v -3.235587 6.955714 -5.538963
v -3.262069 6.970971 -5.533869
v -3.269677 6.966590 -5.563090
v -3.289878 6.940642 -5.583014
v -3.253045 6.935667 -5.573122
v -3.237884 6.926286 -5.548389
v -3.559352 6.961942 -5.532667
v -3.581861 6.943138 -5.538893
v -3.570764 6.946741 -5.568614
v -3.542871 6.944765 -5.581675
v -3.531709 6.966029 -5.562391
v -3.530257 6.968838 -5.530544
v -3.254045 6.833161 -5.261022
v -3.289878 6.832251 -5.249421
v -3.271106 6.864866 -5.250696
v -3.264276 6.886105 -5.272702
v -3.236789 6.870199 -5.277784
v -3.239173 6.839723 -5.287773
v -3.570605 6.845775 -5.257267
v -3.581636 6.860356 -5.283077
v -3.559293 6.879068 -5.277329
v -3.530257 6.885901 -5.275295
v -3.531709 6.864910 -5.251182
v -3.542871 6.836373 -5.248079
v -5.509116 4.976190 -5.863939
v -5.508363 4.963200 -5.895808
v -5.539145 4.951058 -5.897867
v -5.558345 4.971275 -5.890009
v -5.544645 4.982203 -5.861120
v -5.511250 5.023790 -5.837023
v -5.530836 5.233212 -5.780746
v -5.520173 5.203980 -5.778476
v -5.544121 5.191946 -5.794004
v -5.558398 5.199325 -5.822911
v -5.553943 5.226813 -5.814197
v -5.540948 5.251659 -5.805905
v -5.509116 5.077851 -6.176821
v -5.511250 5.132182 -6.170618
v -5.544259 5.088870 -6.173308
v -5.558346 5.064148 -6.153625
v -5.539278 5.039205 -6.161925
v -5.508363 5.048610 -6.158674
v -5.530836 5.334688 -6.093052
v -5.540948 5.334823 -6.061854
v -5.553944 5.309666 -6.069562
v -5.558398 5.281860 -6.078413
v -5.544148 5.293150 -6.106464
v -5.520173 5.312372 -6.112071
v -4.062754 6.952120 -5.540212
v -4.089158 6.967474 -5.535047
v -4.096929 6.963092 -5.564238
v -4.117511 6.937170 -5.584141
v -4.080499 6.932048 -5.574305
v -4.065266 6.922704 -5.549593
v -4.327178 6.959349 -5.533474
v -4.349770 6.940644 -5.539702
v -4.338696 6.944251 -5.569412
v -4.310822 6.942123 -5.582532
v -4.299553 6.963346 -5.563264
v -4.298061 6.966156 -5.531413
v -4.081530 6.829527 -5.262202
v -4.117511 6.828779 -5.250547
v -4.098389 6.861366 -5.251828
v -4.091407 6.882596 -5.273822
v -4.063985 6.866565 -5.278921
v -4.066595 6.836102 -5.288929
v -4.338535 6.843289 -5.258085
v -4.349543 6.857862 -5.283888
v -4.327118 6.876490 -5.278190
v -4.298061 6.883221 -5.276169
v -4.299553 6.862226 -5.252051
v -4.310822 6.833732 -5.248938
v -5.508044 0.822030 -7.213731
v -5.506933 0.809504 -7.245508
v -5.537778 0.797628 -7.247635
v -5.556958 0.818033 -7.239644
v -5.543334 0.828344 -7.210835
v -5.510214 0.868575 -7.187135
v -5.530423 1.216411 -7.085865
v -5.520144 1.187165 -7.083618
v -5.544193 1.175360 -7.099118
v -5.558328 1.182723 -7.127978
v -5.553808 1.210215 -7.119177
v -5.540482 1.234929 -7.111015
v -5.508044 0.923678 -7.526572
v -5.510214 0.976966 -7.520729
v -5.542961 0.934779 -7.523031
v -5.556982 0.910554 -7.503129
v -5.537901 0.885595 -7.511354
v -5.506933 0.894866 -7.508226
v -5.530423 1.317896 -7.398204
v -5.540482 1.318095 -7.366974
v -5.553809 1.293110 -7.374684
v -5.558327 1.265267 -7.383495
v -5.544219 1.276540 -7.411495
v -5.520144 1.295557 -7.417213
v -0.781580 6.952350 -5.540136
v -0.807940 6.967767 -5.535018
v -0.815923 6.963358 -5.564169
v -0.836957 6.937374 -5.584075
v -0.799639 6.932384 -5.574221
v -0.784282 6.922983 -5.549571
v -1.186124 6.959652 -5.533416
v -1.208960 6.941236 -5.539493
v -1.197924 6.944559 -5.569350
v -1.170066 6.942316 -5.582470
v -1.158510 6.963454 -5.563245
v -1.156992 6.966317 -5.531344
v -0.800713 6.829823 -5.262085
v -0.836957 6.828982 -5.250482
v -0.817434 6.861618 -5.251736
v -0.810259 6.882859 -5.273702
v -0.782859 6.866780 -5.278857
v -0.785668 6.836308 -5.288827
v -1.197757 6.843573 -5.257951
v -1.208724 6.858462 -5.283703
v -1.186061 6.876777 -5.278073
v -1.156992 6.883392 -5.276130
v -1.158510 6.862326 -5.252004
v -1.170066 6.833924 -5.248876
v -5.509635 2.437835 -6.688709
v -5.508626 2.424973 -6.720549
v -5.539414 2.412897 -6.722701
v -5.558628 2.433127 -6.714748
v -5.544961 2.443900 -6.685876
v -5.511683 2.485160 -6.661875
v -5.531504 2.818584 -6.565274
v -5.521147 2.789347 -6.563038
v -5.545162 2.777458 -6.578548
v -5.559353 2.784831 -6.607424
v -5.554848 2.812320 -6.598631
v -5.541646 2.837083 -6.590446
v -5.509635 2.539493 -7.001578
v -5.511683 2.593552 -6.995470
v -5.544582 2.550506 -6.998067
v -5.558641 2.525907 -6.978328
v -5.539546 2.500960 -6.986559
v -5.508626 2.510371 -6.983377
v -5.531504 2.920078 -6.877638
v -5.541646 2.920249 -6.846400
v -5.554849 2.895210 -6.854124
v -5.559352 2.867373 -6.862935
v -5.545188 2.878648 -6.890957
v -5.521147 2.897739 -6.896633
v -2.097953 6.954000 -5.539538
v -2.124328 6.969415 -5.534410
v -2.132113 6.965057 -5.563597
v -2.152710 6.939178 -5.583490
v -2.115729 6.934063 -5.573655
v -2.100511 6.924601 -5.548971
v -2.463285 6.961968 -5.532663
v -2.486041 6.943449 -5.538782
v -2.474998 6.946860 -5.568590
v -2.447145 6.944648 -5.581712
v -2.435676 6.965808 -5.562472
v -2.434144 6.968640 -5.530597
v -2.116757 6.831542 -5.261539
v -2.152710 6.830786 -5.249896
v -2.133569 6.863333 -5.251189
v -2.126571 6.884544 -5.273192
v -2.099182 6.868475 -5.278337
v -2.101838 6.838009 -5.288312
v -2.474833 6.845883 -5.257215
v -2.485809 6.860672 -5.282980
v -2.463223 6.879091 -5.277320
v -2.434144 6.885712 -5.275368
v -2.435676 6.864682 -5.251245
v -2.447145 6.836257 -5.248117
v 1.541270 3.632695 -6.303115
v 1.568900 3.635783 -6.289962
v 1.581051 3.614869 -6.308872
v 1.582500 3.611718 -6.340606
v 1.553700 3.617903 -6.338680
v 1.530455 3.635188 -6.332980
v 1.977521 3.647664 -6.297920
v 1.993355 3.658060 -6.323204
v 1.998570 3.627334 -6.332178
v 1.973213 3.610598 -6.336834
v 1.963673 3.615205 -6.307980
v 1.939183 3.641605 -6.288072
v 1.541270 3.732800 -6.611207
v 1.530455 3.717263 -6.585581
v 1.553809 3.699852 -6.590898
v 1.582911 3.693631 -6.592707
v 1.581313 3.714916 -6.616863
v 1.568900 3.743029 -6.620033
v 1.977521 3.747964 -6.606611
v 1.939183 3.748852 -6.618142
v 1.961765 3.715908 -6.617058
v 1.970361 3.694577 -6.595296
v 1.997580 3.711103 -6.590009
v 1.993355 3.741513 -6.580045
v 0.332036 5.073405 -6.175568
v 0.332394 5.047077 -6.154663
v 0.360285 5.059958 -6.150798
v 0.388016 5.047736 -6.155060
v 0.388531 5.073818 -6.175619
v 0.389228 5.119651 -6.172742
v 0.360411 5.132670 -6.168511
v 0.331594 5.119651 -6.172742
v 0.332731 5.550330 -6.020072
v 0.331451 5.509364 -6.046116
v 0.360378 5.521483 -6.042179
v 0.389901 5.507651 -6.046673
v 0.388359 5.549806 -6.020257
v 0.387029 5.559792 -5.986209
v 0.360411 5.571585 -5.982359
v 0.333792 5.559792 -5.986209
v 0.332036 4.973330 -5.867568
v 0.331594 5.012404 -5.842670
v 0.360671 5.025702 -5.838349
v 0.389616 5.012779 -5.842549
v 0.388986 4.973418 -5.867542
v 0.388427 4.964318 -5.899956
v 0.360411 4.976954 -5.895839
v 0.332394 4.964318 -5.899956
v 0.332731 5.450567 -5.713037
v 0.333792 5.478127 -5.734870
v 0.360251 5.489986 -5.730604
v 0.386507 5.478467 -5.733905
v 0.387765 5.450943 -5.712667
v 0.389370 5.402118 -5.716044
v 0.360411 5.414978 -5.711865
v 0.331451 5.402118 -5.716044
v -0.820448 3.632695 -6.303115
v -0.809634 3.635188 -6.332980
v -0.832988 3.617976 -6.338910
v -0.862089 3.611880 -6.341105
v -0.860492 3.614902 -6.309051
v -0.848078 3.635783 -6.289962
v -1.256700 3.647664 -6.297920
v -1.218361 3.641605 -6.288072
v -1.240941 3.615588 -6.308312
v -1.249540 3.611124 -6.338454
v -1.276758 3.627601 -6.333017
v -1.272534 3.658060 -6.323204
v -0.820448 3.732800 -6.611207
v -0.848078 3.743029 -6.620033
v -0.860232 3.714997 -6.617027
v -0.861678 3.693793 -6.593207
v -0.832879 3.699928 -6.591127
v -0.809634 3.717263 -6.585581
v -1.256700 3.747964 -6.606611
v -1.272534 3.741513 -6.580045
v -1.277749 3.711381 -6.590848
v -1.252392 3.695104 -6.596917
v -1.242851 3.715791 -6.617552
v -1.218362 3.748852 -6.618142
v 0.577049 3.617509 -6.313653
v 0.948856 3.624871 -6.310256
v 0.577158 3.714271 -6.611501
v 0.948084 3.722302 -6.609700
v 0.360331 3.958754 -6.537877
v 0.360439 4.432367 -6.384053
v 0.360550 3.858589 -6.229742
v 0.360256 4.332708 -6.075337
v 0.143662 3.617530 -6.313762
v -0.227260 3.625084 -6.310505
v 0.143767 3.714327 -6.611609
v -0.228035 3.722275 -6.610034
v 4.896290 0.752870 -7.242449
v 5.345817 0.760460 -7.239011
v 4.896394 0.850793 -7.543885
v 5.345040 0.859032 -7.541980
v 0.331955 6.367451 -5.757166
v 0.332063 6.935558 -5.572665
v 0.332159 6.266151 -5.445546
v 0.331881 6.834749 -5.260430
v 6.197496 5.993864 -5.538110
v 6.208423 6.230894 -5.462129
v 6.197607 6.090726 -5.843546
v 6.208395 6.329273 -5.764476
v 5.559940 6.954907 -5.561800
v 5.777046 6.961794 -5.558028
v 5.560371 6.855922 -5.258593
v 5.777078 6.864031 -5.256963
v 6.197252 3.839740 -6.238111
v 6.209548 4.157452 -6.135890
v 6.197379 3.936631 -6.543337
v 6.209523 4.255794 -6.438135
v 3.909153 6.957659 -5.560958
v 4.219799 6.962818 -5.557761
v 3.909633 6.858609 -5.257677
v 4.219829 6.865016 -5.256569
v 6.198452 4.961000 -5.873791
v 6.209308 5.216642 -5.791764
v 6.198594 5.057920 -6.179007
v 6.209280 5.314970 -6.093957
v 4.736391 6.954061 -5.562156
v 4.987659 6.960227 -5.558586
v 4.736885 6.854990 -5.258831
v 4.987689 6.862434 -5.257422
v 6.197162 0.807378 -7.223440
v 6.209260 1.199977 -7.096858
v 6.197305 0.904310 -7.528518
v 6.209237 1.298303 -7.399059
v 1.466865 6.954329 -5.562072
v 1.858224 6.960429 -5.558568
v 1.467379 6.855245 -5.258743
v 1.858254 6.862608 -5.257319
v 6.198770 2.423181 -6.698397
v 6.210260 2.802106 -6.576275
v 6.198906 2.520077 -7.003573
v 6.210236 2.900445 -6.878512
v 2.794621 6.956009 -5.561491
v 3.146969 6.962768 -5.557793
v 2.795107 6.856963 -5.258212
v 3.146999 6.864955 -5.256573
v -4.232329 0.752888 -7.242564
v -4.680975 0.760673 -7.239263
v -4.232226 0.850847 -7.543989
v -4.681752 0.859008 -7.542309
v -5.533541 5.991514 -5.538208
v -5.544330 6.230983 -5.461968
v -5.533432 6.092683 -5.842244
v -5.544358 6.329108 -5.764399
v -4.895844 6.954912 -5.561793
v -5.112987 6.961791 -5.558029
v -4.896887 6.855915 -5.258887
v -5.112922 6.864079 -5.257049
v -5.533314 3.837491 -6.238214
v -5.545458 4.157536 -6.135726
v -5.533187 3.938512 -6.542098
v -5.545484 4.255630 -6.438051
v -3.245055 6.957663 -5.560950
v -3.555739 6.962818 -5.557763
v -3.246202 6.858595 -5.257985
v -3.555670 6.865065 -5.256664
v -5.534528 4.958778 -5.873885
v -5.545215 5.216729 -5.791603
v -5.534388 5.059772 -6.177776
v -5.545243 5.314806 -6.093880
v -4.072292 6.954064 -5.562149
v -4.323600 6.960226 -5.558588
v -4.073469 6.854976 -5.259146
v -4.323530 6.862485 -5.257515
v -5.533248 0.805072 -7.223591
v -5.545170 1.200049 -7.096697
v -5.533104 0.905964 -7.527375
v -5.545194 1.298129 -7.398972
v -0.791228 6.954327 -5.562070
v -1.182567 6.960432 -5.558569
v -0.792451 6.855222 -5.259058
v -1.182496 6.862661 -5.257415
v -5.534864 2.420545 -6.698652
v -5.546166 2.802162 -6.576125
v -5.534725 2.521507 -7.002482
v -5.546190 2.900251 -6.878426
v -2.107501 6.955998 -5.561499
v -2.459726 6.962779 -5.557794
v -2.108674 6.856926 -5.258522
v -2.459655 6.865017 -5.256664
v 1.557147 3.617435 -6.313622
v 1.988171 3.625084 -6.310084
v 1.557254 3.714224 -6.611571
v 1.987278 3.722577 -6.609682
v 0.360341 5.086322 -6.171464
v 0.360427 5.562305 -6.016174
v 0.360533 4.986185 -5.863392
v 0.360318 5.462872 -5.708927
v -0.836433 3.617453 -6.313738
v -1.266456 3.625319 -6.310358
v -0.836326 3.714280 -6.611676
v -1.267350 3.722547 -6.610044
v 2.514254 3.482602 -5.940588
v -1.794472 3.482602 -5.940588
v 2.514254 7.213202 -4.728442
v -1.794472 7.213202 -4.728442
v 2.514254 21.319431 -0.145051
v -1.794472 21.319431 -0.145051
v 2.514254 16.923321 -1.573433
v -1.794472 16.923321 -1.573433
v 6.221670 2.225133 -6.349164
v 6.221670 2.904755 -6.128342
v 6.221670 3.482602 -5.940588
v 6.221670 7.213202 -4.728442
v 6.221670 16.923321 -1.573433
v 6.221670 17.504061 -1.384741
v 6.221670 20.018734 -0.567672
v 6.221670 21.319431 -0.145051
v 3.340741 2.225133 -6.349164
v 3.340741 2.904755 -6.128342
v 3.340742 3.482602 -5.940588
v 3.340742 7.213202 -4.728442
v 3.340742 16.923321 -1.573433
v 3.340742 17.504061 -1.384741
v 3.340742 20.018734 -0.567672
v 3.340742 21.319431 -0.145051
v 3.340741 0.615816 -6.872064
v 6.221670 0.615816 -6.872064
v -2.504822 2.166613 -6.368177
v -2.504822 2.904755 -6.128342
v -2.504822 3.482602 -5.940588
v -2.504822 7.213202 -4.728442
v -2.504822 16.923321 -1.573433
v -2.504822 17.504061 -1.384741
v -2.504822 20.018734 -0.567672
v -2.504822 21.319431 -0.145051
v -5.551337 2.166613 -6.368177
v -5.551337 2.904755 -6.128342
v -5.551337 3.482602 -5.940588
v -5.551337 7.213202 -4.728442
v -5.551337 16.923321 -1.573433
v -5.551337 17.504061 -1.384741
v -5.551337 20.018734 -0.567672
v -5.551337 21.319431 -0.145051
v -5.551337 0.603659 -6.876013
v -2.504822 0.603659 -6.876013
v -5.551337 3.059263 -6.603869
v -5.551337 3.637110 -6.416116
v 2.514254 3.637110 -6.416116
v -1.794472 3.637110 -6.416116
v 3.340741 3.059263 -6.603869
v 3.340742 3.637110 -6.416116
v -5.551337 2.321122 -6.843707
v -5.551337 0.758168 -7.351542
v 3.340741 2.379642 -6.824693
v 3.340742 7.367711 -5.203971
v 2.514254 7.367711 -5.203971
v -1.794472 7.367711 -5.203971
v -5.551337 7.367711 -5.203971
v 3.340742 17.077827 -2.048962
v 2.514254 17.077827 -2.048962
v -1.794472 17.077827 -2.048962
v -5.551337 17.077827 -2.048962
v 3.340742 21.473942 -0.620578
v 2.514254 21.473942 -0.620578
v -1.794472 21.473942 -0.620578
v -5.551337 21.473942 -0.620578
v 3.340742 20.173244 -1.043201
v -5.551337 20.173244 -1.043201
v 3.340742 17.658566 -1.860269
v -5.551337 17.658566 -1.860269
v 3.340741 0.770325 -7.347592
v 6.221670 2.379642 -6.824693
v 6.221670 0.770325 -7.347592
v 6.221670 3.059263 -6.603869
v 6.221670 3.637110 -6.416116
v 6.221670 7.367711 -5.203971
v 6.221670 17.077827 -2.048962
v 6.221670 17.658566 -1.860269
v 6.221670 20.173244 -1.043201
v 6.221670 21.473942 -0.620578
v -2.504822 2.321122 -6.843707
v -2.504822 0.758168 -7.351542
v -2.504822 3.059263 -6.603869
v -2.504822 3.637110 -6.416116
v -2.504822 7.367711 -5.203971
v -2.504822 17.077827 -2.048962
v -2.504822 17.658566 -1.860269
v -2.504822 20.173244 -1.043201
v -2.504822 21.473942 -0.620578
v 3.340742 16.324541 -2.293720
v 2.514254 16.324541 -2.293720
v -1.794472 16.324541 -2.293720
v -2.504822 16.324541 -2.293720
v -5.551337 16.324541 -2.293720
v -5.551337 16.170033 -1.818192
v -2.504822 16.170033 -1.818192
v -1.794472 16.170033 -1.818192
v 2.514254 16.170033 -1.818192
v 3.340742 16.170033 -1.818192
v 6.221670 16.170033 -1.818192
v 6.221670 16.324541 -2.293720
v 2.514254 6.909261 -5.352930
v -1.794472 6.909261 -5.352930
v -2.504822 6.909261 -5.352930
v -5.551337 6.909261 -5.352930
v -5.551337 6.754752 -4.877401
v -2.504822 6.754752 -4.877401
v -1.794472 6.754752 -4.877401
v 2.514254 6.754752 -4.877401
v 3.340742 6.754752 -4.877401
v 6.221670 6.754752 -4.877401
v 6.221670 6.909261 -5.352930
v 3.340742 6.909261 -5.352930
v 3.340742 7.247160 -4.832954
v 2.514254 7.247160 -4.832954
v 3.340742 16.203991 -1.922703
v 2.514254 16.203991 -1.922703
v -1.794472 7.247160 -4.832954
v -1.794472 16.203991 -1.922703
v 6.221670 16.203991 -1.922703
v 6.221670 7.247160 -4.832954
v -2.504822 7.247160 -4.832954
v -2.504822 16.203991 -1.922703
v -5.551337 7.247160 -4.832954
v -5.551337 16.203991 -1.922703
v 2.514254 20.309074 -0.473335
v 2.819535 20.018734 -0.567672
v 2.819535 20.173244 -1.043201
v 2.514254 20.463585 -0.948864
v -2.099753 20.018734 -0.567672
v -1.794472 20.309074 -0.473335
v -2.099753 20.173244 -1.043201
v -1.794472 20.463585 -0.948864
v 2.819535 17.504061 -1.384741
v 2.514254 17.213718 -1.479078
v 2.514254 17.368225 -1.954607
v 2.819535 17.658566 -1.860269
v -1.794472 17.213718 -1.479078
v -2.099753 17.504061 -1.384741
v -2.099753 17.658566 -1.860269
v -1.794472 17.368225 -1.954607
v 2.514254 20.018734 -0.567672
v 2.514254 20.173244 -1.043201
v -1.794472 20.018734 -0.567672
v -1.794472 20.173244 -1.043201
v 2.514254 17.504061 -1.384741
v 2.514254 17.658566 -1.860269
v -1.794472 17.504061 -1.384741
v -1.794472 17.658566 -1.860269
v -6.168363 2.904755 -6.128342
v -6.256742 2.916067 -6.163158
v -6.293350 2.943377 -6.247213
v -6.168363 3.482602 -5.940588
v -6.256742 3.493914 -5.975404
v -6.293350 3.521225 -6.059458
v 6.865337 2.904755 -6.128342
v 6.953716 2.916067 -6.163158
v 6.990324 2.943377 -6.247213
v 6.865337 3.482602 -5.940588
v 6.953716 3.493914 -5.975404
v 6.990324 3.521225 -6.059458
v -5.551337 21.949154 -0.071862
v -1.794472 21.949154 -0.071862
v 2.514254 21.949154 -0.071862
v 3.340741 21.949154 -0.071862
v -6.168362 2.166613 -6.368177
v -6.256742 2.177926 -6.402995
v -6.293350 2.205236 -6.487049
v -1.919459 2.166613 -6.368177
v -1.831080 2.177926 -6.402995
v -1.794472 2.205236 -6.487049
v -5.551337 0.165286 -7.018449
v -5.551337 0.092545 -7.080576
v -5.551337 0.085039 -7.175942
v 2.639242 2.225133 -6.349164
v 2.550862 2.236446 -6.383980
v 2.514254 2.263757 -6.468035
v 6.865337 2.225133 -6.349164
v 6.953717 2.236446 -6.383980
v 6.990325 2.263757 -6.468035
v 3.340741 0.165286 -7.018449
v 3.340741 0.092545 -7.080576
v 3.340741 0.085039 -7.175942
v 6.865337 6.754752 -4.877401
v 6.953716 6.766064 -4.912218
v 6.990324 6.793375 -4.996271
v -6.293350 6.793375 -4.996271
v -6.256742 6.766064 -4.912218
v -6.168363 6.754752 -4.877401
v 6.865337 7.213202 -4.728442
v 6.953716 7.224514 -4.763258
v 6.990324 7.251825 -4.847313
v 6.865337 16.170033 -1.818192
v 6.953716 16.181345 -1.853008
v 6.990324 16.208656 -1.937062
v -6.293350 7.251825 -4.847313
v -6.256742 7.224514 -4.763258
v -6.168363 7.213202 -4.728442
v -6.293350 16.208656 -1.937062
v -6.256742 16.181345 -1.853008
v -6.168363 16.170033 -1.818192
v 6.865337 21.319431 -0.145051
v 6.953716 21.330742 -0.179867
v 6.990324 21.358053 -0.263922
v -6.168363 21.319431 -0.145051
v -6.256742 21.330742 -0.179867
v -6.293350 21.358053 -0.263922
v 6.865337 20.018734 -0.567672
v 6.953716 20.030052 -0.602488
v 6.990324 20.057362 -0.686543
v -6.168363 20.018734 -0.567672
v -6.256742 20.030052 -0.602488
v -6.293350 20.057362 -0.686543
v 6.865337 17.504061 -1.384741
v 6.953716 17.515369 -1.419558
v 6.990324 17.542681 -1.503611
v -6.168363 17.504061 -1.384741
v -6.256742 17.515369 -1.419558
v -6.293350 17.542681 -1.503611
v 6.865337 16.923321 -1.573433
v 6.953716 16.934631 -1.608251
v 6.990324 16.961945 -1.692303
v -6.293350 16.961945 -1.692303
v -6.256742 16.934631 -1.608251
v -6.168363 16.923321 -1.573433
v 2.639242 0.615816 -6.872064
v 2.550862 0.627129 -6.906879
v 2.514254 0.654441 -6.990933
v 6.865337 0.615816 -6.872064
v 6.953716 0.627129 -6.906879
v 6.990324 0.654441 -6.990933
v -1.919459 0.603659 -6.876013
v -1.831080 0.614971 -6.910830
v -1.794472 0.642282 -6.994883
v -6.168363 0.603659 -6.876013
v -6.256742 0.614971 -6.910830
v -6.293350 0.642282 -6.994883
v 6.221670 0.165286 -7.018449
v 6.221670 0.092545 -7.080576
v 6.221670 0.085039 -7.175942
v 6.221670 21.949154 -0.071862
v -2.504822 0.165286 -7.018449
v -2.504822 0.092545 -7.080576
v -2.504822 0.085039 -7.175942
v -2.504822 21.949154 -0.071862
v -6.168363 3.059263 -6.603869
v -6.256742 3.047951 -6.569053
v -6.293350 3.020640 -6.485000
v -6.293350 3.598487 -6.297246
v -6.256742 3.625798 -6.381300
v -6.168363 3.637110 -6.416116
v -6.293350 2.282498 -6.724835
v -6.256742 2.309809 -6.808891
v -6.168362 2.321122 -6.843707
v -6.168363 0.758168 -7.351542
v -6.256742 0.746855 -7.316726
v -6.293350 0.719544 -7.232671
v 2.639242 2.379642 -6.824693
v 2.550862 2.368330 -6.789875
v 2.514254 2.341019 -6.705822
v -6.168363 6.909261 -5.352930
v -6.256742 6.897949 -5.318114
v -6.293350 6.870637 -5.234060
v -6.168363 7.367711 -5.203971
v -6.256742 7.356399 -5.169155
v -6.293350 7.329088 -5.085101
v -6.168363 16.324541 -2.293720
v -6.256742 16.313229 -2.258904
v -6.293350 16.285919 -2.174851
v 3.340741 22.026419 -0.309648
v 3.340741 22.018909 -0.405015
v 3.340741 21.946171 -0.467141
v 2.514254 21.946171 -0.467141
v 2.514254 22.018909 -0.405015
v 2.514254 22.026419 -0.309648
v -1.794472 21.946171 -0.467141
v -1.794472 22.018909 -0.405015
v -1.794472 22.026419 -0.309648
v -5.551337 22.026419 -0.309648
v -5.551337 22.018909 -0.405015
v -5.551337 21.946171 -0.467141
v -6.168363 21.473942 -0.620578
v -6.256742 21.462627 -0.585763
v -6.293350 21.435314 -0.501709
v -6.168363 20.173244 -1.043201
v -6.256742 20.161930 -1.008384
v -6.293350 20.134621 -0.924330
v -6.168363 17.658566 -1.860269
v -6.256742 17.647251 -1.825453
v -6.293350 17.619942 -1.741398
v -6.168363 17.077827 -2.048962
v -6.256742 17.066515 -2.014146
v -6.293350 17.039204 -1.930093
v 2.639242 0.770325 -7.347592
v 2.550862 0.759014 -7.312774
v 2.514254 0.731702 -7.228721
v 6.865337 2.379642 -6.824693
v 6.953717 2.368330 -6.789875
v 6.990325 2.341019 -6.705822
v 6.990324 0.731702 -7.228721
v 6.953716 0.759014 -7.312774
v 6.865337 0.770325 -7.347592
v 6.865337 3.059263 -6.603869
v 6.953716 3.047951 -6.569053
v 6.990324 3.020640 -6.485000
v 6.865337 3.637110 -6.416116
v 6.953716 3.625798 -6.381300
v 6.990324 3.598487 -6.297246
v 6.990324 6.870637 -5.234060
v 6.953716 6.897949 -5.318114
v 6.865337 6.909261 -5.352930
v 6.990324 7.329088 -5.085101
v 6.953716 7.356399 -5.169155
v 6.865337 7.367711 -5.203971
v 6.990324 16.285919 -2.174851
v 6.953716 16.313229 -2.258904
v 6.865337 16.324541 -2.293720
v 6.990324 17.039204 -1.930093
v 6.953716 17.066515 -2.014146
v 6.865337 17.077827 -2.048962
v 6.865337 17.658566 -1.860269
v 6.953716 17.647251 -1.825453
v 6.990324 17.619942 -1.741398
v 6.865337 20.173244 -1.043201
v 6.953716 20.161930 -1.008384
v 6.990324 20.134621 -0.924330
v 6.865337 21.473942 -0.620578
v 6.953716 21.462627 -0.585763
v 6.990324 21.435314 -0.501709
v 6.221670 21.946171 -0.467141
v 6.221670 22.018909 -0.405015
v 6.221670 22.026419 -0.309648
v 3.340741 0.319795 -7.493977
v 3.340741 0.224428 -7.486473
v 3.340741 0.162302 -7.413731
v 6.221670 0.319795 -7.493977
v 6.221670 0.224428 -7.486473
v 6.221670 0.162302 -7.413731
v -1.919459 2.321122 -6.843707
v -1.831080 2.309809 -6.808891
v -1.794472 2.282498 -6.724835
v -1.794472 0.719544 -7.232671
v -1.831080 0.746855 -7.316726
v -1.919459 0.758168 -7.351542
v -2.504822 21.946171 -0.467141
v -2.504822 22.018909 -0.405015
v -2.504822 22.026419 -0.309648
v -5.551337 0.319795 -7.493977
v -5.551337 0.224428 -7.486473
v -5.551337 0.162302 -7.413731
v -2.504822 0.319795 -7.493977
v -2.504822 0.224428 -7.486473
v -2.504822 0.162302 -7.413731
v -6.110541 21.869881 -0.004690
v -6.187375 21.821056 -0.020555
v -6.238714 21.747982 -0.044298
v -6.256742 21.661785 -0.072305
v -6.056517 21.949154 -0.071862
v -6.147149 21.932007 -0.077432
v -6.223983 21.883183 -0.093297
v -6.275322 21.810104 -0.117041
v -6.293350 21.723911 -0.145048
v -6.168363 21.566422 -0.064799
v -6.150335 21.652615 -0.036793
v -6.098996 21.725689 -0.013049
v -1.831080 2.725642 -6.225031
v -1.813052 2.811837 -6.197024
v -1.761713 2.884911 -6.173281
v -1.684879 2.933737 -6.157417
v -1.594246 2.950883 -6.151845
v -1.794472 2.718136 -6.320397
v -1.776444 2.804332 -6.292391
v -1.725105 2.877406 -6.268648
v -1.648271 2.926232 -6.252783
v -1.557639 2.943377 -6.247213
v -2.097627 2.987444 -6.101475
v -1.873783 3.191359 -6.035219
v -1.682626 3.023624 -6.089719
v -1.773258 3.006479 -6.095289
v -1.850093 2.957653 -6.111155
v -1.901431 2.884579 -6.134897
v -1.919459 2.798382 -6.162905
v 2.314029 2.950883 -6.151845
v 2.404661 2.933737 -6.157417
v 2.481495 2.884911 -6.173281
v 2.532835 2.811837 -6.197024
v 2.550862 2.725642 -6.225031
v 2.277421 2.943377 -6.247213
v 2.368053 2.926232 -6.252783
v 2.444888 2.877406 -6.268648
v 2.496227 2.804332 -6.292391
v 2.514254 2.718136 -6.320397
v 2.819692 2.993046 -6.099654
v 2.639242 2.798382 -6.162905
v 2.621214 2.884579 -6.134897
v 2.569875 2.957653 -6.111155
v 2.493041 3.006479 -6.095289
v 2.402409 3.023624 -6.089719
v 2.593287 3.192378 -6.034887
v -6.256742 0.317787 -7.007390
v -6.238714 0.231590 -7.035398
v -6.187375 0.158516 -7.059141
v -6.110541 0.109690 -7.075006
v -6.019908 0.092545 -7.080576
v -6.293350 0.310280 -7.102758
v -6.275322 0.224087 -7.130765
v -6.223983 0.151011 -7.154507
v -6.147149 0.102186 -7.170372
v -6.056517 0.085039 -7.175942
v -5.931530 0.165286 -7.018449
v -6.022162 0.182432 -7.012878
v -6.098996 0.231257 -6.997013
v -6.150335 0.304332 -6.973271
v -6.168363 0.390529 -6.945263
v 2.550862 0.317787 -7.007390
v 2.568890 0.231590 -7.035398
v 2.620229 0.158516 -7.059141
v 2.697063 0.109690 -7.075006
v 2.787696 0.092545 -7.080576
v 2.514254 0.310280 -7.102758
v 2.532282 0.224087 -7.130765
v 2.583621 0.151011 -7.154507
v 2.660455 0.102186 -7.170372
v 2.751087 0.085039 -7.175942
v 2.876075 0.165286 -7.018449
v 2.785443 0.182432 -7.012878
v 2.708609 0.231257 -6.997013
v 2.657270 0.304332 -6.973271
v 2.639242 0.390529 -6.945263
v 6.953716 21.661785 -0.072305
v 6.935688 21.747982 -0.044298
v 6.884349 21.821056 -0.020555
v 6.807515 21.869881 -0.004690
v 6.990324 21.723911 -0.145048
v 6.972297 21.810104 -0.117041
v 6.920958 21.883183 -0.093297
v 6.844123 21.932007 -0.077432
v 6.753491 21.949154 -0.071862
v 6.795970 21.725689 -0.013049
v 6.847309 21.652615 -0.036793
v 6.865337 21.566422 -0.064799
v 6.628504 0.165286 -7.018449
v 6.865337 0.390529 -6.945263
v 6.847309 0.304332 -6.973271
v 6.795970 0.231257 -6.997013
v 6.719136 0.182432 -7.012878
v 6.953716 0.317787 -7.007390
v 6.935688 0.231590 -7.035398
v 6.884349 0.158516 -7.059141
v 6.807515 0.109690 -7.075006
v 6.716883 0.092545 -7.080576
v 6.753491 0.085039 -7.175942
v 6.844123 0.102186 -7.170372
v 6.920958 0.151011 -7.154507
v 6.972297 0.224087 -7.130765
v 6.990324 0.310280 -7.102758
v -2.156292 0.165286 -7.018449
v -1.919459 0.390529 -6.945263
v -1.937487 0.304332 -6.973271
v -1.988826 0.231257 -6.997013
v -2.065660 0.182432 -7.012878
v -1.831080 0.317787 -7.007390
v -1.849108 0.231590 -7.035398
v -1.900447 0.158516 -7.059141
v -1.977281 0.109690 -7.075006
v -2.067913 0.092545 -7.080576
v -2.031305 0.085039 -7.175942
v -1.940673 0.102186 -7.170372
v -1.863839 0.151011 -7.154507
v -1.812500 0.224087 -7.130765
v -1.794472 0.310280 -7.102758
v -1.594246 3.082767 -6.557741
v -1.684879 3.065621 -6.563312
v -1.761713 3.016796 -6.579176
v -1.813052 2.943721 -6.602921
v -1.831080 2.857525 -6.630927
v -2.097627 3.141953 -6.577003
v -1.919459 2.952890 -6.638433
v -1.901431 3.039087 -6.610426
v -1.850093 3.112161 -6.586683
v -1.773258 3.160988 -6.570818
v -1.682626 3.178133 -6.565248
v -1.873783 3.345867 -6.510747
v 2.819692 3.147556 -6.575182
v 2.593287 3.346887 -6.510416
v 2.402409 3.178133 -6.565248
v 2.493041 3.160988 -6.570818
v 2.569875 3.112161 -6.586683
v 2.621214 3.039087 -6.610426
v 2.639242 2.952890 -6.638433
v 2.314029 3.082767 -6.557741
v 2.404661 3.065621 -6.563312
v 2.481495 3.016796 -6.579176
v 2.532835 2.943721 -6.602921
v 2.550862 2.857525 -6.630927
v -1.557639 3.020640 -6.485000
v -1.648271 3.003494 -6.490571
v -1.725105 2.954668 -6.506434
v -1.776444 2.881594 -6.530178
v -1.794472 2.795398 -6.558186
v 2.514254 2.795398 -6.558186
v 2.496227 2.881594 -6.530178
v 2.444888 2.954668 -6.506434
v 2.368053 3.003494 -6.490571
v 2.277421 3.020640 -6.485000
v -5.931530 0.319795 -7.493977
v -6.168363 0.545038 -7.420792
v -6.150335 0.458840 -7.448798
v -6.098996 0.385766 -7.472541
v -6.022162 0.336941 -7.488407
v -6.256742 0.449670 -7.413287
v -6.238714 0.363474 -7.441294
v -6.187375 0.290400 -7.465036
v -6.110541 0.241575 -7.480900
v -6.019908 0.224428 -7.486473
v -6.056517 0.162302 -7.413731
v -6.147149 0.179447 -7.408159
v -6.223983 0.228272 -7.392294
v -6.275322 0.301348 -7.368552
v -6.293350 0.387542 -7.340545
v -6.168363 21.720928 -0.540329
v -5.931529 21.946171 -0.467141
v -6.022161 21.929024 -0.472713
v -6.098996 21.880199 -0.488577
v -6.150335 21.807125 -0.512321
v -6.019908 22.018909 -0.405015
v -6.110541 22.001762 -0.410587
v -6.187375 21.952938 -0.426451
v -6.238714 21.879864 -0.450195
v -6.256742 21.793667 -0.478201
v -6.293350 21.801176 -0.382834
v -6.275322 21.887367 -0.354827
v -6.223983 21.960447 -0.331084
v -6.147149 22.009270 -0.315220
v -6.056517 22.026419 -0.309648
v 2.876075 0.319795 -7.493977
v 2.639242 0.545038 -7.420792
v 2.657270 0.458840 -7.448798
v 2.708609 0.385766 -7.472541
v 2.785443 0.336941 -7.488407
v 2.550862 0.449670 -7.413287
v 2.568890 0.363474 -7.441294
v 2.620229 0.290400 -7.465036
v 2.697063 0.241575 -7.480900
v 2.787696 0.224428 -7.486473
v 2.751087 0.162302 -7.413731
v 2.660455 0.179447 -7.408159
v 2.583621 0.228272 -7.392294
v 2.532282 0.301348 -7.368552
v 2.514254 0.387542 -7.340545
v 6.628503 21.946171 -0.467141
v 6.865337 21.720928 -0.540329
v 6.847309 21.807125 -0.512321
v 6.795970 21.880199 -0.488577
v 6.719136 21.929024 -0.472713
v 6.953716 21.793667 -0.478201
v 6.935688 21.879864 -0.450195
v 6.884349 21.952938 -0.426451
v 6.807515 22.001762 -0.410587
v 6.716883 22.018909 -0.405015
v 6.753491 22.026419 -0.309648
v 6.844123 22.009270 -0.315220
v 6.920958 21.960447 -0.331084
v 6.972297 21.887367 -0.354827
v 6.990324 21.801176 -0.382834
v 6.628504 0.319795 -7.493977
v 6.719136 0.336941 -7.488407
v 6.795970 0.385766 -7.472541
v 6.847309 0.458840 -7.448798
v 6.865337 0.545038 -7.420792
v 6.716883 0.224428 -7.486473
v 6.807515 0.241575 -7.480900
v 6.884349 0.290400 -7.465036
v 6.935688 0.363474 -7.441294
v 6.953716 0.449670 -7.413287
v 6.990324 0.387542 -7.340545
v 6.972297 0.301348 -7.368552
v 6.920958 0.228272 -7.392294
v 6.844123 0.179447 -7.408159
v 6.753491 0.162302 -7.413731
v -2.156292 0.319795 -7.493977
v -2.065660 0.336941 -7.488407
v -1.988826 0.385766 -7.472541
v -1.937487 0.458840 -7.448798
v -1.919459 0.545038 -7.420792
v -2.067913 0.224428 -7.486473
v -1.977281 0.241575 -7.480900
v -1.900447 0.290400 -7.465036
v -1.849108 0.363474 -7.441294
v -1.831080 0.449670 -7.413287
v -1.794472 0.387542 -7.340545
v -1.812500 0.301348 -7.368552
v -1.863839 0.228272 -7.392294
v -1.940673 0.179447 -7.408159
v -2.031305 0.162303 -7.413730
v -1.896621 3.107491 -6.062469
v -2.008543 3.005535 -6.095597
v -1.919459 3.023624 -6.089719
v 2.729467 3.008336 -6.094687
v 2.616265 3.108002 -6.062303
v 2.639242 3.023624 -6.089719
v -2.008543 3.160043 -6.571125
v -1.896621 3.262000 -6.537998
v -1.919459 3.178133 -6.565248
v 2.616265 3.262510 -6.537832
v 2.729467 3.162844 -6.570214
v 2.639242 3.178133 -6.565248
v 2.156595 20.057362 -0.686543
v 2.163877 20.064861 -0.591177
v 2.181457 20.137608 -0.529049
v -1.461674 20.137608 -0.529049
v -1.444094 20.064861 -0.591177
v -1.436813 20.057362 -0.686543
v 2.181457 20.292114 -1.004578
v 2.163877 20.196747 -0.997071
v 2.156595 20.134621 -0.924330
v -1.436813 20.134621 -0.924330
v -1.444094 20.196747 -0.997071
v -1.461674 20.292114 -1.004578
v 2.639242 19.702229 -0.670511
v 2.550862 19.696819 -0.710762
v 2.514254 19.717205 -0.797067
v 2.514254 17.882832 -1.393089
v 2.550862 17.848598 -1.311284
v 2.639242 17.820564 -1.281902
v 2.181457 17.385185 -1.423365
v 2.163877 17.480553 -1.430869
v 2.156595 17.542681 -1.503611
v -1.436813 17.542681 -1.503611
v -1.444094 17.480553 -1.430869
v -1.461674 17.385185 -1.423365
v 2.156595 17.619942 -1.741398
v 2.163877 17.612442 -1.836764
v 2.181457 17.539694 -1.898893
v -1.461674 17.539694 -1.898893
v -1.444094 17.612442 -1.836764
v -1.436813 17.619942 -1.741398
v 2.514254 19.794468 -1.034852
v 2.550862 19.828705 -1.116657
v 2.639242 19.856735 -1.146040
v 2.639242 17.975075 -1.757429
v 2.550862 17.980480 -1.717180
v 2.514254 17.960094 -1.630876
v -1.794472 19.717205 -0.797067
v -1.831080 19.696819 -0.710762
v -1.919459 19.702229 -0.670511
v -1.919459 17.820564 -1.281902
v -1.831080 17.848598 -1.311284
v -1.794472 17.882832 -1.393089
v -1.919459 19.856735 -1.146040
v -1.831080 19.828705 -1.116657
v -1.794472 19.794468 -1.034852
v -1.794472 17.960094 -1.630876
v -1.831080 17.980480 -1.717180
v -1.919459 17.975075 -1.757429
v 2.409498 19.957729 -0.718914
v 2.437517 19.957066 -0.626202
v 2.505160 20.010086 -0.570482
v 2.409498 20.034992 -0.956701
v 2.437517 20.088951 -1.032098
v 2.505160 20.164597 -1.046011
v -1.689716 19.957729 -0.718914
v -1.717734 19.957066 -0.626202
v -1.785377 20.010086 -0.570482
v -1.689716 20.034992 -0.956701
v -1.717734 20.088951 -1.032098
v -1.785377 20.164597 -1.046011
v 2.409498 17.642311 -1.471240
v 2.437517 17.588354 -1.395844
v 2.505160 17.512707 -1.381930
v 2.409498 17.719572 -1.709028
v 2.437517 17.720234 -1.801740
v 2.505160 17.667215 -1.857459
v -1.689716 17.642311 -1.471240
v -1.717734 17.588354 -1.395844
v -1.785377 17.512707 -1.381930
v -1.689716 17.719572 -1.709028
v -1.717734 17.720234 -1.801740
v -1.785377 17.667215 -1.857459
v 6.865337 15.897543 -2.432460
v 6.953716 15.886230 -2.397644
v 6.990324 15.858919 -2.313591
v 6.990324 15.781659 -2.075802
v 6.953716 15.754347 -1.991749
v 6.865337 15.743034 -1.956932
v 6.221670 15.743034 -1.956932
v 3.340742 15.743034 -1.956932
v 2.514254 15.743034 -1.956932
v -1.794472 15.743034 -1.956932
v -2.504822 15.743034 -1.956932
v -5.551337 15.743034 -1.956932
v -6.168362 15.743034 -1.956932
v -6.256742 15.754347 -1.991749
v -6.293350 15.781659 -2.075802
v -6.293350 15.858919 -2.313591
v -6.256742 15.886230 -2.397644
v -6.168363 15.897543 -2.432460
v -5.551337 15.897543 -2.432460
v -5.551337 15.776993 -2.061443
v 6.221670 15.776993 -2.061443
v 6.221670 15.897543 -2.432460
v 6.953716 7.757752 -5.038747
v 6.865337 7.769065 -5.073563
v 6.221670 7.769065 -5.073563
v 6.221670 7.648512 -4.702547
v -5.551337 7.648512 -4.702547
v -5.551337 7.769065 -5.073563
v -6.168362 7.769065 -5.073563
v -6.256742 7.757752 -5.038747
v -6.293350 7.730441 -4.954692
v -6.293350 7.653178 -4.716905
v -6.256742 7.625869 -4.632851
v -6.168363 7.614556 -4.598034
v -5.551337 7.614556 -4.598034
v -2.504822 7.614556 -4.598034
v -1.794472 7.614556 -4.598034
v 2.514254 7.614556 -4.598034
v 3.340742 7.614556 -4.598034
v 6.221670 7.614556 -4.598034
v 6.865337 7.614556 -4.598034
v 6.953716 7.625869 -4.632851
v 6.990324 7.653178 -4.716905
v 6.990324 7.730441 -4.954693
v 5.678184 7.367711 -5.203971
v 5.678184 6.909261 -5.352930
v 5.678184 3.637110 -6.416116
v 5.678184 3.059263 -6.603869
v 5.678184 2.379642 -6.824693
v 5.678184 0.770325 -7.347592
v 5.678184 0.319795 -7.493977
v 5.678184 0.224428 -7.486473
v 5.678184 0.162302 -7.413731
v 5.678184 0.085039 -7.175942
v 5.678184 0.092545 -7.080576
v 5.678184 0.165286 -7.018449
v 5.678184 0.615816 -6.872064
v 5.678184 2.225133 -6.349164
v 5.678184 2.904755 -6.128342
v 5.678184 3.482602 -5.940588
v 5.678184 6.754752 -4.877401
v 5.678184 7.213202 -4.728442
v 5.678184 7.614556 -4.598034
v 5.678184 15.743034 -1.956932
v 5.678184 16.170033 -1.818192
v 5.678184 16.923321 -1.573433
v 5.678184 17.504061 -1.384741
v 5.678184 20.018734 -0.567672
v 5.678184 21.319431 -0.145051
v 5.678184 21.949154 -0.071862
v 5.678184 22.026419 -0.309648
v 5.678184 22.018909 -0.405015
v 5.678184 21.946171 -0.467141
v 5.678184 21.473942 -0.620578
v 5.678184 20.173244 -1.043201
v 5.678184 17.658566 -1.860269
v 5.678184 17.077827 -2.048962
v 5.678184 16.324541 -2.293720
v 5.678184 16.203991 -1.922703
v 5.678184 7.247160 -4.832954
v -4.910916 7.367711 -5.203971
v -4.910916 6.909261 -5.352930
v -4.910916 3.637110 -6.416116
v -4.910916 3.059263 -6.603869
v -4.910916 2.321122 -6.843707
v -4.910916 0.758168 -7.351542
v -4.910916 0.319795 -7.493977
v -4.910916 0.224428 -7.486473
v -4.910916 0.162302 -7.413730
v -4.910916 0.085042 -7.175942
v -4.910916 0.092545 -7.080576
v -4.910916 0.165286 -7.018449
v -4.910916 0.603659 -6.876013
v -4.910916 2.166613 -6.368177
v -4.910916 2.904755 -6.128342
v -4.910916 3.482602 -5.940588
v -4.910916 6.754752 -4.877401
v -4.910916 7.213202 -4.728442
v -4.910916 7.614556 -4.598034
v -4.910916 15.743034 -1.956932
v -4.910916 16.170033 -1.818192
v -4.910916 16.923321 -1.573433
v -4.910916 17.504061 -1.384741
v -4.910916 20.018734 -0.567672
v -4.910916 21.319431 -0.145051
v -4.910916 21.949154 -0.071862
v -4.910916 22.026419 -0.309648
v -4.910916 22.018909 -0.405015
v -4.910916 21.946171 -0.467141
v -4.910916 21.473942 -0.620578
v -4.910916 20.173244 -1.043201
v -4.910916 17.658566 -1.860269
v -4.910916 17.077827 -2.048962
v -4.910916 16.324541 -2.293720
v -4.910916 16.203991 -1.922703
v -4.910916 7.247160 -4.832954
v -5.551337 7.672283 -4.775700
v -5.551337 7.270930 -4.906109
v -4.910916 7.270930 -4.906109
v -2.504822 7.270930 -4.906109
v -1.794472 7.270930 -4.906109
v 2.514254 7.270930 -4.906109
v 3.340742 7.270930 -4.906109
v 5.678185 7.270930 -4.906109
v 6.221670 7.270930 -4.906109
v 6.221670 7.672283 -4.775700
v 6.221670 15.800762 -2.134598
v 6.221670 16.227760 -1.995857
v 5.678184 16.227760 -1.995857
v 3.340742 16.227760 -1.995857
v 2.514254 16.227760 -1.995857
v -1.794472 16.227760 -1.995857
v -2.504822 16.227760 -1.995857
v -4.910916 16.227760 -1.995857
v -5.551337 16.227760 -1.995857
v -5.551337 15.800762 -2.134598
v -5.551337 7.747451 -5.007046
v -5.551337 7.346098 -5.137452
v -4.910916 7.346098 -5.137452
v -2.504822 7.346098 -5.137452
v -1.794472 7.346098 -5.137452
v 2.514254 7.346098 -5.137452
v 3.340742 7.346098 -5.137452
v 5.678184 7.346098 -5.137452
v 6.221670 7.346098 -5.137452
v 6.221670 7.747451 -5.007046
v 6.221670 15.875930 -2.365943
v 6.221670 16.302929 -2.227203
v 5.678184 16.302929 -2.227203
v 3.340742 16.302929 -2.227203
v 2.514254 16.302929 -2.227203
v -1.794472 16.302929 -2.227203
v -2.504822 16.302929 -2.227203
v -4.910916 16.302929 -2.227203
v -5.551337 16.302929 -2.227203
v -5.551337 15.875930 -2.365943
v -2.504822 15.776993 -2.061443
v -1.794472 15.776993 -2.061443
v 2.514254 15.776993 -2.061443
v 3.340742 15.776993 -2.061443
v 3.340742 7.648512 -4.702547
v 2.514254 7.648512 -4.702547
v -1.794472 7.648512 -4.702547
v -2.504822 7.648512 -4.702547
v 5.678184 15.776993 -2.061443
v 5.678184 7.648512 -4.702547
v -4.910916 15.776992 -2.061444
v -4.910916 7.648512 -4.702547
v 3.340742 16.203991 -1.922703
v 2.514254 16.203991 -1.922703
v -1.794472 16.203991 -1.922703
v 6.221670 16.203991 -1.922703
v 5.678184 16.203991 -1.922703
v 6.221670 15.776993 -2.061443
v -2.504822 16.203991 -1.922703
v -4.910916 16.203991 -1.922703
v -4.910916 7.247160 -4.832954
v -2.504822 7.247160 -4.832954
v -1.794472 7.247160 -4.832954
v 2.514254 7.247160 -4.832954
v 3.340742 7.247160 -4.832954
v 5.678184 7.247160 -4.832954
v 6.221670 7.247160 -4.832954
v 6.221670 7.648512 -4.702547
v -5.551337 16.203991 -1.922703
v -5.551337 15.776993 -2.061443
v -5.551337 7.648512 -4.702547
v -5.551337 7.247160 -4.832954
v -2.621307 15.870084 -2.119848
v -1.794819 15.870084 -2.119848
v 2.513906 15.870084 -2.119848
v 3.224257 15.870084 -2.119848
v -2.621307 7.704008 -4.773165
v -1.794819 7.704008 -4.773165
v 2.513906 7.704008 -4.773165
v 3.224257 7.704008 -4.773165
v 5.641094 7.704008 -4.773165
v 5.641094 15.870084 -2.119848
v -4.833946 7.704008 -4.773165
v -4.833946 15.870084 -2.119848
v -1.794819 7.265048 -4.915792
v -2.621307 7.265048 -4.915792
v 2.513906 7.265048 -4.915792
v -4.833946 7.265048 -4.915792
v -5.502235 7.265048 -4.915792
v -5.502235 7.704008 -4.773165
v 3.224257 7.265048 -4.915792
v 5.641094 7.265048 -4.915792
v -5.502235 16.221880 -2.005541
v -4.833946 16.221880 -2.005541
v -5.502235 15.870084 -2.119848
v -2.621307 16.221880 -2.005541
v -1.794819 16.221880 -2.005541
v 2.513906 16.221880 -2.005541
v 3.224257 16.221880 -2.005541
v 5.641094 16.221880 -2.005541
v 6.270773 7.704008 -4.773165
v 6.270773 7.265048 -4.915792
v 6.270773 16.221880 -2.005541
v 6.270773 15.870084 -2.119848
vt 0.791828 0.133025
vt 0.218688 0.040966
vt 0.816311 0.132971
vt 0.250793 0.040771
vt 0.218719 0.065869
vt 0.244006 0.066111
vt 0.250793 0.066111
vt 0.187959 0.040857
vt 0.342390 0.060810
vt 0.220238 0.100855
vt 0.244639 0.100798
vt 0.279993 0.066079
vt 0.280037 0.040690
vt 0.342391 0.035642
vt 0.816603 0.106551
vt 0.649584 0.056694
vt 0.674091 0.056712
vt 0.367600 0.035750
vt 0.367600 0.060701
vt 0.673799 0.083131
vt 0.373150 0.035798
vt 0.405224 0.060896
vt 0.398437 0.035556
vt 0.398631 0.061042
vt 0.374401 0.069148
vt 0.398885 0.069202
vt 0.709931 0.152080
vt 0.298403 0.120384
vt 0.735678 0.152048
vt 0.329165 0.120191
vt 0.298430 0.145368
vt 0.324852 0.145609
vt 0.329165 0.145609
vt 0.263916 0.120278
vt 0.106110 0.150535
vt 0.299702 0.181615
vt 0.325401 0.181608
vt 0.361340 0.145576
vt 0.361345 0.120112
vt 0.106110 0.125292
vt 0.735914 0.119884
vt 0.534850 0.053739
vt 0.560638 0.053742
vt 0.147478 0.362213
vt 0.147924 0.237454
vt 0.165350 0.362639
vt 0.173102 0.237807
vt 0.147183 0.263467
vt 0.168900 0.262818
vt 0.173102 0.262818
vt 0.108259 0.237624
vt 0.146117 0.297109
vt 0.166222 0.297350
vt 0.203140 0.262789
vt 0.203155 0.237793
vt 0.166222 0.333677
vt 0.146325 0.328326
vt 0.167847 0.328033
vt 0.375564 0.321851
vt 0.375944 0.195552
vt 0.396681 0.321974
vt 0.402093 0.195893
vt 0.375392 0.221529
vt 0.399411 0.220905
vt 0.402093 0.220905
vt 0.337097 0.195703
vt 0.374220 0.256797
vt 0.397519 0.256857
vt 0.434103 0.220871
vt 0.434107 0.195881
vt 0.397519 0.290342
vt 0.374488 0.286427
vt 0.398867 0.286118
vt 0.228234 0.322693
vt 0.228692 0.196752
vt 0.247249 0.322883
vt 0.253779 0.197090
vt 0.228044 0.222721
vt 0.250459 0.222103
vt 0.253779 0.222103
vt 0.188879 0.196899
vt 0.226767 0.257673
vt 0.248175 0.257773
vt 0.285414 0.222068
vt 0.285420 0.197079
vt 0.248175 0.291822
vt 0.227058 0.287628
vt 0.249795 0.287315
vt 0.611315 0.361753
vt 0.611650 0.235131
vt 0.634437 0.361812
vt 0.638818 0.235462
vt 0.611209 0.261081
vt 0.636656 0.260476
vt 0.638818 0.260476
vt 0.573730 0.235269
vt 0.610187 0.296629
vt 0.635142 0.296658
vt 0.671140 0.260439
vt 0.671142 0.235452
vt 0.635142 0.329681
vt 0.610429 0.326006
vt 0.636295 0.325687
vt 0.764637 0.364276
vt 0.764970 0.237772
vt 0.787345 0.364359
vt 0.791958 0.238109
vt 0.764498 0.263741
vt 0.789691 0.263122
vt 0.791958 0.263122
vt 0.726904 0.237920
vt 0.763632 0.299182
vt 0.787908 0.299223
vt 0.824168 0.263087
vt 0.824170 0.238098
vt 0.787908 0.332411
vt 0.763903 0.328645
vt 0.789138 0.328334
vt 0.138369 0.125398
vt 0.138369 0.150430
vt 0.560403 0.085905
vt 0.140624 0.125446
vt 0.171357 0.150626
vt 0.167047 0.125205
vt 0.167211 0.150768
vt 0.141701 0.154430
vt 0.167449 0.154462
vt 0.061516 0.197935
vt 0.071738 0.197640
vt 0.093455 0.198289
vt 0.061516 0.223653
vt 0.093410 0.223241
vt 0.072033 0.229296
vt 0.089905 0.228869
vt 0.032760 0.223606
vt 0.032814 0.198106
vt 0.090777 0.257832
vt 0.070880 0.263182
vt 0.127710 0.198274
vt 0.092355 0.263519
vt 0.092355 0.288471
vt 0.070673 0.294400
vt 0.090777 0.294158
vt 0.445164 0.237466
vt 0.452034 0.237183
vt 0.476053 0.237806
vt 0.445164 0.263159
vt 0.476017 0.262761
vt 0.452206 0.267262
vt 0.473324 0.267139
vt 0.413722 0.263140
vt 0.413740 0.237617
vt 0.474162 0.298771
vt 0.451130 0.302686
vt 0.510749 0.237795
vt 0.475474 0.303041
vt 0.475474 0.327986
vt 0.450862 0.332316
vt 0.474162 0.332256
vt 0.296291 0.237468
vt 0.304687 0.237188
vt 0.327101 0.237806
vt 0.296291 0.263157
vt 0.327058 0.262761
vt 0.304876 0.267618
vt 0.323891 0.267428
vt 0.265493 0.263143
vt 0.265521 0.237615
vt 0.324818 0.298489
vt 0.303700 0.302683
vt 0.362062 0.237795
vt 0.326394 0.303042
vt 0.326394 0.327985
vt 0.303409 0.332638
vt 0.324818 0.332538
vt 0.523925 0.193924
vt 0.529381 0.193651
vt 0.554835 0.194255
vt 0.523925 0.219598
vt 0.554805 0.219211
vt 0.529485 0.223379
vt 0.552622 0.223320
vt 0.491902 0.219599
vt 0.491912 0.194060
vt 0.553318 0.255451
vt 0.528612 0.259125
vt 0.589321 0.194244
vt 0.554446 0.259492
vt 0.554446 0.284433
vt 0.528371 0.288503
vt 0.553318 0.288474
vt 0.681868 0.193136
vt 0.687643 0.192858
vt 0.712853 0.193472
vt 0.681868 0.218821
vt 0.712822 0.218428
vt 0.687773 0.222717
vt 0.710527 0.222635
vt 0.650056 0.218809
vt 0.650068 0.193281
vt 0.711063 0.254585
vt 0.687079 0.258349
vt 0.747335 0.193461
vt 0.712272 0.258708
vt 0.712272 0.283651
vt 0.686807 0.287814
vt 0.711063 0.287774
vt 0.592688 0.086945
vt 0.613291 0.119107
vt 0.617952 0.086811
vt 0.644552 0.118897
vt 0.613318 0.144006
vt 0.639407 0.144265
vt 0.644552 0.144265
vt 0.579311 0.119003
vt 0.414155 0.140571
vt 0.614996 0.179921
vt 0.639808 0.179908
vt 0.675827 0.143993
vt 0.675837 0.119093
vt 0.414155 0.115414
vt 0.618073 0.055771
vt 0.710592 0.057422
vt 0.735475 0.057425
vt 0.445436 0.115518
vt 0.445436 0.140467
vt 0.735354 0.088464
vt 0.448162 0.115568
vt 0.479395 0.140677
vt 0.474251 0.115309
vt 0.474443 0.140837
vt 0.449338 0.145155
vt 0.474602 0.145290
vt 0.244200 0.040625
vt 0.219970 0.074363
vt 0.244454 0.074418
vt 0.792155 0.106556
vt 0.213169 0.040966
vt 0.213169 0.065917
vt 0.187889 0.066085
vt 0.373119 0.060701
vt 0.374670 0.095639
vt 0.399177 0.095622
vt 0.649315 0.083186
vt 0.405224 0.035556
vt 0.434425 0.060863
vt 0.434425 0.035588
vt 0.325017 0.120046
vt 0.299506 0.149416
vt 0.325254 0.149448
vt 0.710175 0.119884
vt 0.296175 0.120384
vt 0.296175 0.145416
vt 0.263913 0.145580
vt 0.168854 0.237866
vt 0.147478 0.268815
vt 0.165350 0.268388
vt 0.146325 0.302701
vt 0.167800 0.303038
vt 0.146117 0.333919
vt 0.136961 0.237454
vt 0.136961 0.263171
vt 0.108204 0.263125
vt 0.399375 0.195950
vt 0.375564 0.225348
vt 0.396681 0.225225
vt 0.374488 0.260772
vt 0.398831 0.261128
vt 0.374220 0.290403
vt 0.368521 0.195552
vt 0.368521 0.221246
vt 0.337079 0.221226
vt 0.250416 0.197148
vt 0.228234 0.226902
vt 0.247249 0.226712
vt 0.227058 0.261966
vt 0.249752 0.262325
vt 0.226767 0.291922
vt 0.219649 0.196752
vt 0.219649 0.222441
vt 0.188851 0.222427
vt 0.636626 0.235519
vt 0.611317 0.264588
vt 0.634437 0.264528
vt 0.610429 0.300334
vt 0.636266 0.300699
vt 0.610188 0.329711
vt 0.605745 0.235131
vt 0.605745 0.260807
vt 0.573721 0.260805
vt 0.789659 0.238166
vt 0.764636 0.267357
vt 0.787345 0.267274
vt 0.763903 0.302989
vt 0.789106 0.303345
vt 0.763632 0.332451
vt 0.758701 0.237772
vt 0.758701 0.263460
vt 0.726891 0.263444
vt 0.140597 0.150430
vt 0.141896 0.186629
vt 0.167685 0.186627
vt 0.534654 0.085937
vt 0.171357 0.125206
vt 0.203534 0.150590
vt 0.203534 0.125238
vt 0.072479 0.223653
vt 0.070673 0.257590
vt 0.071131 0.288683
vt 0.072033 0.322694
vt 0.089905 0.323120
vt 0.097658 0.198289
vt 0.097658 0.223299
vt 0.127695 0.223270
vt 0.452586 0.263159
vt 0.450862 0.298711
vt 0.451331 0.328209
vt 0.452206 0.363765
vt 0.473323 0.363888
vt 0.478736 0.237806
vt 0.478735 0.262819
vt 0.510746 0.262785
vt 0.305334 0.263157
vt 0.303409 0.298389
vt 0.303945 0.328211
vt 0.304876 0.363409
vt 0.323891 0.363598
vt 0.330421 0.237806
vt 0.330421 0.262819
vt 0.362056 0.262785
vt 0.529820 0.219598
vt 0.528371 0.255421
vt 0.528784 0.284663
vt 0.529487 0.320549
vt 0.552624 0.320607
vt 0.556998 0.194254
vt 0.556997 0.219268
vt 0.589320 0.219232
vt 0.688109 0.218821
vt 0.686807 0.254545
vt 0.687261 0.283877
vt 0.687772 0.319644
vt 0.710527 0.319726
vt 0.715121 0.193472
vt 0.715121 0.218485
vt 0.747332 0.218450
vt 0.639599 0.118737
vt 0.614495 0.148744
vt 0.639759 0.148879
vt 0.593242 0.055776
vt 0.610592 0.119107
vt 0.610592 0.144056
vt 0.579300 0.144214
vt 0.448134 0.140467
vt 0.449840 0.176333
vt 0.474723 0.176330
vt 0.710090 0.088599
vt 0.479395 0.115309
vt 0.510671 0.140405
vt 0.510671 0.115581
vt 0.788071 0.135296
vt 0.213863 0.037141
vt 0.218341 0.037141
vt 0.790199 0.137647
vt 0.215957 0.040846
vt 0.249748 0.037141
vt 0.820672 0.136713
vt 0.247562 0.040600
vt 0.818383 0.137647
vt 0.246525 0.037141
vt 0.213854 0.069742
vt 0.216213 0.072100
vt 0.215963 0.066015
vt 0.219680 0.070332
vt 0.248814 0.070666
vt 0.249738 0.069742
vt 0.244880 0.069996
vt 0.247552 0.066205
vt 0.341089 0.064526
vt 0.370645 0.094082
vt 0.183613 0.066467
vt 0.338044 0.061252
vt 0.216213 0.099330
vt 0.186625 0.069742
vt 0.373775 0.097127
vt 0.219344 0.102342
vt 0.403245 0.096056
vt 0.434775 0.064526
vt 0.245527 0.102342
vt 0.399958 0.097127
vt 0.280320 0.069742
vt 0.248814 0.101248
vt 0.435846 0.061221
vt 0.281414 0.066436
vt 0.645559 0.058266
vt 0.341103 0.031926
vt 0.791224 0.105047
vt 0.648711 0.055207
vt 0.186664 0.037141
vt 0.788071 0.108099
vt 0.338044 0.035226
vt 0.183613 0.040442
vt 0.434771 0.031926
vt 0.678159 0.056281
vt 0.281414 0.040396
vt 0.435846 0.035180
vt 0.820672 0.106101
vt 0.280360 0.037141
vt 0.674916 0.055207
vt 0.817428 0.105047
vt 0.368286 0.031926
vt 0.645559 0.085449
vt 0.370394 0.035650
vt 0.647704 0.087808
vt 0.372790 0.031926
vt 0.678159 0.086883
vt 0.404169 0.031926
vt 0.400883 0.031926
vt 0.675797 0.087808
vt 0.401984 0.035462
vt 0.370645 0.066877
vt 0.368294 0.064526
vt 0.374105 0.065131
vt 0.370389 0.060821
vt 0.404180 0.064526
vt 0.403245 0.065461
vt 0.401994 0.061068
vt 0.399396 0.064764
vt 0.706740 0.152188
vt 0.296209 0.116600
vt 0.298083 0.116600
vt 0.708506 0.152296
vt 0.297192 0.120263
vt 0.329027 0.116600
vt 0.739340 0.152186
vt 0.327236 0.120024
vt 0.737446 0.152296
vt 0.327023 0.116600
vt 0.296208 0.149200
vt 0.296316 0.149309
vt 0.297199 0.145517
vt 0.299280 0.147644
vt 0.328917 0.149309
vt 0.329025 0.149200
vt 0.325575 0.147595
vt 0.327214 0.145699
vt 0.106049 0.154214
vt 0.138511 0.186676
vt 0.263716 0.145962
vt 0.105910 0.150976
vt 0.296316 0.181663
vt 0.263854 0.149200
vt 0.141093 0.186815
vt 0.298899 0.181801
vt 0.171111 0.186689
vt 0.203586 0.154214
vt 0.326178 0.181801
vt 0.168372 0.186815
vt 0.361389 0.149200
vt 0.328917 0.181673
vt 0.203712 0.150946
vt 0.361518 0.145932
vt 0.531464 0.053693
vt 0.106050 0.121614
vt 0.709340 0.119695
vt 0.534064 0.053554
vt 0.263855 0.116600
vt 0.706740 0.119835
vt 0.105910 0.124876
vt 0.263716 0.119862
vt 0.203585 0.121614
vt 0.564064 0.053680
vt 0.361518 0.119819
vt 0.203712 0.124833
vt 0.739340 0.119819
vt 0.361394 0.116600
vt 0.561360 0.053554
vt 0.736637 0.119695
vt 0.139282 0.363486
vt 0.138354 0.234012
vt 0.143375 0.234012
vt 0.143375 0.364414
vt 0.142153 0.237431
vt 0.172890 0.234012
vt 0.171883 0.363407
vt 0.171069 0.237733
vt 0.168623 0.364414
vt 0.168623 0.234012
vt 0.138316 0.266613
vt 0.139282 0.267579
vt 0.142210 0.263367
vt 0.145541 0.265838
vt 0.171883 0.267614
vt 0.172884 0.266613
vt 0.166329 0.266029
vt 0.171080 0.262912
vt 0.106682 0.264197
vt 0.139282 0.301630
vt 0.139282 0.298445
vt 0.107451 0.266613
vt 0.145077 0.299956
vt 0.171883 0.301796
vt 0.204483 0.264030
vt 0.166689 0.299902
vt 0.203480 0.266613
vt 0.171883 0.298210
vt 0.107470 0.234012
vt 0.139282 0.332602
vt 0.139282 0.329360
vt 0.106682 0.236466
vt 0.145125 0.331068
vt 0.171883 0.332808
vt 0.203489 0.234012
vt 0.166672 0.331133
vt 0.204483 0.236570
vt 0.171883 0.329256
vt 0.369209 0.322242
vt 0.368951 0.192098
vt 0.372224 0.192098
vt 0.372224 0.322500
vt 0.371950 0.195529
vt 0.402041 0.192098
vt 0.401810 0.322269
vt 0.400841 0.195812
vt 0.399383 0.322500
vt 0.399383 0.192098
vt 0.368940 0.224699
vt 0.369209 0.224969
vt 0.371950 0.221432
vt 0.374235 0.223386
vt 0.401810 0.224929
vt 0.402040 0.224699
vt 0.397410 0.223420
vt 0.400851 0.221007
vt 0.336609 0.222281
vt 0.369209 0.259718
vt 0.369209 0.257080
vt 0.336828 0.224699
vt 0.373596 0.258714
vt 0.401810 0.259891
vt 0.434410 0.222108
vt 0.397835 0.258704
vt 0.434180 0.224699
vt 0.401810 0.257069
vt 0.336834 0.192098
vt 0.369209 0.290125
vt 0.369209 0.287443
vt 0.336609 0.194556
vt 0.373615 0.288479
vt 0.401810 0.290128
vt 0.434182 0.192098
vt 0.397841 0.288515
vt 0.434410 0.194664
vt 0.401810 0.287334
vt 0.220715 0.323288
vt 0.220305 0.193296
vt 0.224449 0.193296
vt 0.224449 0.323698
vt 0.223846 0.196723
vt 0.253693 0.193296
vt 0.253315 0.323320
vt 0.252219 0.197012
vt 0.250300 0.323698
vt 0.250300 0.193296
vt 0.220289 0.225897
vt 0.220715 0.226323
vt 0.223852 0.222632
vt 0.226569 0.224734
vt 0.253315 0.226272
vt 0.253691 0.225897
vt 0.248140 0.224794
vt 0.252230 0.222201
vt 0.188114 0.223481
vt 0.220715 0.260913
vt 0.220715 0.258149
vt 0.188462 0.225897
vt 0.225924 0.259748
vt 0.253315 0.261090
vt 0.285916 0.223304
vt 0.248602 0.259728
vt 0.285539 0.225897
vt 0.253315 0.258120
vt 0.188472 0.193296
vt 0.220715 0.291455
vt 0.220715 0.288642
vt 0.188114 0.195751
vt 0.225959 0.289839
vt 0.253315 0.291471
vt 0.285542 0.193296
vt 0.248596 0.289884
vt 0.285916 0.195863
vt 0.253315 0.288530
vt 0.606083 0.361944
vt 0.605957 0.231669
vt 0.608501 0.231669
vt 0.608501 0.362071
vt 0.608450 0.235106
vt 0.638793 0.231669
vt 0.638684 0.361962
vt 0.637818 0.235378
vt 0.636722 0.362071
vt 0.636722 0.231669
vt 0.605952 0.264269
vt 0.606083 0.264401
vt 0.608439 0.260988
vt 0.610313 0.262801
vt 0.638684 0.264378
vt 0.638793 0.264269
vt 0.635006 0.262821
vt 0.637827 0.260581
vt 0.573483 0.261849
vt 0.606083 0.299289
vt 0.606083 0.296761
vt 0.573592 0.264269
vt 0.609722 0.298426
vt 0.638684 0.299465
vt 0.671285 0.261674
vt 0.635385 0.298419
vt 0.671176 0.264269
vt 0.638684 0.296761
vt 0.573594 0.231669
vt 0.606083 0.329582
vt 0.606083 0.327011
vt 0.573483 0.234128
vt 0.609732 0.327908
vt 0.638684 0.329578
vt 0.671177 0.231669
vt 0.635396 0.327941
vt 0.671285 0.234238
vt 0.638684 0.326901
vt 0.759170 0.364543
vt 0.758995 0.234316
vt 0.761693 0.234316
vt 0.761693 0.364718
vt 0.761585 0.237750
vt 0.791923 0.234316
vt 0.791770 0.364565
vt 0.790905 0.238026
vt 0.789736 0.364718
vt 0.789736 0.234316
vt 0.758988 0.266916
vt 0.759170 0.267098
vt 0.761581 0.263643
vt 0.763556 0.265501
vt 0.791770 0.267068
vt 0.791922 0.266916
vt 0.787954 0.265526
vt 0.790914 0.263227
vt 0.726569 0.264497
vt 0.759170 0.301936
vt 0.759170 0.299368
vt 0.726718 0.266916
vt 0.763117 0.301019
vt 0.791770 0.302109
vt 0.824371 0.264324
vt 0.788179 0.301012
vt 0.824218 0.266916
vt 0.791770 0.299364
vt 0.726722 0.234316
vt 0.759170 0.332270
vt 0.759170 0.329659
vt 0.726569 0.236774
vt 0.763130 0.330608
vt 0.791770 0.332268
vt 0.824220 0.234316
vt 0.788189 0.330641
vt 0.824371 0.236883
vt 0.791770 0.329550
vt 0.138402 0.121614
vt 0.531464 0.086046
vt 0.139393 0.125297
vt 0.533244 0.086154
vt 0.140291 0.121614
vt 0.564064 0.086046
vt 0.171220 0.121614
vt 0.169157 0.121614
vt 0.562110 0.086154
vt 0.169407 0.125115
vt 0.138511 0.154322
vt 0.138403 0.154214
vt 0.141465 0.152676
vt 0.139386 0.150551
vt 0.171221 0.154214
vt 0.171111 0.154324
vt 0.169429 0.150791
vt 0.167845 0.152638
vt 0.062870 0.194494
vt 0.063838 0.323928
vt 0.066765 0.197739
vt 0.067523 0.324896
vt 0.067523 0.194494
vt 0.096438 0.323894
vt 0.097440 0.194494
vt 0.093233 0.194494
vt 0.093233 0.324896
vt 0.095636 0.198195
vt 0.063838 0.228022
vt 0.062910 0.227094
vt 0.070440 0.226271
vt 0.066709 0.223675
vt 0.097446 0.227094
vt 0.096438 0.228102
vt 0.095625 0.223374
vt 0.090942 0.226518
vt 0.063838 0.262112
vt 0.031237 0.224677
vt 0.069670 0.260437
vt 0.032007 0.227094
vt 0.063838 0.258924
vt 0.129039 0.224510
vt 0.096438 0.262279
vt 0.096438 0.258692
vt 0.128036 0.227094
vt 0.091195 0.260385
vt 0.063838 0.293076
vt 0.032018 0.194494
vt 0.069750 0.291538
vt 0.031237 0.196987
vt 0.063838 0.289801
vt 0.128041 0.194494
vt 0.096438 0.293293
vt 0.096438 0.289727
vt 0.129039 0.197062
vt 0.091253 0.291608
vt 0.445582 0.234012
vt 0.445852 0.364145
vt 0.448592 0.237279
vt 0.448597 0.364414
vt 0.448597 0.234012
vt 0.478452 0.364184
vt 0.478682 0.234012
vt 0.476059 0.234012
vt 0.476059 0.364414
vt 0.477494 0.237705
vt 0.445852 0.266872
vt 0.445593 0.266613
vt 0.451151 0.265219
vt 0.448593 0.263182
vt 0.478683 0.266613
vt 0.478452 0.266844
vt 0.477484 0.262900
vt 0.474067 0.265334
vt 0.445852 0.301633
vt 0.413251 0.264193
vt 0.450251 0.300632
vt 0.413471 0.266613
vt 0.445852 0.298994
vt 0.511053 0.264021
vt 0.478452 0.301806
vt 0.478452 0.298983
vt 0.510822 0.266613
vt 0.474459 0.300611
vt 0.445852 0.332037
vt 0.413474 0.234012
vt 0.450332 0.330370
vt 0.413251 0.236511
vt 0.445852 0.329315
vt 0.510824 0.234012
vt 0.478452 0.332043
vt 0.478452 0.329236
vt 0.511053 0.236590
vt 0.474484 0.330412
vt 0.296931 0.234012
vt 0.297357 0.363988
vt 0.300494 0.237276
vt 0.300756 0.364414
vt 0.300756 0.234012
vt 0.329958 0.364039
vt 0.330333 0.234012
vt 0.326989 0.234012
vt 0.326989 0.364414
vt 0.328873 0.237708
vt 0.297357 0.267022
vt 0.296948 0.266613
vt 0.303517 0.265379
vt 0.300489 0.263185
vt 0.330336 0.266613
vt 0.329958 0.266991
vt 0.328861 0.262897
vt 0.324819 0.265515
vt 0.297357 0.301630
vt 0.264757 0.264196
vt 0.302592 0.300469
vt 0.265105 0.266613
vt 0.297357 0.298865
vt 0.362558 0.264019
vt 0.329958 0.301807
vt 0.329958 0.298836
vt 0.362181 0.266613
vt 0.325209 0.300439
vt 0.297357 0.332168
vt 0.265111 0.234012
vt 0.302680 0.330536
vt 0.264757 0.236510
vt 0.297357 0.329316
vt 0.362183 0.234012
vt 0.329958 0.332189
vt 0.329958 0.329236
vt 0.362558 0.236590
vt 0.325253 0.330586
vt 0.524131 0.190461
vt 0.524262 0.320732
vt 0.526614 0.193742
vt 0.526478 0.320863
vt 0.526478 0.190461
vt 0.556863 0.320755
vt 0.556971 0.190461
vt 0.554926 0.190461
vt 0.554926 0.320863
vt 0.556006 0.194148
vt 0.524262 0.223188
vt 0.524136 0.223062
vt 0.528710 0.221508
vt 0.526625 0.219624
vt 0.556972 0.223062
vt 0.556863 0.223171
vt 0.555997 0.219352
vt 0.553190 0.221609
vt 0.524262 0.258083
vt 0.491662 0.220641
vt 0.527908 0.257223
vt 0.491771 0.223062
vt 0.524262 0.255553
vt 0.589464 0.220466
vt 0.556863 0.258258
vt 0.556863 0.255554
vt 0.589355 0.223062
vt 0.553553 0.257205
vt 0.524262 0.288373
vt 0.491773 0.190461
vt 0.527985 0.286673
vt 0.491662 0.192963
vt 0.524262 0.285761
vt 0.589356 0.190461
vt 0.556863 0.288371
vt 0.556863 0.285681
vt 0.589464 0.193043
vt 0.553567 0.286716
vt 0.682152 0.189678
vt 0.682333 0.319899
vt 0.684733 0.192953
vt 0.684632 0.320080
vt 0.684632 0.189678
vt 0.714934 0.319929
vt 0.715086 0.189678
vt 0.712928 0.189678
vt 0.712928 0.320080
vt 0.714077 0.193367
vt 0.682333 0.222453
vt 0.682159 0.222279
vt 0.686942 0.220778
vt 0.684739 0.218844
vt 0.715086 0.222279
vt 0.714934 0.222432
vt 0.714068 0.218569
vt 0.711133 0.220884
vt 0.682333 0.257299
vt 0.649733 0.219859
vt 0.686295 0.256387
vt 0.649881 0.222279
vt 0.682333 0.254731
vt 0.747534 0.219685
vt 0.714934 0.257474
vt 0.714934 0.254727
vt 0.747383 0.222279
vt 0.711324 0.256367
vt 0.682333 0.287631
vt 0.649884 0.189678
vt 0.686374 0.285946
vt 0.649733 0.192178
vt 0.682333 0.284980
vt 0.747383 0.189678
vt 0.714934 0.287631
vt 0.714934 0.284900
vt 0.747534 0.192258
vt 0.711342 0.285988
vt 0.589338 0.087384
vt 0.610720 0.115281
vt 0.612987 0.115281
vt 0.591181 0.087808
vt 0.611861 0.118985
vt 0.644102 0.115281
vt 0.621938 0.087450
vt 0.642187 0.118724
vt 0.619946 0.087808
vt 0.641753 0.115281
vt 0.610719 0.147882
vt 0.611144 0.148307
vt 0.611868 0.144157
vt 0.614238 0.146640
vt 0.643745 0.148234
vt 0.644097 0.147882
vt 0.640169 0.146582
vt 0.642169 0.144353
vt 0.413933 0.144293
vt 0.445988 0.176348
vt 0.578544 0.144625
vt 0.413388 0.141037
vt 0.611144 0.179942
vt 0.579084 0.147882
vt 0.448994 0.176894
vt 0.614151 0.180482
vt 0.478589 0.176502
vt 0.510797 0.144293
vt 0.640612 0.180482
vt 0.475456 0.176894
vt 0.675948 0.147882
vt 0.643745 0.180084
vt 0.511189 0.140875
vt 0.676345 0.144463
vt 0.706740 0.057409
vt 0.413935 0.111693
vt 0.592364 0.055207
vt 0.709766 0.056861
vt 0.579090 0.115281
vt 0.589338 0.055754
vt 0.413388 0.114972
vt 0.578544 0.118560
vt 0.510796 0.111693
vt 0.739340 0.057253
vt 0.676345 0.118665
vt 0.511189 0.115077
vt 0.621938 0.055595
vt 0.675957 0.115281
vt 0.736237 0.056861
vt 0.618835 0.055207
vt 0.445562 0.111693
vt 0.706740 0.089035
vt 0.446712 0.115417
vt 0.708598 0.089461
vt 0.447846 0.111693
vt 0.739340 0.089109
vt 0.478941 0.111693
vt 0.476524 0.111693
vt 0.737276 0.089461
vt 0.477013 0.115221
vt 0.445988 0.144717
vt 0.445564 0.144293
vt 0.449073 0.143068
vt 0.446705 0.140589
vt 0.478946 0.144293
vt 0.478589 0.144651
vt 0.477031 0.140850
vt 0.475102 0.143018
vt 0.788071 0.137647
vt 0.216213 0.037141
vt 0.248814 0.037141
vt 0.820672 0.137647
vt 0.216213 0.069742
vt 0.248814 0.069742
vt 0.183613 0.069742
vt 0.216213 0.102342
vt 0.370645 0.097127
vt 0.338044 0.064526
vt 0.248814 0.102342
vt 0.281414 0.069742
vt 0.435846 0.064526
vt 0.403245 0.097127
vt 0.788071 0.105047
vt 0.183613 0.037141
vt 0.338044 0.031926
vt 0.645559 0.055207
vt 0.281414 0.037141
vt 0.820672 0.105047
vt 0.678159 0.055207
vt 0.435846 0.031926
vt 0.370645 0.031926
vt 0.645559 0.087808
vt 0.678159 0.087808
vt 0.403245 0.031926
vt 0.370645 0.064526
vt 0.403245 0.064526
vt 0.706740 0.152296
vt 0.296316 0.116600
vt 0.328917 0.116600
vt 0.739340 0.152296
vt 0.296316 0.149200
vt 0.328917 0.149200
vt 0.263716 0.149200
vt 0.296316 0.181801
vt 0.138511 0.186815
vt 0.105910 0.154214
vt 0.328917 0.181801
vt 0.361518 0.149200
vt 0.203712 0.154214
vt 0.171111 0.186815
vt 0.706740 0.119695
vt 0.263716 0.116600
vt 0.105910 0.121614
vt 0.531464 0.053554
vt 0.361518 0.116600
vt 0.739340 0.119695
vt 0.564064 0.053554
vt 0.203712 0.121614
vt 0.139282 0.364414
vt 0.139282 0.234012
vt 0.171883 0.234012
vt 0.171883 0.364414
vt 0.139282 0.266613
vt 0.171883 0.266613
vt 0.106682 0.266613
vt 0.139282 0.299213
vt 0.171883 0.299213
vt 0.204483 0.266613
vt 0.106682 0.234012
vt 0.139282 0.331814
vt 0.171883 0.331814
vt 0.204483 0.234012
vt 0.369209 0.322500
vt 0.369209 0.192098
vt 0.401810 0.192098
vt 0.401810 0.322500
vt 0.369209 0.224699
vt 0.401810 0.224699
vt 0.336609 0.224699
vt 0.369209 0.257300
vt 0.401810 0.257300
vt 0.434410 0.224699
vt 0.336609 0.192098
vt 0.369209 0.289900
vt 0.401810 0.289900
vt 0.434410 0.192098
vt 0.220715 0.323698
vt 0.220715 0.193296
vt 0.253315 0.193296
vt 0.253315 0.323698
vt 0.220715 0.225897
vt 0.253315 0.225897
vt 0.188114 0.225897
vt 0.220715 0.258497
vt 0.253315 0.258497
vt 0.285916 0.225897
vt 0.188114 0.193296
vt 0.220715 0.291098
vt 0.253315 0.291098
vt 0.285916 0.193296
vt 0.606083 0.362071
vt 0.606083 0.231669
vt 0.638684 0.231669
vt 0.638684 0.362071
vt 0.606083 0.264269
vt 0.638684 0.264269
vt 0.573483 0.264269
vt 0.606083 0.296870
vt 0.638684 0.296870
vt 0.671285 0.264269
vt 0.573483 0.231669
vt 0.606083 0.329470
vt 0.638684 0.329470
vt 0.671285 0.231669
vt 0.759170 0.364718
vt 0.759170 0.234316
vt 0.791770 0.234316
vt 0.791770 0.364718
vt 0.759170 0.266916
vt 0.791770 0.266916
vt 0.726569 0.266916
vt 0.759170 0.299517
vt 0.791770 0.299517
vt 0.824371 0.266916
vt 0.726569 0.234316
vt 0.759170 0.332117
vt 0.791770 0.332117
vt 0.824371 0.234316
vt 0.138511 0.121614
vt 0.531464 0.086154
vt 0.564064 0.086154
vt 0.171111 0.121614
vt 0.138511 0.154214
vt 0.171111 0.154214
vt 0.063838 0.194494
vt 0.063838 0.324896
vt 0.096438 0.324896
vt 0.096438 0.194494
vt 0.063838 0.227094
vt 0.096438 0.227094
vt 0.063838 0.259695
vt 0.031237 0.227094
vt 0.129039 0.227094
vt 0.096438 0.259695
vt 0.063838 0.292295
vt 0.031237 0.194494
vt 0.129039 0.194494
vt 0.096438 0.292295
vt 0.445852 0.234012
vt 0.445852 0.364414
vt 0.478452 0.364414
vt 0.478452 0.234012
vt 0.445852 0.266613
vt 0.478452 0.266613
vt 0.445852 0.299213
vt 0.413251 0.266613
vt 0.511053 0.266613
vt 0.478452 0.299213
vt 0.445852 0.331814
vt 0.413251 0.234012
vt 0.511053 0.234012
vt 0.478452 0.331814
vt 0.297357 0.234012
vt 0.297357 0.364414
vt 0.329958 0.364414
vt 0.329958 0.234012
vt 0.297357 0.266613
vt 0.329958 0.266613
vt 0.297357 0.299213
vt 0.264757 0.266613
vt 0.362558 0.266613
vt 0.329958 0.299213
vt 0.297357 0.331814
vt 0.264757 0.234012
vt 0.362558 0.234012
vt 0.329958 0.331814
vt 0.524262 0.190461
vt 0.524262 0.320863
vt 0.556863 0.320863
vt 0.556863 0.190461
vt 0.524262 0.223062
vt 0.556863 0.223062
vt 0.524262 0.255662
vt 0.491662 0.223062
vt 0.589464 0.223062
vt 0.556863 0.255662
vt 0.524262 0.288263
vt 0.491662 0.190461
vt 0.589464 0.190461
vt 0.556863 0.288263
vt 0.682333 0.189678
vt 0.682333 0.320080
vt 0.714934 0.320080
vt 0.714934 0.189678
vt 0.682333 0.222279
vt 0.714934 0.222279
vt 0.682333 0.254879
vt 0.649733 0.222279
vt 0.747534 0.222279
vt 0.714934 0.254879
vt 0.682333 0.287480
vt 0.649733 0.189678
vt 0.747534 0.189678
vt 0.714934 0.287480
vt 0.589338 0.087808
vt 0.611144 0.115281
vt 0.643745 0.115281
vt 0.621938 0.087808
vt 0.611144 0.147882
vt 0.643745 0.147882
vt 0.578544 0.147882
vt 0.611144 0.180482
vt 0.445988 0.176894
vt 0.413388 0.144293
vt 0.643745 0.180482
vt 0.676345 0.147882
vt 0.511189 0.144293
vt 0.478589 0.176894
vt 0.589338 0.055207
vt 0.578544 0.115281
vt 0.413388 0.111693
vt 0.706740 0.056861
vt 0.676345 0.115281
vt 0.621938 0.055207
vt 0.739340 0.056861
vt 0.511189 0.111693
vt 0.445988 0.111693
vt 0.706740 0.089461
vt 0.739340 0.089461
vt 0.478589 0.111693
vt 0.445988 0.144293
vt 0.478589 0.144293
vt 0.788497 0.625091
vt 0.797718 0.624862
vt 0.798191 0.663092
vt 0.789008 0.663283
vt 0.740713 0.626278
vt 0.741417 0.664276
vt 0.790568 0.779983
vt 0.799636 0.779904
vt 0.799718 0.786486
vt 0.794001 0.786532
vt 0.790612 0.783273
vt 0.829866 0.609234
vt 0.823750 0.609395
vt 0.823568 0.590363
vt 0.829697 0.590189
vt 0.829937 0.617253
vt 0.823826 0.617409
vt 0.823892 0.624213
vt 0.829998 0.624061
vt 0.824257 0.662549
vt 0.830338 0.662422
vt 0.825438 0.786280
vt 0.825375 0.779681
vt 0.831380 0.779628
vt 0.831439 0.786232
vt 0.825710 0.814748
vt 0.831692 0.814718
vt 0.825850 0.829403
vt 0.831822 0.829382
vt 0.733616 0.664438
vt 0.732880 0.626472
vt 0.735992 0.786997
vt 0.735865 0.780459
vt 0.743569 0.780392
vt 0.743630 0.783665
vt 0.740381 0.786961
vt 0.736820 0.829717
vt 0.736539 0.815199
vt 0.740914 0.815177
vt 0.744274 0.818407
vt 0.744483 0.829690
vt 0.732583 0.611114
vt 0.706105 0.611814
vt 0.705699 0.593561
vt 0.732228 0.592808
vt 0.732750 0.619735
vt 0.706296 0.620410
vt 0.706446 0.627128
vt 0.707288 0.664987
vt 0.710006 0.787205
vt 0.709861 0.780685
vt 0.710632 0.815330
vt 0.710954 0.829809
vt 0.788184 0.625380
vt 0.788692 0.663232
vt 0.797793 0.663042
vt 0.797322 0.625153
vt 0.740825 0.626554
vt 0.741523 0.664215
vt 0.790064 0.765632
vt 0.790129 0.770440
vt 0.799125 0.770353
vt 0.799066 0.765540
vt 0.743410 0.766107
vt 0.743499 0.770892
vt 0.790242 0.778910
vt 0.790286 0.782171
vt 0.793646 0.785401
vt 0.799312 0.785356
vt 0.799231 0.778830
vt 0.829180 0.609666
vt 0.829011 0.590793
vt 0.822938 0.590965
vt 0.823120 0.609826
vt 0.829252 0.617614
vt 0.823196 0.617768
vt 0.823261 0.624510
vt 0.829312 0.624360
vt 0.823626 0.662503
vt 0.829652 0.662378
vt 0.824660 0.770105
vt 0.830617 0.770048
vt 0.830574 0.765219
vt 0.824614 0.765280
vt 0.824805 0.785148
vt 0.830752 0.785100
vt 0.830693 0.778553
vt 0.824742 0.778606
vt 0.825076 0.813370
vt 0.831005 0.813339
vt 0.825216 0.827899
vt 0.831135 0.827877
vt 0.733791 0.664377
vt 0.733062 0.626747
vt 0.735855 0.770966
vt 0.735762 0.766185
vt 0.736143 0.785869
vt 0.740494 0.785833
vt 0.743715 0.782565
vt 0.743655 0.779320
vt 0.736018 0.779387
vt 0.736964 0.828225
vt 0.744560 0.828196
vt 0.744353 0.817010
vt 0.741022 0.813807
vt 0.736685 0.813829
vt 0.732767 0.611526
vt 0.732416 0.593384
vt 0.706122 0.594128
vt 0.706524 0.612219
vt 0.732933 0.620070
vt 0.706713 0.620738
vt 0.706861 0.627397
vt 0.707694 0.664921
vt 0.710053 0.771216
vt 0.709947 0.766448
vt 0.710383 0.786078
vt 0.710240 0.779614
vt 0.711002 0.813963
vt 0.711321 0.828319
vt 0.790454 0.771439
vt 0.799531 0.771353
vt 0.743412 0.771890
vt 0.735700 0.771964
vt 0.709673 0.772214
vt 0.825294 0.771106
vt 0.831304 0.771048
vt 0.789079 0.668609
vt 0.741515 0.669574
vt 0.733719 0.669733
vt 0.707405 0.670267
vt 0.707810 0.670154
vt 0.733892 0.669625
vt 0.741620 0.669468
vt 0.788762 0.668510
vt 0.797858 0.668326
vt 0.823677 0.667802
vt 0.829700 0.667679
vt 0.824308 0.667894
vt 0.830386 0.667771
vt 0.798257 0.668423
vt 0.788880 0.668547
vt 0.798007 0.668362
vt 0.797945 0.668347
vt 0.788832 0.668532
vt 0.799276 0.770724
vt 0.790250 0.770811
vt 0.790200 0.770658
vt 0.799214 0.770571
vt 0.741581 0.669507
vt 0.741597 0.669491
vt 0.743466 0.771263
vt 0.743480 0.771110
vt 0.830872 0.770419
vt 0.824896 0.770477
vt 0.824799 0.770324
vt 0.830767 0.770266
vt 0.823815 0.667822
vt 0.823912 0.667836
vt 0.829955 0.667713
vt 0.829850 0.667699
vt 0.830829 0.765575
vt 0.830724 0.765428
vt 0.733828 0.669665
vt 0.733854 0.669648
vt 0.735797 0.771337
vt 0.735821 0.771184
vt 0.703046 0.771653
vt 0.702936 0.766873
vt 0.703003 0.766727
vt 0.703113 0.771500
vt 0.707721 0.670179
vt 0.707659 0.670196
vt 0.709912 0.771586
vt 0.709970 0.771434
vt 0.794012 0.813532
vt 0.790750 0.816784
vt 0.790901 0.828025
vt 0.799841 0.827992
vt 0.799661 0.813502
vt 0.791079 0.818187
vt 0.794370 0.814907
vt 0.800069 0.814878
vt 0.800250 0.829493
vt 0.791231 0.829525
vt 0.790707 0.813549
vt 0.791036 0.814923
vt 0.744294 0.813790
vt 0.744214 0.815160
vt 0.790330 0.785428
vt 0.790656 0.786559
vt 0.743775 0.785807
vt 0.743691 0.786935
vt 0.695520 0.786478
vt 0.695999 0.786276
vt 0.695845 0.779818
vt 0.695366 0.780010
vt 0.696976 0.786187
vt 0.696823 0.779732
vt 0.691302 0.620878
vt 0.691604 0.620810
vt 0.691764 0.627513
vt 0.691462 0.627570
vt 0.692530 0.620762
vt 0.692689 0.627470
vt 0.692326 0.612179
vt 0.691400 0.612234
vt 0.690966 0.594021
vt 0.691894 0.593952
vt 0.691098 0.612316
vt 0.690664 0.594132
vt 0.800315 0.834788
vt 0.800297 0.835615
vt 0.791290 0.835641
vt 0.791302 0.834815
vt 0.800229 0.835728
vt 0.791236 0.835754
vt 0.838336 0.609115
vt 0.838060 0.609048
vt 0.837907 0.589999
vt 0.838185 0.590096
vt 0.837119 0.609043
vt 0.836965 0.589983
vt 0.838501 0.779566
vt 0.839423 0.779479
vt 0.839476 0.786084
vt 0.838554 0.786175
vt 0.839693 0.779284
vt 0.839746 0.785879
vt 0.740457 0.611011
vt 0.740032 0.610948
vt 0.739692 0.592640
vt 0.740118 0.592731
vt 0.739046 0.610944
vt 0.738704 0.592625
vt 0.699280 0.620589
vt 0.699434 0.627302
vt 0.699082 0.612000
vt 0.698663 0.593760
vt 0.797634 0.618078
vt 0.791828 0.619263
vt 0.789784 0.617029
vt 0.789695 0.610293
vt 0.797535 0.610086
vt 0.700305 0.665133
vt 0.693586 0.665273
vt 0.696013 0.767542
vt 0.702659 0.767475
vt 0.702769 0.772280
vt 0.696127 0.772344
vt 0.744581 0.834954
vt 0.697149 0.815398
vt 0.703760 0.815364
vt 0.704093 0.829833
vt 0.697492 0.829856
vt 0.696482 0.787313
vt 0.703114 0.787260
vt 0.696328 0.780802
vt 0.702964 0.780745
vt 0.789445 0.591330
vt 0.797300 0.591107
vt 0.837184 0.617068
vt 0.837239 0.623881
vt 0.837550 0.662271
vt 0.831260 0.766177
vt 0.838392 0.766105
vt 0.838431 0.770980
vt 0.838785 0.814682
vt 0.838904 0.829357
vt 0.825901 0.834712
vt 0.831869 0.834694
vt 0.823517 0.585020
vt 0.829649 0.584843
vt 0.737259 0.620585
vt 0.739774 0.622902
vt 0.736922 0.834977
vt 0.711071 0.835054
vt 0.705585 0.588428
vt 0.732128 0.587661
vt 0.693067 0.621086
vt 0.693225 0.627735
vt 0.699911 0.627569
vt 0.699758 0.620915
vt 0.699563 0.612402
vt 0.699148 0.594325
vt 0.692438 0.594515
vt 0.692866 0.612579
vt 0.797239 0.618430
vt 0.797141 0.610510
vt 0.789371 0.610714
vt 0.789460 0.617390
vt 0.791485 0.619604
vt 0.694112 0.665204
vt 0.700771 0.665065
vt 0.696512 0.766585
vt 0.696624 0.771346
vt 0.703209 0.771282
vt 0.703100 0.766518
vt 0.697635 0.814032
vt 0.697974 0.828368
vt 0.704519 0.828344
vt 0.704189 0.813998
vt 0.703550 0.786134
vt 0.703402 0.779674
vt 0.796907 0.591701
vt 0.789122 0.591921
vt 0.836368 0.609477
vt 0.836213 0.590590
vt 0.836433 0.617431
vt 0.836488 0.624182
vt 0.836800 0.662229
vt 0.837681 0.769979
vt 0.837642 0.765147
vt 0.837805 0.785043
vt 0.837751 0.778491
vt 0.838036 0.813303
vt 0.838155 0.827851
vt 0.828964 0.585496
vt 0.822887 0.585671
vt 0.739174 0.611357
vt 0.738835 0.593202
vt 0.739895 0.623209
vt 0.737402 0.620912
vt 0.732317 0.588282
vt 0.706009 0.589041
vt 0.691735 0.627702
vt 0.691577 0.621040
vt 0.691373 0.612515
vt 0.690942 0.594414
vt 0.692630 0.665249
vt 0.692362 0.665284
vt 0.695165 0.771606
vt 0.695052 0.766836
vt 0.694796 0.767314
vt 0.694911 0.772105
vt 0.800024 0.834949
vt 0.791071 0.834976
vt 0.744663 0.835113
vt 0.744624 0.835888
vt 0.696527 0.828743
vt 0.696185 0.814378
vt 0.695936 0.815061
vt 0.696280 0.829487
vt 0.695267 0.787041
vt 0.695112 0.780545
vt 0.788066 0.610646
vt 0.787813 0.591814
vt 0.787968 0.591518
vt 0.788221 0.610436
vt 0.837803 0.590399
vt 0.837954 0.609333
vt 0.838018 0.617305
vt 0.838400 0.617124
vt 0.838073 0.624073
vt 0.838454 0.623922
vt 0.838378 0.662210
vt 0.838760 0.662232
vt 0.839205 0.765371
vt 0.839244 0.770214
vt 0.839625 0.770715
vt 0.839586 0.765850
vt 0.839312 0.778746
vt 0.839365 0.785313
vt 0.839592 0.813638
vt 0.839972 0.814328
vt 0.839708 0.828220
vt 0.840089 0.828973
vt 0.831365 0.834856
vt 0.825437 0.834874
vt 0.825754 0.835654
vt 0.831708 0.835637
vt 0.823030 0.584109
vt 0.829121 0.583932
vt 0.829464 0.583599
vt 0.823345 0.583777
vt 0.740177 0.593020
vt 0.740514 0.611218
vt 0.737055 0.835136
vt 0.736983 0.835910
vt 0.711375 0.835212
vt 0.711192 0.835985
vt 0.705873 0.587505
vt 0.732243 0.586741
vt 0.732149 0.586424
vt 0.705661 0.587193
vt 0.700426 0.670408
vt 0.693711 0.670545
vt 0.692755 0.670486
vt 0.692487 0.670543
vt 0.694235 0.670430
vt 0.700891 0.670295
vt 0.836843 0.667534
vt 0.838421 0.667529
vt 0.838802 0.667574
vt 0.837594 0.667625
vt 0.692070 0.621087
vt 0.692228 0.627739
vt 0.837475 0.617379
vt 0.837411 0.609420
vt 0.837529 0.624136
vt 0.691868 0.612575
vt 0.740133 0.611301
vt 0.739796 0.593133
vt 0.837258 0.590518
vt 0.837837 0.662211
vt 0.693120 0.665229
vt 0.837880 0.667521
vt 0.838668 0.765207
vt 0.838707 0.770042
vt 0.693244 0.670458
vt 0.695532 0.766664
vt 0.695645 0.771427
vt 0.839175 0.827957
vt 0.839057 0.813398
vt 0.838829 0.785117
vt 0.697002 0.828480
vt 0.696661 0.814137
vt 0.838776 0.778561
vt 0.788416 0.610709
vt 0.788165 0.591906
vt 0.691438 0.594501
vt 0.822924 0.584635
vt 0.829005 0.584459
vt 0.705957 0.588020
vt 0.732284 0.587258
vt 0.788685 0.610350
vt 0.788433 0.591401
vt 0.692664 0.665288
vt 0.692790 0.670556
vt 0.695099 0.767481
vt 0.695214 0.772279
vt 0.744604 0.835776
vt 0.736951 0.835799
vt 0.696583 0.829750
vt 0.696239 0.815302
vt 0.695570 0.787238
vt 0.695415 0.780732
vt 0.838124 0.617070
vt 0.838178 0.623879
vt 0.838485 0.662248
vt 0.838528 0.667598
vt 0.839316 0.766025
vt 0.839355 0.770896
vt 0.839704 0.814575
vt 0.839822 0.829242
vt 0.825863 0.835541
vt 0.831827 0.835524
vt 0.823461 0.584072
vt 0.829590 0.583894
vt 0.711118 0.835873
vt 0.705594 0.587489
vt 0.732123 0.586720
vt 0.739310 0.618675
vt 0.741951 0.621216
vt 0.789013 0.621986
vt 0.786877 0.620077
vt 0.739184 0.618328
vt 0.741848 0.620891
vt 0.787178 0.619740
vt 0.789333 0.621666
vt 0.697089 0.832123
vt 0.697302 0.833071
vt 0.698252 0.832033
vt 0.698039 0.831086
vt 0.697865 0.833873
vt 0.698815 0.832834
vt 0.698693 0.834407
vt 0.742894 0.620194
vt 0.741897 0.620021
vt 0.740955 0.621043
vt 0.741045 0.619477
vt 0.740104 0.620499
vt 0.740467 0.618645
vt 0.739526 0.619668
vt 0.740251 0.617651
vt 0.788492 0.616410
vt 0.788306 0.617419
vt 0.789274 0.618398
vt 0.787750 0.618284
vt 0.788717 0.619263
vt 0.786908 0.618874
vt 0.787876 0.619852
vt 0.785908 0.619099
vt 0.693871 0.588369
vt 0.692889 0.588597
vt 0.693912 0.589588
vt 0.694894 0.589361
vt 0.692067 0.589187
vt 0.693090 0.590178
vt 0.691528 0.590051
vt 0.692552 0.591042
vt 0.691356 0.591056
vt 0.692380 0.592046
vt 0.790711 0.585567
vt 0.789707 0.585797
vt 0.790677 0.586801
vt 0.791680 0.586571
vt 0.788862 0.586394
vt 0.789832 0.587397
vt 0.788303 0.587267
vt 0.789274 0.588269
vt 0.788116 0.588283
vt 0.789087 0.589285
vt 0.837628 0.833983
vt 0.838462 0.833435
vt 0.837435 0.832388
vt 0.839015 0.832618
vt 0.837989 0.831571
vt 0.839205 0.831655
vt 0.838178 0.830608
vt 0.834552 0.584298
vt 0.835570 0.584471
vt 0.836108 0.583932
vt 0.835089 0.583759
vt 0.836436 0.585021
vt 0.836976 0.584483
vt 0.837018 0.585866
vt 0.837559 0.585329
vt 0.837229 0.586875
vt 0.837770 0.586340
vt 0.737081 0.587119
vt 0.738080 0.587290
vt 0.738451 0.586761
vt 0.737450 0.586590
vt 0.738935 0.587835
vt 0.739307 0.587307
vt 0.739515 0.588671
vt 0.739888 0.588144
vt 0.739731 0.589670
vt 0.740105 0.589145
vt 0.740151 0.617347
vt 0.740368 0.618348
vt 0.739402 0.619329
vt 0.740951 0.619187
vt 0.739985 0.620168
vt 0.741809 0.619735
vt 0.740844 0.620717
vt 0.742813 0.619910
vt 0.788762 0.616095
vt 0.788574 0.617112
vt 0.788105 0.616778
vt 0.788293 0.615763
vt 0.788014 0.617983
vt 0.787546 0.617649
vt 0.787165 0.618578
vt 0.786699 0.618242
vt 0.786158 0.618805
vt 0.785693 0.618469
vt 0.693417 0.587842
vt 0.692428 0.588071
vt 0.692114 0.587786
vt 0.693101 0.587557
vt 0.691599 0.588667
vt 0.691286 0.588380
vt 0.691057 0.589537
vt 0.690745 0.589249
vt 0.690883 0.590550
vt 0.690571 0.590261
vt 0.696671 0.833420
vt 0.696886 0.834374
vt 0.696592 0.834489
vt 0.696377 0.833536
vt 0.697453 0.835182
vt 0.697158 0.835296
vt 0.698287 0.835721
vt 0.697990 0.835833
vt 0.699259 0.835908
vt 0.698961 0.836020
vt 0.790999 0.585013
vt 0.789987 0.585245
vt 0.789514 0.584961
vt 0.790524 0.584729
vt 0.789135 0.585847
vt 0.788664 0.585562
vt 0.788572 0.586726
vt 0.788102 0.586440
vt 0.788384 0.587750
vt 0.787914 0.587463
vt 0.837268 0.835508
vt 0.838262 0.835312
vt 0.838535 0.835425
vt 0.837542 0.835620
vt 0.839103 0.834761
vt 0.839374 0.834874
vt 0.839661 0.833937
vt 0.839931 0.834052
vt 0.839851 0.832967
vt 0.840122 0.833084
vt 0.837878 0.586329
vt 0.837666 0.585311
vt 0.837941 0.585002
vt 0.838152 0.586018
vt 0.837079 0.584461
vt 0.837355 0.584153
vt 0.836206 0.583906
vt 0.836483 0.583599
vt 0.835180 0.583732
vt 0.835459 0.583425
vt 0.739627 0.589150
vt 0.739408 0.588143
vt 0.739828 0.587833
vt 0.740046 0.588839
vt 0.738824 0.587301
vt 0.739244 0.586992
vt 0.737963 0.586752
vt 0.738384 0.586444
vt 0.736956 0.586580
vt 0.737379 0.586272
vt 0.743226 0.619553
vt 0.704214 0.835075
vt 0.704266 0.835893
vt 0.700147 0.835087
vt 0.704351 0.836005
vt 0.743271 0.619722
vt 0.785549 0.618643
vt 0.788137 0.615950
vt 0.704563 0.835232
vt 0.699196 0.835248
vt 0.696623 0.832775
vt 0.839741 0.832313
vt 0.837173 0.834839
vt 0.787759 0.587776
vt 0.790358 0.585056
vt 0.796922 0.584866
vt 0.797118 0.584538
vt 0.740624 0.617174
vt 0.740567 0.616994
vt 0.690850 0.590559
vt 0.693369 0.587868
vt 0.698879 0.587708
vt 0.698635 0.587396
vt 0.698973 0.588222
vt 0.699031 0.589242
vt 0.796858 0.585389
vt 0.796841 0.586422
vt 0.836192 0.587940
vt 0.738788 0.590721
vt 0.833517 0.585365
vt 0.736140 0.588172
vt 0.691835 0.591461
vt 0.697557 0.832597
vt 0.789410 0.588669
vt 0.838927 0.832138
vt 0.836342 0.834680
vt 0.792027 0.585930
vt 0.797193 0.584833
vt 0.797234 0.585780
vt 0.834244 0.584710
vt 0.836943 0.587309
vt 0.694371 0.588752
vt 0.698558 0.587693
vt 0.698545 0.588632
vt 0.735985 0.587550
vt 0.738657 0.590121
vt 0.835981 0.586931
vt 0.835399 0.586087
vt 0.834534 0.585537
vt 0.738572 0.589723
vt 0.737992 0.588888
vt 0.737138 0.588343
vt 0.692008 0.590448
vt 0.692551 0.589577
vt 0.693381 0.588981
vt 0.699174 0.834900
vt 0.698340 0.834361
vt 0.697772 0.833552
vt 0.789598 0.587645
vt 0.790161 0.586764
vt 0.791014 0.586162
vt 0.838736 0.833109
vt 0.838178 0.833933
vt 0.837337 0.834485
vt 0.835270 0.584885
vt 0.836143 0.585439
vt 0.836731 0.586291
vt 0.736992 0.587722
vt 0.737854 0.588271
vt 0.738439 0.589114
vt 0.696837 0.833724
vt 0.697401 0.834527
vt 0.698229 0.835062
vt 0.742273 0.619548
vt 0.741420 0.619003
vt 0.740841 0.618170
vt 0.787950 0.616960
vt 0.787393 0.617827
vt 0.786550 0.618418
vt 0.692386 0.588096
vt 0.691562 0.588687
vt 0.691023 0.589552
vt 0.789352 0.585286
vt 0.788505 0.585885
vt 0.787946 0.586759
vt 0.838162 0.834644
vt 0.838997 0.834096
vt 0.839552 0.833277
vt 0.740785 0.617994
vt 0.741366 0.618831
vt 0.742224 0.619378
vt 0.789597 0.618046
vt 0.789035 0.618919
vt 0.788186 0.619514
vt 0.739627 0.622245
vt 0.738381 0.621097
vt 0.739359 0.621282
vt 0.790490 0.619807
vt 0.789253 0.620998
vt 0.789494 0.620010
vt 0.738246 0.620771
vt 0.739504 0.621930
vt 0.739233 0.620958
vt 0.789576 0.620670
vt 0.790824 0.619468
vt 0.789819 0.619673
vt 0.787124 0.814892
vt 0.786943 0.814056
vt 0.748055 0.814257
vt 0.747886 0.815090
vt 0.786910 0.813910
vt 0.748118 0.814110
vt 0.787057 0.814597
vt 0.787195 0.815232
vt 0.748015 0.815429
vt 0.748095 0.814796
vt 0.787421 0.816278
vt 0.747838 0.816472
vt 0.790738 0.810088
vt 0.791077 0.809928
vt 0.790801 0.789246
vt 0.790462 0.789531
vt 0.792013 0.810011
vt 0.791734 0.788967
vt 0.786521 0.785741
vt 0.786543 0.785151
vt 0.747533 0.785469
vt 0.747610 0.786056
vt 0.786700 0.784125
vt 0.747331 0.784450
vt 0.786994 0.785243
vt 0.786793 0.786113
vt 0.747489 0.786429
vt 0.747277 0.785567
vt 0.786667 0.786306
vt 0.747584 0.786620
vt 0.792354 0.811356
vt 0.791361 0.811074
vt 0.791083 0.790239
vt 0.792073 0.790128
vt 0.790902 0.810759
vt 0.790626 0.790113
vt 0.742888 0.810285
vt 0.743826 0.810191
vt 0.743444 0.789612
vt 0.742497 0.789349
vt 0.744204 0.810347
vt 0.743825 0.789891
vt 0.744164 0.811016
vt 0.743755 0.811333
vt 0.743370 0.790603
vt 0.743783 0.790471
vt 0.742796 0.811624
vt 0.742402 0.790508
vt 0.789637 0.812783
vt 0.789796 0.813465
vt 0.745379 0.813016
vt 0.745344 0.813697
vt 0.789286 0.786838
vt 0.789445 0.787408
vt 0.744904 0.787192
vt 0.744866 0.787761
vt 0.790607 0.813453
vt 0.790935 0.814826
vt 0.744389 0.813693
vt 0.744310 0.815063
vt 0.790232 0.785526
vt 0.790558 0.786658
vt 0.743875 0.785903
vt 0.743791 0.787032
vt 0.789889 0.812839
vt 0.745034 0.814238
vt 0.789531 0.786336
vt 0.744610 0.786697
vt 0.789803 0.787307
vt 0.790163 0.814006
vt 0.745096 0.813075
vt 0.744544 0.787666
vt 0.838566 0.672277
vt 0.837632 0.672306
vt 0.838840 0.672245
vt 0.838458 0.672179
vt 0.837917 0.672164
vt 0.836881 0.672174
vt 0.829742 0.672316
vt 0.823722 0.672435
vt 0.788824 0.673127
vt 0.797916 0.672947
vt 0.741705 0.674061
vt 0.733981 0.674214
vt 0.707911 0.674731
vt 0.694344 0.675000
vt 0.700996 0.674868
vt 0.693353 0.675030
vt 0.692864 0.675065
vt 0.692597 0.675143
vt 0.692899 0.675162
vt 0.693821 0.675155
vt 0.700532 0.675022
vt 0.700895 0.674901
vt 0.700824 0.674925
vt 0.700719 0.670337
vt 0.700790 0.670319
vt 0.829996 0.672365
vt 0.829891 0.672345
vt 0.830428 0.672449
vt 0.700598 0.675000
vt 0.700492 0.670392
vt 0.707462 0.670251
vt 0.733743 0.669717
vt 0.741530 0.669559
vt 0.789034 0.668595
vt 0.798201 0.668409
vt 0.824219 0.667881
vt 0.830289 0.667758
vt 0.830331 0.672430
vt 0.831164 0.766042
vt 0.831207 0.770907
vt 0.825204 0.770965
vt 0.799474 0.771212
vt 0.790408 0.771299
vt 0.743424 0.771750
vt 0.735722 0.771824
vt 0.709727 0.772073
vt 0.702831 0.772139
vt 0.702721 0.767340
vt 0.422060 0.917696
vt 0.457785 0.917784
vt 0.457747 0.942118
vt 0.422021 0.942029
vt 0.235812 0.917234
vt 0.235774 0.941568
vt 0.582277 0.942427
vt 0.558784 0.942369
vt 0.558823 0.918035
vt 0.582315 0.918093
vt 0.205069 0.941491
vt 0.205107 0.917158
vt 0.101064 0.941234
vt 0.101102 0.916900
vt 0.205838 0.453935
vt 0.101833 0.453677
vt 0.101869 0.430805
vt 0.205874 0.431063
vt 0.236543 0.454011
vt 0.236579 0.431139
vt 0.422827 0.431601
vt 0.422790 0.454473
vt 0.458552 0.431689
vt 0.458516 0.454561
vt 0.583046 0.454870
vt 0.559553 0.454812
vt 0.559590 0.431940
vt 0.583082 0.431998
vt 0.073381 0.941165
vt 0.073419 0.916831
vt 0.074150 0.453608
vt 0.074186 0.430736
vt 0.704628 0.834586
vt 0.737072 0.834487
vt 0.791008 0.834324
vt 0.744669 0.834464
vt 0.799949 0.834297
vt 0.831242 0.834201
vt 0.790967 0.832983
vt 0.799903 0.832955
vt 0.744652 0.833130
vt 0.704631 0.833257
vt 0.831180 0.832856
vt 0.737059 0.833155
vt 0.699652 0.834601
vt 0.699286 0.833758
vt 0.699495 0.833274
vt 0.699505 0.834564
vt 0.836647 0.834185
vt 0.836797 0.834146
vt 0.836987 0.833328
vt 0.836750 0.832838
vt 0.825264 0.832874
vt 0.825323 0.834219
vt 0.711430 0.833236
vt 0.711430 0.834565
vt 0.791828 0.133025
vt 0.788071 0.135296
vt 0.788071 0.108099
vt 0.792155 0.106556
vt 0.213863 0.037141
vt 0.213169 0.040966
vt 0.187959 0.040857
vt 0.186664 0.037141
vt 0.218688 0.040966
vt 0.218341 0.037141
vt 0.246525 0.037141
vt 0.244200 0.040625
vt 0.790199 0.137647
vt 0.816311 0.132971
vt 0.818383 0.137647
vt 0.215957 0.040846
vt 0.215963 0.066015
vt 0.213169 0.065917
vt 0.218719 0.065869
vt 0.250793 0.040771
vt 0.249748 0.037141
vt 0.280360 0.037141
vt 0.280037 0.040690
vt 0.820672 0.136713
vt 0.816603 0.106551
vt 0.820672 0.106101
vt 0.247562 0.040600
vt 0.247552 0.066205
vt 0.244006 0.066111
vt 0.250793 0.066111
vt 0.213854 0.069742
vt 0.186625 0.069742
vt 0.187889 0.066085
vt 0.216213 0.072100
vt 0.219970 0.074363
vt 0.220238 0.100855
vt 0.216213 0.099330
vt 0.219680 0.070332
vt 0.244880 0.069996
vt 0.244454 0.074418
vt 0.248814 0.070666
vt 0.248814 0.101248
vt 0.244639 0.100798
vt 0.249738 0.069742
vt 0.279993 0.066079
vt 0.280320 0.069742
vt 0.342390 0.060810
vt 0.341089 0.064526
vt 0.368294 0.064526
vt 0.367600 0.060701
vt 0.370645 0.094082
vt 0.374670 0.095639
vt 0.374401 0.069148
vt 0.370645 0.066877
vt 0.183613 0.066467
vt 0.183613 0.040442
vt 0.338044 0.061252
vt 0.342391 0.035642
vt 0.338044 0.035226
vt 0.373775 0.097127
vt 0.399958 0.097127
vt 0.399177 0.095622
vt 0.219344 0.102342
vt 0.245527 0.102342
vt 0.403245 0.096056
vt 0.403245 0.065461
vt 0.398885 0.069202
vt 0.434775 0.064526
vt 0.434425 0.060863
vt 0.405224 0.060896
vt 0.404180 0.064526
vt 0.435846 0.061221
vt 0.435846 0.035180
vt 0.434425 0.035588
vt 0.281414 0.066436
vt 0.281414 0.040396
vt 0.649584 0.056694
vt 0.645559 0.058266
vt 0.645559 0.085449
vt 0.649315 0.083186
vt 0.341103 0.031926
vt 0.367600 0.035750
vt 0.368286 0.031926
vt 0.791224 0.105047
vt 0.817428 0.105047
vt 0.648711 0.055207
vt 0.674091 0.056712
vt 0.674916 0.055207
vt 0.434771 0.031926
vt 0.404169 0.031926
vt 0.405224 0.035556
vt 0.678159 0.056281
vt 0.673799 0.083131
vt 0.678159 0.086883
vt 0.373150 0.035798
vt 0.370394 0.035650
vt 0.370389 0.060821
vt 0.373119 0.060701
vt 0.647704 0.087808
vt 0.675797 0.087808
vt 0.372790 0.031926
vt 0.398437 0.035556
vt 0.400883 0.031926
vt 0.401984 0.035462
vt 0.401994 0.061068
vt 0.398631 0.061042
vt 0.374105 0.065131
vt 0.399396 0.064764
vt 0.709931 0.152080
vt 0.706740 0.152188
vt 0.706740 0.119835
vt 0.710175 0.119884
vt 0.296209 0.116600
vt 0.296175 0.120384
vt 0.263916 0.120278
vt 0.263855 0.116600
vt 0.298403 0.120384
vt 0.298083 0.116600
vt 0.327023 0.116600
vt 0.325017 0.120046
vt 0.708506 0.152296
vt 0.735678 0.152048
vt 0.737446 0.152296
vt 0.297192 0.120263
vt 0.297199 0.145517
vt 0.296175 0.145416
vt 0.298430 0.145368
vt 0.329165 0.120191
vt 0.329027 0.116600
vt 0.361394 0.116600
vt 0.361345 0.120112
vt 0.739340 0.152186
vt 0.735914 0.119884
vt 0.739340 0.119819
vt 0.327236 0.120024
vt 0.327214 0.145699
vt 0.324852 0.145609
vt 0.329165 0.145609
vt 0.296208 0.149200
vt 0.263854 0.149200
vt 0.263913 0.145580
vt 0.296316 0.149309
vt 0.299506 0.149416
vt 0.299702 0.181615
vt 0.296316 0.181663
vt 0.299280 0.147644
vt 0.325575 0.147595
vt 0.325254 0.149448
vt 0.328917 0.149309
vt 0.328917 0.181673
vt 0.325401 0.181608
vt 0.329025 0.149200
vt 0.361340 0.145576
vt 0.361389 0.149200
vt 0.106110 0.150535
vt 0.106049 0.154214
vt 0.138403 0.154214
vt 0.138369 0.150430
vt 0.138511 0.186676
vt 0.141896 0.186629
vt 0.141701 0.154430
vt 0.138511 0.154322
vt 0.263716 0.145962
vt 0.263716 0.119862
vt 0.105910 0.150976
vt 0.106110 0.125292
vt 0.105910 0.124876
vt 0.141093 0.186815
vt 0.168372 0.186815
vt 0.167685 0.186627
vt 0.298899 0.181801
vt 0.326178 0.181801
vt 0.171111 0.186689
vt 0.171111 0.154324
vt 0.167449 0.154462
vt 0.203586 0.154214
vt 0.203534 0.150590
vt 0.171357 0.150626
vt 0.171221 0.154214
vt 0.203712 0.150946
vt 0.203712 0.124833
vt 0.203534 0.125238
vt 0.361518 0.145932
vt 0.361518 0.119819
vt 0.534850 0.053739
vt 0.531464 0.053693
vt 0.531464 0.086046
vt 0.534654 0.085937
vt 0.106050 0.121614
vt 0.138369 0.125398
vt 0.138402 0.121614
vt 0.709340 0.119695
vt 0.736637 0.119695
vt 0.534064 0.053554
vt 0.560638 0.053742
vt 0.561360 0.053554
vt 0.203585 0.121614
vt 0.171220 0.121614
vt 0.171357 0.125206
vt 0.564064 0.053680
vt 0.560403 0.085905
vt 0.564064 0.086046
vt 0.147478 0.362213
vt 0.139282 0.363486
vt 0.139282 0.332602
vt 0.146117 0.333919
vt 0.138354 0.234012
vt 0.136961 0.237454
vt 0.108259 0.237624
vt 0.107470 0.234012
vt 0.147924 0.237454
vt 0.143375 0.234012
vt 0.168623 0.234012
vt 0.168854 0.237866
vt 0.143375 0.364414
vt 0.165350 0.362639
vt 0.168623 0.364414
vt 0.142153 0.237431
vt 0.142210 0.263367
vt 0.136961 0.263171
vt 0.147183 0.263467
vt 0.173102 0.237807
vt 0.172890 0.234012
vt 0.203489 0.234012
vt 0.203155 0.237793
vt 0.171883 0.363407
vt 0.166222 0.333677
vt 0.171883 0.332808
vt 0.171069 0.237733
vt 0.171080 0.262912
vt 0.168900 0.262818
vt 0.173102 0.262818
vt 0.138316 0.266613
vt 0.107451 0.266613
vt 0.108204 0.263125
vt 0.139282 0.267579
vt 0.147478 0.268815
vt 0.146117 0.297109
vt 0.139282 0.298445
vt 0.145541 0.265838
vt 0.166329 0.266029
vt 0.165350 0.268388
vt 0.171883 0.267614
vt 0.171883 0.298210
vt 0.166222 0.297350
vt 0.172884 0.266613
vt 0.203140 0.262789
vt 0.203480 0.266613
vt 0.106682 0.264197
vt 0.106682 0.236466
vt 0.139282 0.301630
vt 0.146325 0.302701
vt 0.146325 0.328326
vt 0.139282 0.329360
vt 0.145077 0.299956
vt 0.166689 0.299902
vt 0.167800 0.303038
vt 0.171883 0.301796
vt 0.171883 0.329256
vt 0.167847 0.328033
vt 0.204483 0.264030
vt 0.204483 0.236570
vt 0.145125 0.331068
vt 0.166672 0.331133
vt 0.375564 0.321851
vt 0.369209 0.322242
vt 0.369209 0.290125
vt 0.374220 0.290403
vt 0.368951 0.192098
vt 0.368521 0.195552
vt 0.337097 0.195703
vt 0.336834 0.192098
vt 0.375944 0.195552
vt 0.372224 0.192098
vt 0.399383 0.192098
vt 0.399375 0.195950
vt 0.372224 0.322500
vt 0.396681 0.321974
vt 0.399383 0.322500
vt 0.371950 0.195529
vt 0.371950 0.221432
vt 0.368521 0.221246
vt 0.375392 0.221529
vt 0.402093 0.195893
vt 0.402041 0.192098
vt 0.434182 0.192098
vt 0.434107 0.195881
vt 0.401810 0.322269
vt 0.397519 0.290342
vt 0.401810 0.290128
vt 0.400841 0.195812
vt 0.400851 0.221007
vt 0.399411 0.220905
vt 0.402093 0.220905
vt 0.368940 0.224699
vt 0.336828 0.224699
vt 0.337079 0.221226
vt 0.369209 0.224969
vt 0.375564 0.225348
vt 0.374220 0.256797
vt 0.369209 0.257080
vt 0.374235 0.223386
vt 0.397410 0.223420
vt 0.396681 0.225225
vt 0.401810 0.224929
vt 0.401810 0.257069
vt 0.397519 0.256857
vt 0.402040 0.224699
vt 0.434103 0.220871
vt 0.434180 0.224699
vt 0.336609 0.222281
vt 0.336609 0.194556
vt 0.369209 0.259718
vt 0.374488 0.260772
vt 0.374488 0.286427
vt 0.369209 0.287443
vt 0.373596 0.258714
vt 0.397835 0.258704
vt 0.398831 0.261128
vt 0.401810 0.259891
vt 0.401810 0.287334
vt 0.398867 0.286118
vt 0.434410 0.222108
vt 0.434410 0.194664
vt 0.373615 0.288479
vt 0.397841 0.288515
vt 0.228234 0.322693
vt 0.220715 0.323288
vt 0.220715 0.291455
vt 0.226767 0.291922
vt 0.220305 0.193296
vt 0.219649 0.196752
vt 0.188879 0.196899
vt 0.188472 0.193296
vt 0.228692 0.196752
vt 0.224449 0.193296
vt 0.250300 0.193296
vt 0.250416 0.197148
vt 0.224449 0.323698
vt 0.247249 0.322883
vt 0.250300 0.323698
vt 0.223846 0.196723
vt 0.223852 0.222632
vt 0.219649 0.222441
vt 0.228044 0.222721
vt 0.253779 0.197090
vt 0.253693 0.193296
vt 0.285542 0.193296
vt 0.285420 0.197079
vt 0.253315 0.323320
vt 0.248175 0.291822
vt 0.253315 0.291471
vt 0.252219 0.197012
vt 0.252230 0.222201
vt 0.250459 0.222103
vt 0.253779 0.222103
vt 0.220289 0.225897
vt 0.188462 0.225897
vt 0.188851 0.222427
vt 0.220715 0.226323
vt 0.228234 0.226902
vt 0.226767 0.257673
vt 0.220715 0.258149
vt 0.226569 0.224734
vt 0.248140 0.224794
vt 0.247249 0.226712
vt 0.253315 0.226272
vt 0.253315 0.258120
vt 0.248175 0.257773
vt 0.253691 0.225897
vt 0.285414 0.222068
vt 0.285539 0.225897
vt 0.188114 0.223481
vt 0.188114 0.195751
vt 0.220715 0.260913
vt 0.227058 0.261966
vt 0.227058 0.287628
vt 0.220715 0.288642
vt 0.225924 0.259748
vt 0.248602 0.259728
vt 0.249752 0.262325
vt 0.253315 0.261090
vt 0.253315 0.288530
vt 0.249795 0.287315
vt 0.285916 0.223304
vt 0.285916 0.195863
vt 0.225959 0.289839
vt 0.248596 0.289884
vt 0.611315 0.361753
vt 0.606083 0.361944
vt 0.606083 0.329582
vt 0.610188 0.329711
vt 0.605957 0.231669
vt 0.605745 0.235131
vt 0.573730 0.235269
vt 0.573594 0.231669
vt 0.611650 0.235131
vt 0.608501 0.231669
vt 0.636722 0.231669
vt 0.636626 0.235519
vt 0.608501 0.362071
vt 0.634437 0.361812
vt 0.636722 0.362071
vt 0.608450 0.235106
vt 0.608439 0.260988
vt 0.605745 0.260807
vt 0.611209 0.261081
vt 0.638818 0.235462
vt 0.638793 0.231669
vt 0.671177 0.231669
vt 0.671142 0.235452
vt 0.638684 0.361962
vt 0.635142 0.329681
vt 0.638684 0.329578
vt 0.637818 0.235378
vt 0.637827 0.260581
vt 0.636656 0.260476
vt 0.638818 0.260476
vt 0.605952 0.264269
vt 0.573592 0.264269
vt 0.573721 0.260805
vt 0.606083 0.264401
vt 0.611317 0.264588
vt 0.610187 0.296629
vt 0.606083 0.296761
vt 0.610313 0.262801
vt 0.635006 0.262821
vt 0.634437 0.264528
vt 0.638684 0.264378
vt 0.638684 0.296761
vt 0.635142 0.296658
vt 0.638793 0.264269
vt 0.671140 0.260439
vt 0.671176 0.264269
vt 0.573483 0.261849
vt 0.573483 0.234128
vt 0.606083 0.299289
vt 0.610429 0.300334
vt 0.610429 0.326006
vt 0.606083 0.327011
vt 0.609722 0.298426
vt 0.635385 0.298419
vt 0.636266 0.300699
vt 0.638684 0.299465
vt 0.638684 0.326901
vt 0.636295 0.325687
vt 0.671285 0.261674
vt 0.671285 0.234238
vt 0.609732 0.327908
vt 0.635396 0.327941
vt 0.764637 0.364276
vt 0.759170 0.364543
vt 0.759170 0.332270
vt 0.763632 0.332451
vt 0.758995 0.234316
vt 0.758701 0.237772
vt 0.726904 0.237920
vt 0.726722 0.234316
vt 0.764970 0.237772
vt 0.761693 0.234316
vt 0.789736 0.234316
vt 0.789659 0.238166
vt 0.761693 0.364718
vt 0.787345 0.364359
vt 0.789736 0.364718
vt 0.761585 0.237750
vt 0.761581 0.263643
vt 0.758701 0.263460
vt 0.764498 0.263741
vt 0.791958 0.238109
vt 0.791923 0.234316
vt 0.824220 0.234316
vt 0.824170 0.238098
vt 0.791770 0.364565
vt 0.787908 0.332411
vt 0.791770 0.332268
vt 0.790905 0.238026
vt 0.790914 0.263227
vt 0.789691 0.263122
vt 0.791958 0.263122
vt 0.758988 0.266916
vt 0.726718 0.266916
vt 0.726891 0.263444
vt 0.759170 0.267098
vt 0.764636 0.267357
vt 0.763632 0.299182
vt 0.759170 0.299368
vt 0.763556 0.265501
vt 0.787954 0.265526
vt 0.787345 0.267274
vt 0.791770 0.267068
vt 0.791770 0.299364
vt 0.787908 0.299223
vt 0.791922 0.266916
vt 0.824168 0.263087
vt 0.824218 0.266916
vt 0.726569 0.264497
vt 0.726569 0.236774
vt 0.759170 0.301936
vt 0.763903 0.302989
vt 0.763903 0.328645
vt 0.759170 0.329659
vt 0.763117 0.301019
vt 0.788179 0.301012
vt 0.789106 0.303345
vt 0.791770 0.302109
vt 0.791770 0.329550
vt 0.789138 0.328334
vt 0.824371 0.264324
vt 0.824371 0.236883
vt 0.763130 0.330608
vt 0.788189 0.330641
vt 0.140624 0.125446
vt 0.139393 0.125297
vt 0.139386 0.150551
vt 0.140597 0.150430
vt 0.533244 0.086154
vt 0.562110 0.086154
vt 0.140291 0.121614
vt 0.167047 0.125205
vt 0.169157 0.121614
vt 0.169407 0.125115
vt 0.169429 0.150791
vt 0.167211 0.150768
vt 0.141465 0.152676
vt 0.167845 0.152638
vt 0.061516 0.197935
vt 0.062870 0.194494
vt 0.032018 0.194494
vt 0.032814 0.198106
vt 0.063838 0.323928
vt 0.072033 0.322694
vt 0.070673 0.294400
vt 0.063838 0.293076
vt 0.071738 0.197640
vt 0.066765 0.197739
vt 0.066709 0.223675
vt 0.072479 0.223653
vt 0.061516 0.223653
vt 0.067523 0.324896
vt 0.093233 0.324896
vt 0.089905 0.323120
vt 0.067523 0.194494
vt 0.093455 0.198289
vt 0.093233 0.194494
vt 0.096438 0.323894
vt 0.096438 0.293293
vt 0.090777 0.294158
vt 0.097440 0.194494
vt 0.097658 0.198289
vt 0.127710 0.198274
vt 0.128041 0.194494
vt 0.095636 0.198195
vt 0.095625 0.223374
vt 0.097658 0.223299
vt 0.093410 0.223241
vt 0.072033 0.229296
vt 0.063838 0.228022
vt 0.063838 0.258924
vt 0.070673 0.257590
vt 0.062910 0.227094
vt 0.032760 0.223606
vt 0.032007 0.227094
vt 0.070440 0.226271
vt 0.090942 0.226518
vt 0.089905 0.228869
vt 0.097446 0.227094
vt 0.128036 0.227094
vt 0.127695 0.223270
vt 0.096438 0.228102
vt 0.090777 0.257832
vt 0.096438 0.258692
vt 0.070880 0.263182
vt 0.063838 0.262112
vt 0.063838 0.289801
vt 0.071131 0.288683
vt 0.031237 0.224677
vt 0.031237 0.196987
vt 0.069670 0.260437
vt 0.091195 0.260385
vt 0.092355 0.263519
vt 0.129039 0.224510
vt 0.129039 0.197062
vt 0.096438 0.262279
vt 0.092355 0.288471
vt 0.096438 0.289727
vt 0.069750 0.291538
vt 0.091253 0.291608
vt 0.445164 0.237466
vt 0.445582 0.234012
vt 0.413474 0.234012
vt 0.413740 0.237617
vt 0.445852 0.364145
vt 0.452206 0.363765
vt 0.450862 0.332316
vt 0.445852 0.332037
vt 0.452034 0.237183
vt 0.448592 0.237279
vt 0.448593 0.263182
vt 0.452586 0.263159
vt 0.445164 0.263159
vt 0.448597 0.364414
vt 0.476059 0.364414
vt 0.473323 0.363888
vt 0.448597 0.234012
vt 0.476053 0.237806
vt 0.476059 0.234012
vt 0.478452 0.364184
vt 0.478452 0.332043
vt 0.474162 0.332256
vt 0.478682 0.234012
vt 0.478736 0.237806
vt 0.510749 0.237795
vt 0.510824 0.234012
vt 0.477494 0.237705
vt 0.477484 0.262900
vt 0.478735 0.262819
vt 0.476017 0.262761
vt 0.452206 0.267262
vt 0.445852 0.266872
vt 0.445852 0.298994
vt 0.450862 0.298711
vt 0.445593 0.266613
vt 0.413722 0.263140
vt 0.413471 0.266613
vt 0.451151 0.265219
vt 0.474067 0.265334
vt 0.473324 0.267139
vt 0.478683 0.266613
vt 0.510822 0.266613
vt 0.510746 0.262785
vt 0.478452 0.266844
vt 0.474162 0.298771
vt 0.478452 0.298983
vt 0.451130 0.302686
vt 0.445852 0.301633
vt 0.445852 0.329315
vt 0.451331 0.328209
vt 0.413251 0.264193
vt 0.413251 0.236511
vt 0.450251 0.300632
vt 0.474459 0.300611
vt 0.475474 0.303041
vt 0.511053 0.264021
vt 0.511053 0.236590
vt 0.478452 0.301806
vt 0.475474 0.327986
vt 0.478452 0.329236
vt 0.450332 0.330370
vt 0.474484 0.330412
vt 0.296291 0.237468
vt 0.296931 0.234012
vt 0.265111 0.234012
vt 0.265521 0.237615
vt 0.297357 0.363988
vt 0.304876 0.363409
vt 0.303409 0.332638
vt 0.297357 0.332168
vt 0.304687 0.237188
vt 0.300494 0.237276
vt 0.300489 0.263185
vt 0.305334 0.263157
vt 0.296291 0.263157
vt 0.300756 0.364414
vt 0.326989 0.364414
vt 0.323891 0.363598
vt 0.300756 0.234012
vt 0.327101 0.237806
vt 0.326989 0.234012
vt 0.329958 0.364039
vt 0.329958 0.332189
vt 0.324818 0.332538
vt 0.330333 0.234012
vt 0.330421 0.237806
vt 0.362062 0.237795
vt 0.362183 0.234012
vt 0.328873 0.237708
vt 0.328861 0.262897
vt 0.330421 0.262819
vt 0.327058 0.262761
vt 0.304876 0.267618
vt 0.297357 0.267022
vt 0.297357 0.298865
vt 0.303409 0.298389
vt 0.296948 0.266613
vt 0.265493 0.263143
vt 0.265105 0.266613
vt 0.303517 0.265379
vt 0.324819 0.265515
vt 0.323891 0.267428
vt 0.330336 0.266613
vt 0.362181 0.266613
vt 0.362056 0.262785
vt 0.329958 0.266991
vt 0.324818 0.298489
vt 0.329958 0.298836
vt 0.303700 0.302683
vt 0.297357 0.301630
vt 0.297357 0.329316
vt 0.303945 0.328211
vt 0.264757 0.264196
vt 0.264757 0.236510
vt 0.302592 0.300469
vt 0.325209 0.300439
vt 0.326394 0.303042
vt 0.362558 0.264019
vt 0.362558 0.236590
vt 0.329958 0.301807
vt 0.326394 0.327985
vt 0.329958 0.329236
vt 0.302680 0.330536
vt 0.325253 0.330586
vt 0.523925 0.193924
vt 0.524131 0.190461
vt 0.491773 0.190461
vt 0.491912 0.194060
vt 0.524262 0.320732
vt 0.529487 0.320549
vt 0.528371 0.288503
vt 0.524262 0.288373
vt 0.529381 0.193651
vt 0.526614 0.193742
vt 0.526625 0.219624
vt 0.529820 0.219598
vt 0.523925 0.219598
vt 0.526478 0.320863
vt 0.554926 0.320863
vt 0.552624 0.320607
vt 0.526478 0.190461
vt 0.554835 0.194255
vt 0.554926 0.190461
vt 0.556863 0.320755
vt 0.556863 0.288371
vt 0.553318 0.288474
vt 0.556971 0.190461
vt 0.556998 0.194254
vt 0.589321 0.194244
vt 0.589356 0.190461
vt 0.556006 0.194148
vt 0.555997 0.219352
vt 0.556997 0.219268
vt 0.554805 0.219211
vt 0.529485 0.223379
vt 0.524262 0.223188
vt 0.524262 0.255553
vt 0.528371 0.255421
vt 0.524136 0.223062
vt 0.491902 0.219599
vt 0.491771 0.223062
vt 0.528710 0.221508
vt 0.553190 0.221609
vt 0.552622 0.223320
vt 0.556972 0.223062
vt 0.589355 0.223062
vt 0.589320 0.219232
vt 0.556863 0.223171
vt 0.553318 0.255451
vt 0.556863 0.255554
vt 0.528612 0.259125
vt 0.524262 0.258083
vt 0.524262 0.285761
vt 0.528784 0.284663
vt 0.491662 0.220641
vt 0.491662 0.192963
vt 0.527908 0.257223
vt 0.553553 0.257205
vt 0.554446 0.259492
vt 0.589464 0.220466
vt 0.589464 0.193043
vt 0.556863 0.258258
vt 0.554446 0.284433
vt 0.556863 0.285681
vt 0.527985 0.286673
vt 0.553567 0.286716
vt 0.681868 0.193136
vt 0.682152 0.189678
vt 0.649884 0.189678
vt 0.650068 0.193281
vt 0.682333 0.319899
vt 0.687772 0.319644
vt 0.686807 0.287814
vt 0.682333 0.287631
vt 0.687643 0.192858
vt 0.684733 0.192953
vt 0.684739 0.218844
vt 0.688109 0.218821
vt 0.681868 0.218821
vt 0.684632 0.320080
vt 0.712928 0.320080
vt 0.710527 0.319726
vt 0.684632 0.189678
vt 0.712853 0.193472
vt 0.712928 0.189678
vt 0.714934 0.319929
vt 0.714934 0.287631
vt 0.711063 0.287774
vt 0.715086 0.189678
vt 0.715121 0.193472
vt 0.747335 0.193461
vt 0.747383 0.189678
vt 0.714077 0.193367
vt 0.714068 0.218569
vt 0.715121 0.218485
vt 0.712822 0.218428
vt 0.687773 0.222717
vt 0.682333 0.222453
vt 0.682333 0.254731
vt 0.686807 0.254545
vt 0.682159 0.222279
vt 0.650056 0.218809
vt 0.649881 0.222279
vt 0.686942 0.220778
vt 0.711133 0.220884
vt 0.710527 0.222635
vt 0.715086 0.222279
vt 0.747383 0.222279
vt 0.747332 0.218450
vt 0.714934 0.222432
vt 0.711063 0.254585
vt 0.714934 0.254727
vt 0.687079 0.258349
vt 0.682333 0.257299
vt 0.682333 0.284980
vt 0.687261 0.283877
vt 0.649733 0.219859
vt 0.649733 0.192178
vt 0.686295 0.256387
vt 0.711324 0.256367
vt 0.712272 0.258708
vt 0.747534 0.219685
vt 0.747534 0.192258
vt 0.714934 0.257474
vt 0.712272 0.283651
vt 0.714934 0.284900
vt 0.686374 0.285946
vt 0.711342 0.285988
vt 0.592688 0.086945
vt 0.589338 0.087384
vt 0.589338 0.055754
vt 0.593242 0.055776
vt 0.610720 0.115281
vt 0.610592 0.119107
vt 0.579311 0.119003
vt 0.579090 0.115281
vt 0.613291 0.119107
vt 0.612987 0.115281
vt 0.641753 0.115281
vt 0.639599 0.118737
vt 0.591181 0.087808
vt 0.617952 0.086811
vt 0.619946 0.087808
vt 0.611861 0.118985
vt 0.611868 0.144157
vt 0.610592 0.144056
vt 0.613318 0.144006
vt 0.644552 0.118897
vt 0.644102 0.115281
vt 0.675957 0.115281
vt 0.675837 0.119093
vt 0.621938 0.087450
vt 0.618073 0.055771
vt 0.621938 0.055595
vt 0.642187 0.118724
vt 0.642169 0.144353
vt 0.639407 0.144265
vt 0.644552 0.144265
vt 0.610719 0.147882
vt 0.579084 0.147882
vt 0.579300 0.144214
vt 0.611144 0.148307
vt 0.614495 0.148744
vt 0.614996 0.179921
vt 0.611144 0.179942
vt 0.614238 0.146640
vt 0.640169 0.146582
vt 0.639759 0.148879
vt 0.643745 0.148234
vt 0.643745 0.180084
vt 0.639808 0.179908
vt 0.644097 0.147882
vt 0.675827 0.143993
vt 0.675948 0.147882
vt 0.414155 0.140571
vt 0.413933 0.144293
vt 0.445564 0.144293
vt 0.445436 0.140467
vt 0.445988 0.176348
vt 0.449840 0.176333
vt 0.449338 0.145155
vt 0.445988 0.144717
vt 0.578544 0.144625
vt 0.578544 0.118560
vt 0.413388 0.141037
vt 0.414155 0.115414
vt 0.413388 0.114972
vt 0.448994 0.176894
vt 0.475456 0.176894
vt 0.474723 0.176330
vt 0.614151 0.180482
vt 0.640612 0.180482
vt 0.478589 0.176502
vt 0.478589 0.144651
vt 0.474602 0.145290
vt 0.510797 0.144293
vt 0.510671 0.140405
vt 0.479395 0.140677
vt 0.478946 0.144293
vt 0.511189 0.140875
vt 0.511189 0.115077
vt 0.510671 0.115581
vt 0.676345 0.144463
vt 0.676345 0.118665
vt 0.710592 0.057422
vt 0.706740 0.057409
vt 0.706740 0.089035
vt 0.710090 0.088599
vt 0.413935 0.111693
vt 0.445436 0.115518
vt 0.445562 0.111693
vt 0.592364 0.055207
vt 0.618835 0.055207
vt 0.709766 0.056861
vt 0.735475 0.057425
vt 0.736237 0.056861
vt 0.510796 0.111693
vt 0.478941 0.111693
vt 0.479395 0.115309
vt 0.739340 0.057253
vt 0.735354 0.088464
vt 0.739340 0.089109
vt 0.448162 0.115568
vt 0.446712 0.115417
vt 0.446705 0.140589
vt 0.448134 0.140467
vt 0.708598 0.089461
vt 0.737276 0.089461
vt 0.447846 0.111693
vt 0.474251 0.115309
vt 0.476524 0.111693
vt 0.477013 0.115221
vt 0.477031 0.140850
vt 0.474443 0.140837
vt 0.449073 0.143068
vt 0.475102 0.143018
vt 0.216213 0.037141
vt 0.788071 0.137647
vt 0.820672 0.137647
vt 0.248814 0.037141
vt 0.216213 0.069742
vt 0.248814 0.069742
vt 0.370645 0.097127
vt 0.338044 0.064526
vt 0.183613 0.069742
vt 0.216213 0.102342
vt 0.435846 0.064526
vt 0.403245 0.097127
vt 0.248814 0.102342
vt 0.281414 0.069742
vt 0.338044 0.031926
vt 0.645559 0.055207
vt 0.788071 0.105047
vt 0.183613 0.037141
vt 0.678159 0.055207
vt 0.435846 0.031926
vt 0.281414 0.037141
vt 0.820672 0.105047
vt 0.645559 0.087808
vt 0.370645 0.031926
vt 0.403245 0.031926
vt 0.678159 0.087808
vt 0.370645 0.064526
vt 0.403245 0.064526
vt 0.296316 0.116600
vt 0.706740 0.152296
vt 0.739340 0.152296
vt 0.328917 0.116600
vt 0.296316 0.149200
vt 0.328917 0.149200
vt 0.138511 0.186815
vt 0.105910 0.154214
vt 0.263716 0.149200
vt 0.296316 0.181801
vt 0.203712 0.154214
vt 0.171111 0.186815
vt 0.328917 0.181801
vt 0.361518 0.149200
vt 0.105910 0.121614
vt 0.531464 0.053554
vt 0.706740 0.119695
vt 0.263716 0.116600
vt 0.564064 0.053554
vt 0.203712 0.121614
vt 0.361518 0.116600
vt 0.739340 0.119695
vt 0.139282 0.234012
vt 0.139282 0.364414
vt 0.171883 0.364414
vt 0.171883 0.234012
vt 0.139282 0.266613
vt 0.171883 0.266613
vt 0.139282 0.299213
vt 0.106682 0.266613
vt 0.204483 0.266613
vt 0.171883 0.299213
vt 0.139282 0.331814
vt 0.106682 0.234012
vt 0.204483 0.234012
vt 0.171883 0.331814
vt 0.369209 0.192098
vt 0.369209 0.322500
vt 0.401810 0.322500
vt 0.401810 0.192098
vt 0.369209 0.224699
vt 0.401810 0.224699
vt 0.369209 0.257300
vt 0.336609 0.224699
vt 0.434410 0.224699
vt 0.401810 0.257300
vt 0.369209 0.289900
vt 0.336609 0.192098
vt 0.434410 0.192098
vt 0.401810 0.289900
vt 0.220715 0.193296
vt 0.220715 0.323698
vt 0.253315 0.323698
vt 0.253315 0.193296
vt 0.220715 0.225897
vt 0.253315 0.225897
vt 0.220715 0.258497
vt 0.188114 0.225897
vt 0.285916 0.225897
vt 0.253315 0.258497
vt 0.220715 0.291098
vt 0.188114 0.193296
vt 0.285916 0.193296
vt 0.253315 0.291098
vt 0.606083 0.231669
vt 0.606083 0.362071
vt 0.638684 0.362071
vt 0.638684 0.231669
vt 0.606083 0.264269
vt 0.638684 0.264269
vt 0.606083 0.296870
vt 0.573483 0.264269
vt 0.671285 0.264269
vt 0.638684 0.296870
vt 0.606083 0.329470
vt 0.573483 0.231669
vt 0.671285 0.231669
vt 0.638684 0.329470
vt 0.759170 0.234316
vt 0.759170 0.364718
vt 0.791770 0.364718
vt 0.791770 0.234316
vt 0.759170 0.266916
vt 0.791770 0.266916
vt 0.759170 0.299517
vt 0.726569 0.266916
vt 0.824371 0.266916
vt 0.791770 0.299517
vt 0.759170 0.332117
vt 0.726569 0.234316
vt 0.824371 0.234316
vt 0.791770 0.332117
vt 0.531464 0.086154
vt 0.138511 0.121614
vt 0.171111 0.121614
vt 0.564064 0.086154
vt 0.138511 0.154214
vt 0.171111 0.154214
vt 0.063838 0.324896
vt 0.063838 0.194494
vt 0.096438 0.194494
vt 0.096438 0.324896
vt 0.063838 0.227094
vt 0.096438 0.227094
vt 0.031237 0.227094
vt 0.063838 0.259695
vt 0.096438 0.259695
vt 0.129039 0.227094
vt 0.031237 0.194494
vt 0.063838 0.292295
vt 0.096438 0.292295
vt 0.129039 0.194494
vt 0.445852 0.364414
vt 0.445852 0.234012
vt 0.478452 0.234012
vt 0.478452 0.364414
vt 0.445852 0.266613
vt 0.478452 0.266613
vt 0.413251 0.266613
vt 0.445852 0.299213
vt 0.478452 0.299213
vt 0.511053 0.266613
vt 0.413251 0.234012
vt 0.445852 0.331814
vt 0.478452 0.331814
vt 0.511053 0.234012
vt 0.297357 0.364414
vt 0.297357 0.234012
vt 0.329958 0.234012
vt 0.329958 0.364414
vt 0.297357 0.266613
vt 0.329958 0.266613
vt 0.264757 0.266613
vt 0.297357 0.299213
vt 0.329958 0.299213
vt 0.362558 0.266613
vt 0.264757 0.234012
vt 0.297357 0.331814
vt 0.329958 0.331814
vt 0.362558 0.234012
vt 0.524262 0.320863
vt 0.524262 0.190461
vt 0.556863 0.190461
vt 0.556863 0.320863
vt 0.524262 0.223062
vt 0.556863 0.223062
vt 0.491662 0.223062
vt 0.524262 0.255662
vt 0.556863 0.255662
vt 0.589464 0.223062
vt 0.491662 0.190461
vt 0.524262 0.288263
vt 0.556863 0.288263
vt 0.589464 0.190461
vt 0.682333 0.320080
vt 0.682333 0.189678
vt 0.714934 0.189678
vt 0.714934 0.320080
vt 0.682333 0.222279
vt 0.714934 0.222279
vt 0.649733 0.222279
vt 0.682333 0.254879
vt 0.714934 0.254879
vt 0.747534 0.222279
vt 0.649733 0.189678
vt 0.682333 0.287480
vt 0.714934 0.287480
vt 0.747534 0.189678
vt 0.611144 0.115281
vt 0.589338 0.087808
vt 0.621938 0.087808
vt 0.643745 0.115281
vt 0.611144 0.147882
vt 0.643745 0.147882
vt 0.445988 0.176894
vt 0.413388 0.144293
vt 0.578544 0.147882
vt 0.611144 0.180482
vt 0.511189 0.144293
vt 0.478589 0.176894
vt 0.643745 0.180482
vt 0.676345 0.147882
vt 0.413388 0.111693
vt 0.706740 0.056861
vt 0.589338 0.055207
vt 0.578544 0.115281
vt 0.739340 0.056861
vt 0.511189 0.111693
vt 0.676345 0.115281
vt 0.621938 0.055207
vt 0.706740 0.089461
vt 0.445988 0.111693
vt 0.478589 0.111693
vt 0.739340 0.089461
vt 0.445988 0.144293
vt 0.478589 0.144293
vt 0.788497 0.625091
vt 0.797718 0.624862
vt 0.798191 0.663092
vt 0.789008 0.663283
vt 0.740713 0.626278
vt 0.741417 0.664276
vt 0.790568 0.779983
vt 0.799636 0.779904
vt 0.799718 0.786486
vt 0.794001 0.786532
vt 0.790612 0.783273
vt 0.829866 0.609234
vt 0.823750 0.609395
vt 0.823568 0.590363
vt 0.829697 0.590189
vt 0.829937 0.617253
vt 0.823826 0.617409
vt 0.823892 0.624213
vt 0.829998 0.624061
vt 0.824257 0.662549
vt 0.830338 0.662422
vt 0.825438 0.786280
vt 0.825375 0.779681
vt 0.831380 0.779628
vt 0.831439 0.786232
vt 0.825710 0.814748
vt 0.831692 0.814718
vt 0.825850 0.829403
vt 0.831822 0.829382
vt 0.733616 0.664438
vt 0.732880 0.626472
vt 0.735992 0.786997
vt 0.735865 0.780459
vt 0.743569 0.780392
vt 0.743630 0.783665
vt 0.740381 0.786961
vt 0.736820 0.829717
vt 0.736539 0.815199
vt 0.740914 0.815177
vt 0.744274 0.818407
vt 0.744483 0.829690
vt 0.732583 0.611114
vt 0.706105 0.611814
vt 0.705699 0.593561
vt 0.732228 0.592808
vt 0.732750 0.619735
vt 0.706296 0.620410
vt 0.706446 0.627128
vt 0.707288 0.664987
vt 0.710006 0.787205
vt 0.709861 0.780685
vt 0.710632 0.815330
vt 0.710954 0.829809
vt 0.788184 0.625380
vt 0.788692 0.663232
vt 0.797793 0.663042
vt 0.797322 0.625153
vt 0.740825 0.626554
vt 0.741523 0.664215
vt 0.790064 0.765632
vt 0.790129 0.770440
vt 0.799125 0.770353
vt 0.799066 0.765540
vt 0.743410 0.766107
vt 0.743499 0.770892
vt 0.790242 0.778910
vt 0.790286 0.782171
vt 0.793646 0.785401
vt 0.799312 0.785356
vt 0.799231 0.778830
vt 0.829180 0.609666
vt 0.829011 0.590793
vt 0.822938 0.590965
vt 0.823120 0.609826
vt 0.829252 0.617614
vt 0.823196 0.617768
vt 0.823261 0.624510
vt 0.829312 0.624360
vt 0.823626 0.662503
vt 0.829652 0.662378
vt 0.824660 0.770105
vt 0.830617 0.770048
vt 0.830574 0.765219
vt 0.824614 0.765280
vt 0.824805 0.785148
vt 0.830752 0.785100
vt 0.830693 0.778553
vt 0.824742 0.778606
vt 0.825076 0.813370
vt 0.831005 0.813339
vt 0.825216 0.827899
vt 0.831135 0.827877
vt 0.733791 0.664377
vt 0.733062 0.626747
vt 0.735855 0.770966
vt 0.735762 0.766185
vt 0.736143 0.785869
vt 0.740494 0.785833
vt 0.743715 0.782565
vt 0.743655 0.779320
vt 0.736018 0.779387
vt 0.736964 0.828225
vt 0.744560 0.828196
vt 0.744353 0.817010
vt 0.741022 0.813807
vt 0.736685 0.813829
vt 0.732767 0.611526
vt 0.732416 0.593384
vt 0.706122 0.594128
vt 0.706524 0.612219
vt 0.732933 0.620070
vt 0.706713 0.620738
vt 0.706861 0.627397
vt 0.707694 0.664921
vt 0.710053 0.771216
vt 0.709947 0.766448
vt 0.710383 0.786078
vt 0.710240 0.779614
vt 0.711002 0.813963
vt 0.711321 0.828319
vt 0.790454 0.771439
vt 0.799531 0.771353
vt 0.743412 0.771890
vt 0.735700 0.771964
vt 0.709673 0.772214
vt 0.825294 0.771106
vt 0.831304 0.771048
vt 0.789079 0.668609
vt 0.741515 0.669574
vt 0.733719 0.669733
vt 0.707405 0.670267
vt 0.707810 0.670154
vt 0.733892 0.669625
vt 0.741620 0.669468
vt 0.788762 0.668510
vt 0.797858 0.668326
vt 0.823677 0.667802
vt 0.829700 0.667679
vt 0.824308 0.667894
vt 0.830386 0.667771
vt 0.798257 0.668423
vt 0.788880 0.668547
vt 0.798007 0.668362
vt 0.797945 0.668347
vt 0.788832 0.668532
vt 0.799276 0.770724
vt 0.790250 0.770811
vt 0.790200 0.770658
vt 0.799214 0.770571
vt 0.741581 0.669507
vt 0.741597 0.669491
vt 0.743466 0.771263
vt 0.743480 0.771110
vt 0.830872 0.770419
vt 0.824896 0.770477
vt 0.824799 0.770324
vt 0.830767 0.770266
vt 0.823815 0.667822
vt 0.823912 0.667836
vt 0.829955 0.667713
vt 0.829850 0.667699
vt 0.830829 0.765575
vt 0.830724 0.765428
vt 0.733828 0.669665
vt 0.733854 0.669648
vt 0.735797 0.771337
vt 0.735821 0.771184
vt 0.703046 0.771653
vt 0.702936 0.766873
vt 0.703003 0.766727
vt 0.703113 0.771500
vt 0.707721 0.670179
vt 0.707659 0.670196
vt 0.709912 0.771586
vt 0.709970 0.771434
vt 0.794012 0.813532
vt 0.790750 0.816784
vt 0.790901 0.828025
vt 0.799841 0.827992
vt 0.799661 0.813502
vt 0.791079 0.818187
vt 0.794370 0.814907
vt 0.800069 0.814878
vt 0.800250 0.829493
vt 0.791231 0.829525
vt 0.790707 0.813549
vt 0.791036 0.814923
vt 0.744294 0.813790
vt 0.744214 0.815160
vt 0.790330 0.785428
vt 0.790656 0.786559
vt 0.743775 0.785807
vt 0.743691 0.786935
vt 0.695520 0.786478
vt 0.695999 0.786276
vt 0.695845 0.779818
vt 0.695366 0.780010
vt 0.696976 0.786187
vt 0.696823 0.779732
vt 0.691302 0.620878
vt 0.691604 0.620810
vt 0.691764 0.627513
vt 0.691462 0.627570
vt 0.692530 0.620762
vt 0.692689 0.627470
vt 0.692326 0.612179
vt 0.691400 0.612234
vt 0.690966 0.594021
vt 0.691894 0.593952
vt 0.691098 0.612316
vt 0.690664 0.594132
vt 0.800315 0.834788
vt 0.800297 0.835615
vt 0.791290 0.835641
vt 0.791302 0.834815
vt 0.800229 0.835728
vt 0.791236 0.835754
vt 0.838336 0.609115
vt 0.838060 0.609048
vt 0.837907 0.589999
vt 0.838185 0.590096
vt 0.837119 0.609043
vt 0.836965 0.589983
vt 0.838501 0.779566
vt 0.839423 0.779479
vt 0.839476 0.786084
vt 0.838554 0.786175
vt 0.839693 0.779284
vt 0.839746 0.785879
vt 0.740457 0.611011
vt 0.740032 0.610948
vt 0.739692 0.592640
vt 0.740118 0.592731
vt 0.739046 0.610944
vt 0.738704 0.592625
vt 0.699280 0.620589
vt 0.699434 0.627302
vt 0.699082 0.612000
vt 0.698663 0.593760
vt 0.797634 0.618078
vt 0.791828 0.619263
vt 0.789784 0.617029
vt 0.789695 0.610293
vt 0.797535 0.610086
vt 0.700305 0.665133
vt 0.693586 0.665273
vt 0.696013 0.767542
vt 0.702659 0.767475
vt 0.702769 0.772280
vt 0.696127 0.772344
vt 0.744581 0.834954
vt 0.697149 0.815398
vt 0.703760 0.815364
vt 0.704093 0.829833
vt 0.697492 0.829856
vt 0.696482 0.787313
vt 0.703114 0.787260
vt 0.696328 0.780802
vt 0.702964 0.780745
vt 0.789445 0.591330
vt 0.797300 0.591107
vt 0.837184 0.617068
vt 0.837239 0.623881
vt 0.837550 0.662271
vt 0.831260 0.766177
vt 0.838392 0.766105
vt 0.838431 0.770980
vt 0.838785 0.814682
vt 0.838904 0.829357
vt 0.825901 0.834712
vt 0.831869 0.834694
vt 0.823517 0.585020
vt 0.829649 0.584843
vt 0.737259 0.620585
vt 0.739774 0.622902
vt 0.736922 0.834977
vt 0.711071 0.835054
vt 0.705585 0.588428
vt 0.732128 0.587661
vt 0.693067 0.621086
vt 0.693225 0.627735
vt 0.699911 0.627569
vt 0.699758 0.620915
vt 0.699563 0.612402
vt 0.699148 0.594325
vt 0.692438 0.594515
vt 0.692866 0.612579
vt 0.797239 0.618430
vt 0.797141 0.610510
vt 0.789371 0.610714
vt 0.789460 0.617390
vt 0.791485 0.619604
vt 0.694112 0.665204
vt 0.700771 0.665065
vt 0.696512 0.766585
vt 0.696624 0.771346
vt 0.703209 0.771282
vt 0.703100 0.766518
vt 0.790967 0.832983
vt 0.799903 0.832955
vt 0.744652 0.833130
vt 0.697635 0.814032
vt 0.697974 0.828368
vt 0.704519 0.828344
vt 0.704189 0.813998
vt 0.703550 0.786134
vt 0.703402 0.779674
vt 0.796907 0.591701
vt 0.789122 0.591921
vt 0.836368 0.609477
vt 0.836213 0.590590
vt 0.836433 0.617431
vt 0.836488 0.624182
vt 0.836800 0.662229
vt 0.837681 0.769979
vt 0.837642 0.765147
vt 0.837805 0.785043
vt 0.837751 0.778491
vt 0.838036 0.813303
vt 0.838155 0.827851
vt 0.828964 0.585496
vt 0.822887 0.585671
vt 0.739174 0.611357
vt 0.738835 0.593202
vt 0.739895 0.623209
vt 0.737402 0.620912
vt 0.732317 0.588282
vt 0.706009 0.589041
vt 0.691735 0.627702
vt 0.691577 0.621040
vt 0.691373 0.612515
vt 0.690942 0.594414
vt 0.692630 0.665249
vt 0.692362 0.665284
vt 0.695165 0.771606
vt 0.695052 0.766836
vt 0.694796 0.767314
vt 0.694911 0.772105
vt 0.800024 0.834949
vt 0.791071 0.834976
vt 0.744663 0.835113
vt 0.744624 0.835888
vt 0.696527 0.828743
vt 0.696185 0.814378
vt 0.695936 0.815061
vt 0.696280 0.829487
vt 0.695267 0.787041
vt 0.695112 0.780545
vt 0.788066 0.610646
vt 0.787813 0.591814
vt 0.787968 0.591518
vt 0.788221 0.610436
vt 0.837803 0.590399
vt 0.837954 0.609333
vt 0.838018 0.617305
vt 0.838400 0.617124
vt 0.838073 0.624073
vt 0.838454 0.623922
vt 0.838378 0.662210
vt 0.838760 0.662232
vt 0.839205 0.765371
vt 0.839244 0.770214
vt 0.839625 0.770715
vt 0.839586 0.765850
vt 0.839312 0.778746
vt 0.839365 0.785313
vt 0.839592 0.813638
vt 0.839972 0.814328
vt 0.839708 0.828220
vt 0.840089 0.828973
vt 0.831365 0.834856
vt 0.825437 0.834874
vt 0.825754 0.835654
vt 0.831708 0.835637
vt 0.823030 0.584109
vt 0.829121 0.583932
vt 0.829464 0.583599
vt 0.823345 0.583777
vt 0.740177 0.593020
vt 0.740514 0.611218
vt 0.737055 0.835136
vt 0.736983 0.835910
vt 0.711375 0.835212
vt 0.711192 0.835985
vt 0.705873 0.587505
vt 0.732243 0.586741
vt 0.732149 0.586424
vt 0.705661 0.587193
vt 0.700426 0.670408
vt 0.693711 0.670545
vt 0.692755 0.670486
vt 0.692487 0.670543
vt 0.694235 0.670430
vt 0.700891 0.670295
vt 0.836843 0.667534
vt 0.838421 0.667529
vt 0.838802 0.667574
vt 0.837594 0.667625
vt 0.692070 0.621087
vt 0.692228 0.627739
vt 0.837475 0.617379
vt 0.837411 0.609420
vt 0.837529 0.624136
vt 0.691868 0.612575
vt 0.740133 0.611301
vt 0.739796 0.593133
vt 0.837258 0.590518
vt 0.837837 0.662211
vt 0.693120 0.665229
vt 0.837880 0.667521
vt 0.838668 0.765207
vt 0.838707 0.770042
vt 0.693244 0.670458
vt 0.695532 0.766664
vt 0.695645 0.771427
vt 0.839175 0.827957
vt 0.839057 0.813398
vt 0.838829 0.785117
vt 0.697002 0.828480
vt 0.696661 0.814137
vt 0.838776 0.778561
vt 0.788416 0.610709
vt 0.788165 0.591906
vt 0.691438 0.594501
vt 0.822924 0.584635
vt 0.829005 0.584459
vt 0.705957 0.588020
vt 0.732284 0.587258
vt 0.744669 0.834464
vt 0.737072 0.834487
vt 0.788685 0.610350
vt 0.788433 0.591401
vt 0.692664 0.665288
vt 0.692790 0.670556
vt 0.695099 0.767481
vt 0.695214 0.772279
vt 0.744604 0.835776
vt 0.736951 0.835799
vt 0.696583 0.829750
vt 0.696239 0.815302
vt 0.695570 0.787238
vt 0.695415 0.780732
vt 0.838124 0.617070
vt 0.838178 0.623879
vt 0.838485 0.662248
vt 0.838528 0.667598
vt 0.839316 0.766025
vt 0.839355 0.770896
vt 0.839704 0.814575
vt 0.839822 0.829242
vt 0.825863 0.835541
vt 0.831827 0.835524
vt 0.823461 0.584072
vt 0.829590 0.583894
vt 0.711118 0.835873
vt 0.705594 0.587489
vt 0.732123 0.586720
vt 0.739310 0.618675
vt 0.741951 0.621216
vt 0.789013 0.621986
vt 0.786877 0.620077
vt 0.739184 0.618328
vt 0.741848 0.620891
vt 0.787178 0.619740
vt 0.789333 0.621666
vt 0.697089 0.832123
vt 0.697302 0.833071
vt 0.698252 0.832033
vt 0.698039 0.831086
vt 0.697865 0.833873
vt 0.698815 0.832834
vt 0.698693 0.834407
vt 0.699286 0.833758
vt 0.699495 0.833274
vt 0.699505 0.834564
vt 0.742894 0.620194
vt 0.741897 0.620021
vt 0.740955 0.621043
vt 0.741045 0.619477
vt 0.740104 0.620499
vt 0.740467 0.618645
vt 0.739526 0.619668
vt 0.740251 0.617651
vt 0.788492 0.616410
vt 0.788306 0.617419
vt 0.789274 0.618398
vt 0.787750 0.618284
vt 0.788717 0.619263
vt 0.786908 0.618874
vt 0.787876 0.619852
vt 0.785908 0.619099
vt 0.693871 0.588369
vt 0.692889 0.588597
vt 0.693912 0.589588
vt 0.694894 0.589361
vt 0.692067 0.589187
vt 0.693090 0.590178
vt 0.691528 0.590051
vt 0.692552 0.591042
vt 0.691356 0.591056
vt 0.692380 0.592046
vt 0.790711 0.585567
vt 0.789707 0.585797
vt 0.790677 0.586801
vt 0.791680 0.586571
vt 0.788862 0.586394
vt 0.789832 0.587397
vt 0.788303 0.587267
vt 0.789274 0.588269
vt 0.788116 0.588283
vt 0.789087 0.589285
vt 0.837628 0.833983
vt 0.838462 0.833435
vt 0.837435 0.832388
vt 0.836750 0.832838
vt 0.836987 0.833328
vt 0.839015 0.832618
vt 0.837989 0.831571
vt 0.839205 0.831655
vt 0.838178 0.830608
vt 0.834552 0.584298
vt 0.835570 0.584471
vt 0.836108 0.583932
vt 0.835089 0.583759
vt 0.836436 0.585021
vt 0.836976 0.584483
vt 0.837018 0.585866
vt 0.837559 0.585329
vt 0.837229 0.586875
vt 0.837770 0.586340
vt 0.737081 0.587119
vt 0.738080 0.587290
vt 0.738451 0.586761
vt 0.737450 0.586590
vt 0.738935 0.587835
vt 0.739307 0.587307
vt 0.739515 0.588671
vt 0.739888 0.588144
vt 0.739731 0.589670
vt 0.740105 0.589145
vt 0.740151 0.617347
vt 0.740368 0.618348
vt 0.739402 0.619329
vt 0.740951 0.619187
vt 0.739985 0.620168
vt 0.741809 0.619735
vt 0.740844 0.620717
vt 0.742813 0.619910
vt 0.788762 0.616095
vt 0.788574 0.617112
vt 0.788105 0.616778
vt 0.788293 0.615763
vt 0.788014 0.617983
vt 0.787546 0.617649
vt 0.787165 0.618578
vt 0.786699 0.618242
vt 0.786158 0.618805
vt 0.785693 0.618469
vt 0.693417 0.587842
vt 0.692428 0.588071
vt 0.692114 0.587786
vt 0.693101 0.587557
vt 0.691599 0.588667
vt 0.691286 0.588380
vt 0.691057 0.589537
vt 0.690745 0.589249
vt 0.690883 0.590550
vt 0.690571 0.590261
vt 0.696671 0.833420
vt 0.696886 0.834374
vt 0.696592 0.834489
vt 0.696377 0.833536
vt 0.697453 0.835182
vt 0.697158 0.835296
vt 0.698287 0.835721
vt 0.697990 0.835833
vt 0.699259 0.835908
vt 0.698961 0.836020
vt 0.790999 0.585013
vt 0.789987 0.585245
vt 0.789514 0.584961
vt 0.790524 0.584729
vt 0.789135 0.585847
vt 0.788664 0.585562
vt 0.788572 0.586726
vt 0.788102 0.586440
vt 0.788384 0.587750
vt 0.787914 0.587463
vt 0.837268 0.835508
vt 0.838262 0.835312
vt 0.838535 0.835425
vt 0.837542 0.835620
vt 0.839103 0.834761
vt 0.839374 0.834874
vt 0.839661 0.833937
vt 0.839931 0.834052
vt 0.839851 0.832967
vt 0.840122 0.833084
vt 0.837878 0.586329
vt 0.837666 0.585311
vt 0.837941 0.585002
vt 0.838152 0.586018
vt 0.837079 0.584461
vt 0.837355 0.584153
vt 0.836206 0.583906
vt 0.836483 0.583599
vt 0.835180 0.583732
vt 0.835459 0.583425
vt 0.739627 0.589150
vt 0.739408 0.588143
vt 0.739828 0.587833
vt 0.740046 0.588839
vt 0.738824 0.587301
vt 0.739244 0.586992
vt 0.737963 0.586752
vt 0.738384 0.586444
vt 0.736956 0.586580
vt 0.737379 0.586272
vt 0.743226 0.619553
vt 0.704214 0.835075
vt 0.704266 0.835893
vt 0.700147 0.835087
vt 0.704351 0.836005
vt 0.743271 0.619722
vt 0.785549 0.618643
vt 0.788137 0.615950
vt 0.704563 0.835232
vt 0.699196 0.835248
vt 0.696623 0.832775
vt 0.839741 0.832313
vt 0.837173 0.834839
vt 0.787759 0.587776
vt 0.790358 0.585056
vt 0.796922 0.584866
vt 0.797118 0.584538
vt 0.740624 0.617174
vt 0.740567 0.616994
vt 0.690850 0.590559
vt 0.693369 0.587868
vt 0.698879 0.587708
vt 0.698635 0.587396
vt 0.698973 0.588222
vt 0.699031 0.589242
vt 0.796858 0.585389
vt 0.796841 0.586422
vt 0.836192 0.587940
vt 0.738788 0.590721
vt 0.833517 0.585365
vt 0.836647 0.834185
vt 0.831242 0.834201
vt 0.736140 0.588172
vt 0.691835 0.591461
vt 0.697557 0.832597
vt 0.789410 0.588669
vt 0.838927 0.832138
vt 0.836342 0.834680
vt 0.792027 0.585930
vt 0.797193 0.584833
vt 0.797234 0.585780
vt 0.834244 0.584710
vt 0.836943 0.587309
vt 0.694371 0.588752
vt 0.698558 0.587693
vt 0.698545 0.588632
vt 0.735985 0.587550
vt 0.738657 0.590121
vt 0.831180 0.832856
vt 0.835981 0.586931
vt 0.835399 0.586087
vt 0.834534 0.585537
vt 0.738572 0.589723
vt 0.737992 0.588888
vt 0.737138 0.588343
vt 0.692008 0.590448
vt 0.692551 0.589577
vt 0.693381 0.588981
vt 0.699174 0.834900
vt 0.698340 0.834361
vt 0.697772 0.833552
vt 0.789598 0.587645
vt 0.790161 0.586764
vt 0.791014 0.586162
vt 0.838736 0.833109
vt 0.838178 0.833933
vt 0.837337 0.834485
vt 0.835270 0.584885
vt 0.836143 0.585439
vt 0.836731 0.586291
vt 0.736992 0.587722
vt 0.737854 0.588271
vt 0.738439 0.589114
vt 0.696837 0.833724
vt 0.697401 0.834527
vt 0.698229 0.835062
vt 0.742273 0.619548
vt 0.741420 0.619003
vt 0.740841 0.618170
vt 0.787950 0.616960
vt 0.787393 0.617827
vt 0.786550 0.618418
vt 0.692386 0.588096
vt 0.691562 0.588687
vt 0.691023 0.589552
vt 0.789352 0.585286
vt 0.788505 0.585885
vt 0.787946 0.586759
vt 0.836797 0.834146
vt 0.838162 0.834644
vt 0.838997 0.834096
vt 0.839552 0.833277
vt 0.740785 0.617994
vt 0.741366 0.618831
vt 0.742224 0.619378
vt 0.789597 0.618046
vt 0.789035 0.618919
vt 0.788186 0.619514
vt 0.739627 0.622245
vt 0.738381 0.621097
vt 0.739359 0.621282
vt 0.790490 0.619807
vt 0.789253 0.620998
vt 0.789494 0.620010
vt 0.738246 0.620771
vt 0.739504 0.621930
vt 0.739233 0.620958
vt 0.789576 0.620670
vt 0.790824 0.619468
vt 0.789819 0.619673
vt 0.787124 0.814892
vt 0.786943 0.814056
vt 0.748055 0.814257
vt 0.747886 0.815090
vt 0.786910 0.813910
vt 0.748118 0.814110
vt 0.787057 0.814597
vt 0.787195 0.815232
vt 0.748015 0.815429
vt 0.748095 0.814796
vt 0.787421 0.816278
vt 0.747838 0.816472
vt 0.790738 0.810088
vt 0.791077 0.809928
vt 0.790801 0.789246
vt 0.790462 0.789531
vt 0.792013 0.810011
vt 0.791734 0.788967
vt 0.786521 0.785741
vt 0.786543 0.785151
vt 0.747533 0.785469
vt 0.747610 0.786056
vt 0.786700 0.784125
vt 0.747331 0.784450
vt 0.786994 0.785243
vt 0.786793 0.786113
vt 0.747489 0.786429
vt 0.747277 0.785567
vt 0.786667 0.786306
vt 0.747584 0.786620
vt 0.792354 0.811356
vt 0.791361 0.811074
vt 0.791083 0.790239
vt 0.792073 0.790128
vt 0.790902 0.810759
vt 0.790626 0.790113
vt 0.742888 0.810285
vt 0.743826 0.810191
vt 0.743444 0.789612
vt 0.742497 0.789349
vt 0.744204 0.810347
vt 0.743825 0.789891
vt 0.744164 0.811016
vt 0.743755 0.811333
vt 0.743370 0.790603
vt 0.743783 0.790471
vt 0.742796 0.811624
vt 0.742402 0.790508
vt 0.789637 0.812783
vt 0.789796 0.813465
vt 0.745379 0.813016
vt 0.745344 0.813697
vt 0.789286 0.786838
vt 0.789445 0.787408
vt 0.744904 0.787192
vt 0.744866 0.787761
vt 0.790607 0.813453
vt 0.790935 0.814826
vt 0.744389 0.813693
vt 0.744310 0.815063
vt 0.790232 0.785526
vt 0.790558 0.786658
vt 0.743875 0.785903
vt 0.743791 0.787032
vt 0.789889 0.812839
vt 0.745034 0.814238
vt 0.789531 0.786336
vt 0.744610 0.786697
vt 0.789803 0.787307
vt 0.790163 0.814006
vt 0.745096 0.813075
vt 0.744544 0.787666
vt 0.838566 0.672277
vt 0.837632 0.672306
vt 0.838840 0.672245
vt 0.838458 0.672179
vt 0.837917 0.672164
vt 0.836881 0.672174
vt 0.829742 0.672316
vt 0.823722 0.672435
vt 0.788824 0.673127
vt 0.797916 0.672947
vt 0.741705 0.674061
vt 0.733981 0.674214
vt 0.707911 0.674731
vt 0.694344 0.675000
vt 0.700996 0.674868
vt 0.693353 0.675030
vt 0.692864 0.675065
vt 0.692597 0.675143
vt 0.692899 0.675162
vt 0.693821 0.675155
vt 0.700532 0.675022
vt 0.700895 0.674901
vt 0.700824 0.674925
vt 0.700719 0.670337
vt 0.700790 0.670319
vt 0.829996 0.672365
vt 0.829891 0.672345
vt 0.830428 0.672449
vt 0.700598 0.675000
vt 0.700492 0.670392
vt 0.707462 0.670251
vt 0.733743 0.669717
vt 0.741530 0.669559
vt 0.789034 0.668595
vt 0.798201 0.668409
vt 0.824219 0.667881
vt 0.830289 0.667758
vt 0.830331 0.672430
vt 0.831164 0.766042
vt 0.831207 0.770907
vt 0.825204 0.770965
vt 0.799474 0.771212
vt 0.790408 0.771299
vt 0.743424 0.771750
vt 0.735722 0.771824
vt 0.709727 0.772073
vt 0.702831 0.772139
vt 0.702721 0.767340
vt 0.825264 0.832874
vt 0.737059 0.833155
vt 0.711430 0.833236
vt 0.711430 0.834565
vt 0.791008 0.834324
vt 0.799949 0.834297
vt 0.825323 0.834219
vt 0.704628 0.834586
vt 0.699652 0.834601
vt 0.704631 0.833257
vt 0.425535 0.430325
vt 0.425423 0.455512
vt 0.461227 0.455765
vt 0.461339 0.430578
vt 0.238878 0.429007
vt 0.238766 0.454194
vt 0.586031 0.456647
vt 0.586143 0.431459
vt 0.557192 0.431255
vt 0.557080 0.456442
vt 0.207993 0.453977
vt 0.208105 0.428789
vt 0.103294 0.453237
vt 0.103406 0.428050
vt 0.583856 0.945398
vt 0.583945 0.925212
vt 0.554994 0.925008
vt 0.554905 0.945194
vt 0.423338 0.924078
vt 0.423248 0.944264
vt 0.459052 0.944517
vt 0.459142 0.924331
vt 0.236681 0.922760
vt 0.236591 0.942946
vt 0.205818 0.942729
vt 0.205908 0.922543
vt 0.101119 0.941989
vt 0.101209 0.921803
vt 0.076016 0.453045
vt 0.076128 0.427857
vt 0.073841 0.941796
vt 0.073931 0.921611
vn -0.010514 -0.329499 -0.944097
vn -0.305291 -0.519193 -0.798271
vn -0.295896 -0.510711 -0.807230
vn -0.005997 -0.314401 -0.949271
vn -0.717934 -0.666764 -0.199993
vn -0.777600 -0.609799 0.153245
vn -0.762318 -0.630161 0.147543
vn -0.675454 -0.703715 -0.220334
vn -0.017663 -0.963287 0.267892
vn -0.013158 -0.992994 -0.117433
vn 0.020414 -0.991741 -0.126623
vn 0.048126 -0.960778 0.273112
vn -0.007510 -0.639098 -0.769088
vn 0.078408 -0.286193 -0.954958
vn 0.047943 -0.601641 -0.797327
vn -0.439682 -0.862984 0.248872
vn -0.440115 -0.844100 0.306257
vn -0.777588 -0.583510 0.234247
vn -0.017556 -0.936728 0.349618
vn 0.798107 0.560953 -0.219902
vn 0.719585 0.393212 -0.572348
vn 0.708469 0.403983 -0.578680
vn 0.778253 0.587117 -0.222749
vn 0.275209 -0.106827 -0.955431
vn 0.102028 -0.229861 -0.967861
vn 0.251613 -0.087381 -0.963875
vn 0.539304 -0.809112 0.233427
vn 0.537078 -0.790420 0.294591
vn 0.047702 -0.937525 0.344633
vn 0.991798 0.108102 -0.068203
vn 0.797968 0.583375 -0.151395
vn 0.992039 0.125806 -0.005652
vn -0.717073 -0.422823 0.554100
vn -0.675440 -0.439943 0.591803
vn -0.762206 -0.596590 0.251242
vn -0.304127 0.048710 0.951386
vn -0.010409 0.288136 0.957533
vn -0.005993 0.303624 0.952773
vn -0.295061 0.061220 0.953515
vn -0.006835 -0.074504 0.997197
vn 0.046665 -0.031558 0.998412
vn 0.079498 0.330269 0.940533
vn -0.011872 -0.738774 0.673849
vn 0.022462 -0.732880 0.679988
vn 0.275261 0.474724 0.835984
vn 0.252279 0.496359 0.830652
vn 0.102220 0.383226 0.917981
vn 0.720055 0.654489 0.230575
vn 0.778239 0.605993 -0.164672
vn 0.708740 0.667231 0.229106
vn 0.762325 -0.596650 0.250738
vn 0.676582 -0.441766 0.589135
vn 0.718665 -0.423765 0.551311
vn 0.777553 -0.583569 0.234217
vn 0.297286 0.059549 0.952930
vn 0.005974 0.303622 0.952774
vn 0.010468 0.288397 0.957454
vn 0.306418 0.047427 0.950715
vn -0.437946 -0.854751 0.278575
vn -0.437946 -0.854751 0.278575
vn 0.444452 -0.851828 0.277221
vn 0.762442 -0.629957 0.147767
vn 0.444452 -0.851828 0.277221
vn -0.000005 0.295167 0.955446
vn 0.001556 0.348341 0.937367
vn -0.103307 0.383994 0.917538
vn -0.255467 0.498636 0.828311
vn -0.278925 0.477611 0.833120
vn -0.079490 0.330634 0.940406
vn -0.709598 0.667316 0.226186
vn -0.778320 0.605993 -0.164286
vn -0.798109 0.583121 -0.151633
vn -0.720799 0.654749 0.227490
vn -0.444427 0.852215 -0.276070
vn -0.444427 0.852215 -0.276070
vn -0.778282 0.586907 -0.223200
vn 0.432025 0.858186 -0.277258
vn 0.432025 0.858186 -0.277258
vn 0.006000 -0.314415 -0.949267
vn 0.297220 -0.511963 -0.805949
vn 0.306296 -0.520723 -0.796888
vn 0.010453 -0.329688 -0.944032
vn 0.676185 -0.704068 -0.216938
vn 0.777581 -0.609768 0.153461
vn 0.718458 -0.667160 -0.196764
vn 0.000019 -0.323025 -0.946391
vn -0.000960 -0.270057 -0.962844
vn -0.103095 -0.228946 -0.967964
vn -0.709984 0.406677 -0.574923
vn -0.721128 0.395485 -0.568828
vn -0.798006 0.560968 -0.220231
vn -0.256717 -0.083506 -0.962872
vn -0.079726 -0.285547 -0.955043
vn -0.278953 -0.104603 -0.954591
vn 0.017562 -0.963326 0.267760
vn 0.440115 -0.862910 0.248365
vn 0.439670 -0.844451 0.305930
vn 0.017665 -0.936776 0.349484
vn 0.006834 -0.646394 -0.762974
vn -0.046646 -0.612387 -0.789181
vn 0.011872 -0.993769 -0.110822
vn -0.047705 -0.961039 0.272265
vn -0.022447 -0.992611 -0.119243
vn -0.992040 0.105091 -0.069379
vn -0.991797 0.127554 -0.008352
vn -0.537083 -0.812615 0.226271
vn -0.048135 -0.937813 0.343788
vn -0.539305 -0.791785 0.286750
vn 0.013164 -0.734228 0.678775
vn -0.020394 -0.727823 0.685462
vn 0.007501 -0.064952 0.997860
vn -0.047937 -0.018035 0.998688
vn -0.014265 -0.320555 -0.947122
vn -0.305322 -0.512836 -0.802357
vn -0.304910 -0.512472 -0.802747
vn -0.007939 -0.314980 -0.949065
vn -0.721146 -0.661704 -0.205174
vn -0.785830 -0.599960 0.150065
vn -0.784918 -0.603265 0.141335
vn -0.719356 -0.663386 -0.206022
vn -0.013917 -0.963327 0.267970
vn -0.010220 -0.992766 -0.119634
vn 0.017021 -0.991749 -0.127063
vn 0.039984 -0.961000 0.273642
vn -0.005789 -0.638603 -0.769514
vn 0.054925 -0.270814 -0.961064
vn 0.040101 -0.607561 -0.793260
vn -0.435946 -0.864679 0.249562
vn -0.436395 -0.845875 0.306683
vn -0.785838 -0.573679 0.230979
vn -0.013827 -0.936803 0.349585
vn 0.787756 0.573829 -0.223966
vn 0.714054 0.400659 -0.574108
vn 0.712779 0.401890 -0.574830
vn 0.785584 0.578841 -0.218633
vn 0.273449 -0.088367 -0.957819
vn 0.078505 -0.248877 -0.965348
vn 0.270592 -0.086153 -0.958831
vn 0.539957 -0.808613 0.233646
vn 0.537755 -0.790165 0.294039
vn 0.039648 -0.938026 0.344289
vn 0.991675 0.109253 -0.068143
vn 0.787727 0.596018 -0.155719
vn 0.991919 0.126715 -0.006399
vn -0.721084 -0.414730 0.555010
vn -0.719331 -0.415558 0.556664
vn -0.784921 -0.571174 0.240125
vn -0.305061 0.056902 0.950631
vn -0.014160 0.297427 0.954640
vn -0.007904 0.303047 0.952943
vn -0.304663 0.057442 0.950727
vn -0.005238 -0.074008 0.997244
vn 0.038967 -0.038309 0.998506
vn 0.055653 0.346304 0.936470
vn -0.009150 -0.737489 0.675297
vn 0.018691 -0.732737 0.680256
vn 0.273920 0.491715 0.826550
vn 0.271129 0.494204 0.825985
vn 0.079105 0.366500 0.927049
vn 0.714525 0.661559 0.227582
vn 0.785577 0.596860 -0.163178
vn 0.713230 0.663013 0.227413
vn 0.784928 -0.571226 0.239978
vn 0.720402 -0.417339 0.553939
vn 0.722176 -0.416473 0.552279
vn 0.785838 -0.573701 0.230923
vn 0.306592 0.055702 0.950210
vn 0.007895 0.303054 0.952941
vn 0.014252 0.297379 0.954653
vn 0.306992 0.055179 0.950111
vn -0.434571 -0.856323 0.279033
vn -0.434571 -0.856323 0.279033
vn 0.440832 -0.853536 0.277749
vn 0.784933 -0.603181 0.141610
vn 0.440832 -0.853536 0.277749
vn -0.000019 0.297665 0.954670
vn 0.001269 0.341672 0.939818
vn -0.079358 0.366681 0.926956
vn -0.274704 0.496381 0.823495
vn -0.277540 0.493956 0.824002
vn -0.055753 0.346403 0.936428
vn -0.714256 0.662924 0.224431
vn -0.785578 0.596973 -0.162761
vn -0.787750 0.595929 -0.155946
vn -0.715539 0.661489 0.224581
vn -0.443765 0.852521 -0.276189
vn -0.443765 0.852521 -0.276189
vn -0.785574 0.578639 -0.219206
vn 0.431465 0.858430 -0.277373
vn 0.431465 0.858430 -0.277373
vn 0.007896 -0.314950 -0.949075
vn 0.306572 -0.513455 -0.801485
vn 0.306970 -0.513832 -0.801091
vn 0.014250 -0.320563 -0.947120
vn 0.720391 -0.663248 -0.202826
vn 0.785840 -0.599865 0.150391
vn 0.722175 -0.661564 -0.201984
vn 0.000024 -0.320517 -0.947243
vn -0.000782 -0.276753 -0.960941
vn -0.079333 -0.248224 -0.965449
vn -0.714313 0.404370 -0.571176
vn -0.715590 0.403091 -0.570481
vn -0.787738 0.573790 -0.224131
vn -0.274822 -0.082468 -0.957952
vn -0.055764 -0.270198 -0.961189
vn -0.277514 -0.084870 -0.956966
vn -0.108227 -0.399064 -0.910514
vn -0.229208 -0.474087 -0.850121
vn -0.268522 -0.457902 -0.847480
vn -0.106477 -0.355926 -0.928429
vn -0.729074 -0.629879 -0.267775
vn -0.818466 -0.555172 0.147977
vn -0.827159 -0.545016 0.136985
vn -0.737339 -0.619740 -0.268802
vn 0.999228 -0.017490 -0.035188
vn 0.886961 -0.162410 -0.432346
vn 0.895926 -0.123174 -0.426785
vn 0.998887 0.002281 -0.047104
vn 0.219621 -0.387238 -0.895441
vn 0.034814 -0.292675 -0.955578
vn 0.363394 -0.285973 -0.886659
vn -0.354449 -0.890556 0.285090
vn -0.354449 -0.890556 0.285090
vn -0.354449 -0.890556 0.285090
vn -0.354449 -0.890556 0.285090
vn 0.774645 -0.604719 0.185043
vn 0.774645 -0.604719 0.185043
vn 0.774645 -0.604719 0.185043
vn 0.774645 -0.604719 0.185043
vn 0.841836 0.497448 -0.209423
vn 0.768731 0.341769 -0.540599
vn 0.764452 0.349322 -0.541837
vn 0.834046 0.509136 -0.212482
vn 0.348548 -0.070372 -0.934646
vn 0.036678 -0.275882 -0.960491
vn 0.343492 -0.064173 -0.936961
vn 0.958798 0.257210 -0.120622
vn 0.958884 0.278616 -0.053990
vn 0.998865 0.029926 0.037044
vn 0.841833 0.525526 -0.123040
vn -0.818554 -0.536069 0.206396
vn -0.727677 -0.349692 0.590087
vn -0.735135 -0.341321 0.585727
vn -0.827230 -0.521595 0.208878
vn -0.230419 0.118836 0.965808
vn -0.106012 0.214458 0.970963
vn -0.105459 0.258354 0.960277
vn -0.263391 0.132107 0.955601
vn 0.182945 0.212471 0.959889
vn 0.349028 0.293660 0.889912
vn 0.034779 0.325053 0.945056
vn 0.886764 0.153027 0.436156
vn 0.999554 0.010148 0.028102
vn 0.890101 0.158666 0.427254
vn 0.350176 0.493389 0.796206
vn 0.345294 0.499786 0.794346
vn 0.036796 0.341507 0.939159
vn 0.769320 0.594335 0.234334
vn 0.834054 0.536770 -0.127406
vn 0.765105 0.601164 0.230687
vn -0.996384 -0.067639 0.051412
vn -0.996039 -0.088650 -0.006951
vn -0.526326 0.817430 -0.234070
vn -0.085236 0.958405 -0.272386
vn -0.084618 0.935369 -0.343402
vn -0.528031 0.797349 -0.292262
vn -0.039604 0.992015 0.119743
vn 0.022817 0.994308 0.104071
vn 0.030678 0.962209 -0.270577
vn -0.072760 0.592554 0.802238
vn 0.015900 0.645762 0.763373
vn 0.476030 0.844920 -0.243938
vn 0.476045 0.827192 -0.298554
vn 0.030745 0.937457 -0.346741
vn -0.076937 0.003107 -0.997031
vn 0.015263 0.070896 -0.997367
vn -0.042766 0.730228 -0.681864
vn 0.021638 0.741251 -0.670880
vn -0.101033 -0.382508 -0.918412
vn -0.255512 -0.475290 -0.841911
vn -0.266253 -0.470519 -0.841262
vn -0.079353 -0.355272 -0.931388
vn -0.723669 -0.636398 -0.267024
vn -0.811072 -0.565068 0.151198
vn -0.813454 -0.563844 0.142734
vn -0.726003 -0.633589 -0.267367
vn 0.999278 -0.019860 -0.032393
vn 0.890083 -0.160016 -0.426786
vn 0.896575 -0.130438 -0.423248
vn 0.998952 -0.005780 -0.045403
vn 0.256442 -0.367400 -0.894011
vn 0.021071 -0.296259 -0.954875
vn 0.363769 -0.287542 -0.885998
vn -0.344739 -0.893955 0.286354
vn -0.344739 -0.893955 0.286354
vn -0.344739 -0.893955 0.286355
vn -0.344739 -0.893955 0.286354
vn 0.777713 -0.600908 0.184586
vn 0.777713 -0.600908 0.184586
vn 0.777713 -0.600908 0.184586
vn 0.777713 -0.600908 0.184586
vn 0.819630 0.528981 -0.219968
vn 0.748219 0.369369 -0.551121
vn 0.747206 0.370970 -0.551421
vn 0.817814 0.531612 -0.220382
vn 0.338230 -0.057624 -0.939298
vn 0.025314 -0.289639 -0.956801
vn 0.337085 -0.056277 -0.939791
vn 0.954268 0.271681 -0.124752
vn 0.954367 0.292726 -0.059122
vn 0.998946 0.022262 0.040155
vn 0.819631 0.557231 -0.133039
vn -0.811098 -0.546056 0.209625
vn -0.721933 -0.355290 0.593786
vn -0.724042 -0.352934 0.592622
vn -0.813491 -0.540277 0.215251
vn -0.252280 0.113925 0.960924
vn -0.099175 0.231889 0.967673
vn -0.078775 0.260435 0.962272
vn -0.261367 0.117922 0.958009
vn 0.224563 0.227911 0.947432
vn 0.349191 0.291392 0.890593
vn 0.021152 0.321682 0.946612
vn 0.888326 0.144567 0.435864
vn 0.999534 0.005432 0.030025
vn 0.890881 0.149620 0.428887
vn 0.340123 0.506473 0.792339
vn 0.339019 0.507859 0.791925
vn 0.025380 0.328127 0.944293
vn 0.748966 0.622694 0.226500
vn 0.817816 0.559609 -0.134221
vn 0.747970 0.624160 0.225756
vn -0.995596 -0.076345 0.054416
vn -0.995197 -0.097779 -0.004734
vn -0.525106 0.818202 -0.234113
vn -0.052186 0.960505 -0.273325
vn -0.051738 0.937627 -0.343771
vn -0.526931 0.797862 -0.292847
vn -0.019860 0.992487 0.120724
vn 0.020844 0.993703 0.110087
vn 0.026453 0.962694 -0.269296
vn -0.050165 0.604705 0.794868
vn 0.012013 0.643268 0.765547
vn 0.463572 0.851409 -0.245367
vn 0.463585 0.833296 -0.301175
vn 0.026485 0.937099 -0.348058
vn -0.053301 0.017720 -0.998421
vn 0.011566 0.067661 -0.997641
vn -0.022094 0.730021 -0.683067
vn 0.020012 0.737219 -0.675358
vn -0.112110 -0.393679 -0.912386
vn -0.247842 -0.477794 -0.842785
vn -0.264492 -0.470301 -0.841939
vn -0.095042 -0.363200 -0.926851
vn -0.719272 -0.642772 -0.263615
vn -0.806075 -0.571648 0.153172
vn -0.810046 -0.568268 0.144559
vn -0.723005 -0.638336 -0.264180
vn 0.999240 -0.017366 -0.034900
vn 0.889263 -0.161257 -0.428028
vn 0.897371 -0.123489 -0.423645
vn 0.998896 0.001692 -0.046936
vn 0.238070 -0.380112 -0.893777
vn 0.027791 -0.292447 -0.955878
vn 0.364936 -0.285323 -0.886235
vn -0.337580 -0.896414 0.287198
vn -0.337580 -0.896414 0.287198
vn -0.337580 -0.896414 0.287198
vn -0.337580 -0.896414 0.287198
vn 0.781664 -0.596182 0.183216
vn 0.781664 -0.596182 0.183216
vn 0.781664 -0.596182 0.183216
vn 0.781664 -0.596182 0.183216
vn 0.817485 0.531978 -0.220720
vn 0.746689 0.372983 -0.550762
vn 0.744990 0.375625 -0.551267
vn 0.814468 0.536215 -0.221620
vn 0.337515 -0.056416 -0.939628
vn 0.032114 -0.283230 -0.958514
vn 0.335618 -0.054202 -0.940437
vn 0.952967 0.275696 -0.125881
vn 0.953070 0.296627 -0.060586
vn 0.998882 0.029275 0.037113
vn 0.817486 0.560097 -0.134192
vn -0.806114 -0.552527 0.211883
vn -0.717579 -0.362419 0.594755
vn -0.720952 -0.358685 0.592936
vn -0.810093 -0.544920 0.216358
vn -0.245350 0.112384 0.962898
vn -0.109923 0.219655 0.969365
vn -0.094211 0.251523 0.963255
vn -0.259442 0.118780 0.958426
vn 0.204443 0.217292 0.954457
vn 0.350849 0.293627 0.889207
vn 0.027880 0.325387 0.945170
vn 0.888803 0.149733 0.433139
vn 0.999534 0.009767 0.028905
vn 0.891917 0.155950 0.424456
vn 0.339341 0.507657 0.791917
vn 0.337510 0.509933 0.791236
vn 0.032201 0.334344 0.941901
vn 0.747420 0.625422 0.224080
vn 0.814472 0.564056 -0.135926
vn 0.745745 0.627852 0.222858
vn -0.994918 -0.083197 0.056710
vn -0.994497 -0.104733 -0.002666
vn -0.529024 0.815937 -0.233197
vn -0.069675 0.959512 -0.272916
vn -0.069103 0.936571 -0.343598
vn -0.530880 0.795453 -0.292269
vn -0.028777 0.992046 0.122544
vn 0.022505 0.993803 0.108851
vn 0.028922 0.962469 -0.269845
vn -0.063467 0.595031 0.801193
vn 0.013735 0.644167 0.764762
vn 0.460149 0.853081 -0.246000
vn 0.460164 0.835014 -0.301663
vn 0.028967 0.937237 -0.347488
vn -0.067437 0.005625 -0.997708
vn 0.013177 0.068748 -0.997547
vn -0.031635 0.728537 -0.684275
vn 0.021465 0.737999 -0.674461
vn -0.086523 -0.372042 -0.924174
vn -0.258766 -0.478894 -0.838869
vn -0.263856 -0.476513 -0.838639
vn -0.064917 -0.350430 -0.934336
vn -0.715656 -0.646368 -0.264659
vn -0.802079 -0.576883 0.154516
vn -0.803193 -0.577274 0.147088
vn -0.716825 -0.644996 -0.264845
vn 0.999323 -0.017804 -0.032185
vn 0.891926 -0.155439 -0.424625
vn 0.896968 -0.131346 -0.422134
vn 0.998940 -0.007068 -0.045494
vn 0.279139 -0.353592 -0.892779
vn 0.015883 -0.298581 -0.954252
vn 0.364302 -0.287289 -0.885861
vn -0.332560 -0.898082 0.287841
vn -0.332560 -0.898082 0.287842
vn -0.332560 -0.898082 0.287842
vn -0.332560 -0.898082 0.287842
vn 0.782710 -0.594819 0.183182
vn 0.782710 -0.594818 0.183182
vn 0.782710 -0.594818 0.183182
vn 0.782710 -0.594818 0.183182
vn 0.806954 0.545873 -0.225494
vn 0.736541 0.384466 -0.556502
vn 0.736048 0.385198 -0.556647
vn 0.806081 0.547140 -0.225550
vn 0.332872 -0.050653 -0.941611
vn 0.019319 -0.294379 -0.955494
vn 0.332327 -0.050030 -0.941836
vn 0.950910 0.281853 -0.127787
vn 0.951016 0.302729 -0.062637
vn 0.998940 0.021194 0.040858
vn 0.806956 0.574144 -0.138496
vn -0.802095 -0.557583 0.213878
vn -0.713847 -0.364625 0.597889
vn -0.714903 -0.363462 0.597334
vn -0.803226 -0.553721 0.219593
vn -0.254600 0.109565 0.960820
vn -0.084925 0.243501 0.966175
vn -0.064490 0.265995 0.961815
vn -0.258927 0.111621 0.959426
vn 0.250598 0.238518 0.938248
vn 0.349702 0.291165 0.890467
vn 0.015964 0.319416 0.947480
vn 0.889358 0.143136 0.434229
vn 0.999527 0.006367 0.030104
vn 0.891413 0.147563 0.428495
vn 0.334779 0.513496 0.790092
vn 0.334254 0.514136 0.789898
vn 0.019365 0.323503 0.946029
vn 0.737315 0.638046 0.221955
vn 0.806082 0.575208 -0.139166
vn 0.736830 0.638722 0.221620
vn -0.994359 -0.088506 0.058452
vn -0.993911 -0.110178 -0.001155
vn -0.530799 0.814875 -0.232877
vn -0.043384 0.960854 -0.273637
vn -0.043018 0.938103 -0.343674
vn -0.532687 0.794355 -0.291968
vn -0.017104 0.992441 0.121525
vn 0.014134 0.993486 0.113074
vn 0.018237 0.963046 -0.268718
vn -0.041296 0.610314 0.791082
vn 0.008169 0.642020 0.766645
vn 0.452822 0.856759 -0.246813
vn 0.452831 0.838475 -0.303154
vn 0.018258 0.937045 -0.348731
vn -0.043886 0.024697 -0.998731
vn 0.007838 0.066026 -0.997787
vn -0.018882 0.729513 -0.683706
vn 0.013483 0.735301 -0.677606
vn -0.091704 -0.375704 -0.922191
vn -0.258109 -0.476691 -0.840325
vn -0.265351 -0.473469 -0.839890
vn -0.069265 -0.351418 -0.933653
vn -0.720349 -0.640425 -0.266370
vn -0.807390 -0.569933 0.152633
vn -0.808952 -0.569830 0.144536
vn -0.721942 -0.638530 -0.266605
vn 0.999335 -0.016385 -0.032565
vn 0.891201 -0.154661 -0.426429
vn 0.896474 -0.129983 -0.423603
vn 0.998925 -0.005331 -0.046046
vn 0.272665 -0.356115 -0.893776
vn 0.017463 -0.297973 -0.954415
vn 0.363548 -0.286905 -0.886295
vn -0.339358 -0.895808 0.286993
vn -0.339358 -0.895808 0.286993
vn -0.339358 -0.895808 0.286993
vn -0.339358 -0.895808 0.286993
vn 0.780527 -0.597538 0.183649
vn 0.780527 -0.597538 0.183649
vn 0.780527 -0.597538 0.183649
vn 0.780527 -0.597538 0.183649
vn 0.812373 0.538737 -0.223187
vn 0.741448 0.377976 -0.554427
vn 0.740767 0.379018 -0.554625
vn 0.811156 0.540493 -0.223368
vn 0.335150 -0.053599 -0.940639
vn 0.021194 -0.292917 -0.955903
vn 0.334387 -0.052718 -0.940960
vn 0.952038 0.278441 -0.126864
vn 0.952141 0.299432 -0.061376
vn 0.998923 0.022947 0.040322
vn 0.812375 0.567014 -0.136167
vn -0.807410 -0.550846 0.211324
vn -0.718584 -0.358904 0.595672
vn -0.720025 -0.357312 0.594889
vn -0.808985 -0.546187 0.217308
vn -0.254390 0.111976 0.960597
vn -0.090048 0.239436 0.966727
vn -0.068809 0.264809 0.961843
vn -0.260530 0.114684 0.958630
vn 0.242849 0.236956 0.940679
vn 0.348763 0.291804 0.890626
vn 0.017541 0.320010 0.947252
vn 0.888582 0.145344 0.435083
vn 0.999541 0.007820 0.029266
vn 0.890717 0.149764 0.429178
vn 0.336992 0.510499 0.791092
vn 0.336257 0.511405 0.790820
vn 0.021247 0.324934 0.945498
vn 0.742236 0.631571 0.224063
vn 0.811159 0.568548 -0.137022
vn 0.741567 0.632528 0.223580
vn -0.995029 -0.082147 0.056295
vn -0.994615 -0.103599 -0.002889
vn -0.529773 0.815442 -0.233227
vn -0.050385 0.960581 -0.273396
vn -0.049990 0.937741 -0.343719
vn -0.531590 0.795101 -0.291936
vn -0.021459 0.992474 0.120563
vn 0.013873 0.993695 0.111254
vn 0.018368 0.962961 -0.269015
vn -0.045930 0.608600 0.792147
vn 0.008554 0.642841 0.765952
vn 0.455903 0.855220 -0.246477
vn 0.455914 0.837033 -0.302521
vn 0.018394 0.937152 -0.348437
vn -0.048686 0.022656 -0.998557
vn 0.008187 0.067112 -0.997712
vn -0.023401 0.730119 -0.682919
vn 0.013153 0.736542 -0.676264
vn 0.013828 -0.963370 0.267820
vn 0.436399 -0.864590 0.249078
vn 0.435950 -0.846227 0.306345
vn 0.013917 -0.936857 0.349437
vn 0.005238 -0.646003 -0.763317
vn -0.038970 -0.617865 -0.785318
vn 0.009151 -0.993575 -0.112803
vn -0.039647 -0.961247 0.272824
vn -0.018687 -0.992646 -0.119606
vn -0.991918 0.106277 -0.069304
vn -0.991675 0.128443 -0.009087
vn -0.537754 -0.812089 0.226566
vn -0.039985 -0.938308 0.343480
vn -0.539957 -0.791516 0.286267
vn 0.010218 -0.732837 0.680328
vn -0.017022 -0.727646 0.685742
vn 0.005787 -0.064336 0.997912
vn -0.040103 -0.025268 0.998876
vn 0.818566 -0.555035 0.147942
vn 0.729695 -0.629226 -0.267620
vn 0.737569 -0.619397 -0.268960
vn 0.827215 -0.544952 0.136908
vn 0.234536 -0.473643 -0.848914
vn 0.108355 -0.398564 -0.910717
vn 0.106662 -0.355777 -0.928464
vn 0.268531 -0.457199 -0.847856
vn -0.774647 -0.597992 0.205735
vn -0.774647 -0.597992 0.205735
vn -0.774647 -0.597992 0.205735
vn -0.774647 -0.597992 0.205735
vn 0.354471 -0.888039 0.292811
vn 0.354471 -0.888039 0.292811
vn 0.354471 -0.888039 0.292811
vn 0.354471 -0.888039 0.292811
vn -0.182921 -0.392290 -0.901470
vn -0.349024 -0.285499 -0.892565
vn -0.034606 -0.292635 -0.955598
vn -0.886773 -0.132571 -0.442785
vn -0.999554 -0.008309 -0.028698
vn -0.998865 0.002435 -0.047560
vn -0.890109 -0.122770 -0.438901
vn -0.348439 -0.070317 -0.934690
vn -0.343437 -0.064062 -0.936988
vn -0.036660 -0.275730 -0.960536
vn -0.768649 0.341856 -0.540659
vn -0.841842 0.497448 -0.209401
vn -0.834031 0.509152 -0.212502
vn -0.764392 0.349435 -0.541849
vn -0.958888 0.257129 -0.120075
vn -0.958801 0.278977 -0.053589
vn -0.841829 0.525538 -0.123021
vn -0.998887 0.029534 0.036766
vn 0.105880 0.213941 0.971092
vn 0.225084 0.119197 0.967021
vn 0.263395 0.132102 0.955601
vn 0.105454 0.258380 0.960271
vn 0.727040 -0.350136 0.590608
vn 0.818454 -0.536202 0.206449
vn 0.827357 -0.521426 0.208793
vn 0.735130 -0.341335 0.585726
vn -0.999228 0.006531 0.038751
vn -0.886961 0.122730 0.445239
vn -0.895925 0.151206 0.417678
vn -0.219619 0.213016 0.952046
vn -0.034983 0.325008 0.945064
vn -0.363390 0.289802 0.885417
vn -0.769405 0.594223 0.234340
vn -0.765109 0.601159 0.230688
vn -0.834029 0.536804 -0.127422
vn -0.350283 0.493301 0.796214
vn -0.036793 0.341510 0.939158
vn -0.345295 0.499776 0.794353
vn 0.085956 0.958335 -0.272408
vn 0.517482 0.821779 -0.238520
vn 0.517435 0.802421 -0.297291
vn 0.084739 0.935117 -0.344057
vn 0.997194 -0.058202 0.047087
vn 0.996965 -0.077045 -0.011180
vn 0.072878 0.592442 0.802310
vn -0.015886 0.645773 0.763364
vn 0.039680 0.992029 0.119603
vn -0.030946 0.962284 -0.270282
vn -0.022849 0.994314 0.104003
vn -0.474889 0.845448 -0.244332
vn -0.475375 0.827466 -0.298864
vn -0.030919 0.937341 -0.347040
vn 0.046049 0.735007 -0.676494
vn -0.019834 0.745292 -0.666443
vn 0.075726 0.015813 -0.997003
vn -0.014191 0.078918 -0.996780
vn 0.811099 -0.565032 0.151187
vn 0.723834 -0.636223 -0.266992
vn 0.726067 -0.633493 -0.267421
vn 0.813471 -0.563826 0.142710
vn 0.256875 -0.475155 -0.841572
vn 0.101113 -0.382393 -0.918451
vn 0.079395 -0.355224 -0.931404
vn 0.266256 -0.470306 -0.841380
vn -0.777706 -0.594651 0.203874
vn -0.777706 -0.594651 0.203874
vn -0.777706 -0.594651 0.203874
vn -0.777706 -0.594651 0.203874
vn 0.344734 -0.891543 0.293785
vn 0.344734 -0.891543 0.293785
vn 0.344734 -0.891543 0.293785
vn 0.344734 -0.891543 0.293785
vn -0.224573 -0.372498 -0.900451
vn -0.349198 -0.287731 -0.891780
vn -0.021016 -0.296252 -0.954879
vn -0.888324 -0.139233 -0.437602
vn -0.999534 -0.013255 -0.027483
vn -0.998946 -0.005591 -0.045568
vn -0.890880 -0.131040 -0.434927
vn -0.338218 -0.057602 -0.939303
vn -0.337088 -0.056240 -0.939792
vn -0.025313 -0.289598 -0.956814
vn -0.748192 0.369396 -0.551140
vn -0.819631 0.528982 -0.219962
vn -0.817810 0.531616 -0.220388
vn -0.747184 0.371002 -0.551429
vn -0.954369 0.271564 -0.124225
vn -0.954270 0.293114 -0.058757
vn -0.819629 0.557234 -0.133035
vn -0.998952 0.022009 0.040130
vn 0.099094 0.231775 0.967709
vn 0.250915 0.114018 0.961271
vn 0.261367 0.117920 0.958009
vn 0.078773 0.260444 0.962270
vn 0.721755 -0.355412 0.593929
vn 0.811071 -0.546090 0.209639
vn 0.813531 -0.540227 0.215226
vn 0.724038 -0.352936 0.592626
vn -0.999278 0.002971 0.037881
vn -0.890077 0.121402 0.439346
vn -0.896569 0.143247 0.419098
vn -0.256452 0.228244 0.939222
vn -0.021208 0.321675 0.946613
vn -0.363784 0.288143 0.885796
vn -0.748991 0.622664 0.226500
vn -0.747974 0.624156 0.225754
vn -0.817810 0.559616 -0.134225
vn -0.340149 0.506454 0.792340
vn -0.025380 0.328128 0.944292
vn -0.339020 0.507856 0.791926
vn 0.052695 0.960500 -0.273245
vn 0.515412 0.822951 -0.238961
vn 0.515330 0.803392 -0.298323
vn 0.051818 0.937332 -0.344562
vn 0.996570 -0.066154 0.049730
vn 0.996313 -0.085280 -0.009348
vn 0.050255 0.604675 0.794885
vn -0.011998 0.643331 0.765494
vn 0.019921 0.992496 0.120641
vn -0.026608 0.962766 -0.269022
vn -0.020861 0.993708 0.110045
vn -0.462444 0.851905 -0.245770
vn -0.462918 0.833555 -0.301485
vn -0.026543 0.936967 -0.348409
vn 0.024386 0.734914 -0.677722
vn -0.018676 0.741529 -0.670660
vn 0.052098 0.030235 -0.998184
vn -0.010856 0.076410 -0.997017
vn 0.806118 -0.571591 0.153157
vn 0.719542 -0.642494 -0.263556
vn 0.723115 -0.638179 -0.264257
vn 0.810073 -0.568238 0.144522
vn 0.249929 -0.477596 -0.842281
vn 0.112172 -0.393484 -0.912463
vn 0.095121 -0.363131 -0.926870
vn 0.264496 -0.469952 -0.842132
vn -0.781647 -0.590033 0.202210
vn -0.781647 -0.590033 0.202210
vn -0.781647 -0.590033 0.202210
vn -0.781647 -0.590033 0.202210
vn 0.337572 -0.894025 0.294559
vn 0.337572 -0.894025 0.294559
vn 0.337572 -0.894025 0.294558
vn 0.337572 -0.894025 0.294558
vn -0.204439 -0.385205 -0.899901
vn -0.350831 -0.285110 -0.891981
vn -0.027710 -0.292433 -0.955884
vn -0.888805 -0.133453 -0.438424
vn -0.999535 -0.009085 -0.029126
vn -0.998882 0.001870 -0.047233
vn -0.891921 -0.123318 -0.435052
vn -0.337473 -0.056388 -0.939645
vn -0.335598 -0.054152 -0.940448
vn -0.032109 -0.283165 -0.958534
vn -0.746656 0.373016 -0.550784
vn -0.817487 0.531978 -0.220711
vn -0.814462 0.536221 -0.221628
vn -0.744965 0.375670 -0.551271
vn -0.953070 0.275588 -0.125337
vn -0.952967 0.297034 -0.060208
vn -0.817484 0.560102 -0.134185
vn -0.998896 0.028958 0.036977
vn 0.109858 0.219452 0.969418
vn 0.243255 0.112523 0.963413
vn 0.259443 0.118773 0.958427
vn 0.094208 0.251535 0.963252
vn 0.717301 -0.362616 0.594971
vn 0.806071 -0.552581 0.211904
vn 0.810158 -0.544840 0.216318
vn 0.720950 -0.358694 0.592933
vn -0.999240 0.006466 0.038442
vn -0.889257 0.121122 0.441079
vn -0.897367 0.149104 0.415332
vn -0.238092 0.217818 0.946503
vn -0.027962 0.325373 0.945172
vn -0.364949 0.290076 0.884685
vn -0.747456 0.625377 0.224083
vn -0.745749 0.627847 0.222859
vn -0.814463 0.564068 -0.135933
vn -0.339380 0.507637 0.791913
vn -0.032201 0.334347 0.941900
vn -0.337509 0.509941 0.791232
vn 0.070340 0.959469 -0.272894
vn 0.519168 0.820821 -0.238156
vn 0.519093 0.801138 -0.297859
vn 0.069199 0.936282 -0.344365
vn 0.995993 -0.072813 0.051933
vn 0.995732 -0.091996 -0.007368
vn 0.063579 0.594960 0.801237
vn -0.013719 0.644220 0.764717
vn 0.028853 0.992056 0.122446
vn -0.029143 0.962548 -0.269539
vn -0.022527 0.993807 0.108808
vn -0.459008 0.853581 -0.246399
vn -0.459486 0.835274 -0.301977
vn -0.029084 0.937107 -0.347827
vn 0.034634 0.733561 -0.678741
vn -0.019773 0.742311 -0.669764
vn 0.066114 0.019015 -0.997631
vn -0.012229 0.077437 -0.996922
vn 0.801400 -0.577762 0.154758
vn 0.715111 -0.647075 -0.264405
vn 0.716232 -0.645741 -0.264634
vn 0.802513 -0.578144 0.147384
vn 0.259198 -0.479133 -0.838599
vn 0.086359 -0.371997 -0.924208
vn 0.064949 -0.350523 -0.934299
vn 0.263653 -0.476702 -0.838596
vn -0.783053 -0.588493 0.201254
vn -0.783053 -0.588493 0.201254
vn -0.783053 -0.588493 0.201254
vn -0.783053 -0.588493 0.201254
vn 0.331645 -0.896061 0.295104
vn 0.331645 -0.896061 0.295104
vn 0.331645 -0.896061 0.295104
vn 0.331645 -0.896061 0.295104
vn -0.251125 -0.358377 -0.899167
vn -0.349789 -0.287827 -0.891518
vn -0.015855 -0.298553 -0.954261
vn -0.889447 -0.139400 -0.435261
vn -0.999525 -0.012558 -0.028132
vn -0.998941 -0.006850 -0.045505
vn -0.891500 -0.132429 -0.433233
vn -0.332540 -0.050247 -0.941750
vn -0.332002 -0.049617 -0.941973
vn -0.019275 -0.294358 -0.955501
vn -0.735861 0.385375 -0.556772
vn -0.806208 0.546847 -0.225801
vn -0.805331 0.548113 -0.225864
vn -0.735369 0.386109 -0.556912
vn -0.950821 0.282314 -0.127429
vn -0.950713 0.303709 -0.062500
vn -0.806208 0.575117 -0.138816
vn -0.998940 0.021035 0.040944
vn 0.084649 0.243469 0.966208
vn 0.253787 0.109324 0.961062
vn 0.258710 0.111342 0.959517
vn 0.064500 0.265879 0.961846
vn 0.713141 -0.365474 0.598213
vn 0.801390 -0.558469 0.214211
vn 0.802557 -0.554590 0.219846
vn 0.714283 -0.364254 0.597595
vn -0.999323 0.004522 0.036525
vn -0.892004 0.123761 0.434756
vn -0.897036 0.141830 0.418581
vn -0.279592 0.238761 0.929958
vn -0.015994 0.319440 0.947472
vn -0.364391 0.288275 0.885503
vn -0.736649 0.638923 0.221644
vn -0.736153 0.639610 0.221309
vn -0.805331 0.576182 -0.139486
vn -0.334515 0.513911 0.789934
vn -0.019326 0.323508 0.946028
vn -0.333977 0.514558 0.789740
vn 0.043825 0.960870 -0.273511
vn 0.520873 0.819800 -0.237947
vn 0.520767 0.800096 -0.297738
vn 0.043109 0.937787 -0.344525
vn 0.995448 -0.078656 0.053819
vn 0.995174 -0.097955 -0.005776
vn 0.041448 0.610160 0.791193
vn -0.008145 0.642074 0.766600
vn 0.017131 0.992436 0.121564
vn -0.018325 0.963120 -0.268446
vn -0.014142 0.993480 0.113129
vn -0.451102 0.857530 -0.247283
vn -0.451572 0.839008 -0.303559
vn -0.018256 0.936905 -0.349108
vn 0.020718 0.734395 -0.678406
vn -0.012358 0.739708 -0.672814
vn 0.042890 0.036899 -0.998398
vn -0.007222 0.075118 -0.997149
vn 0.805528 -0.572383 0.153305
vn 0.718771 -0.642484 -0.265674
vn 0.720298 -0.640649 -0.265971
vn 0.807094 -0.572249 0.145363
vn 0.258583 -0.477458 -0.839743
vn 0.091166 -0.375658 -0.922263
vn 0.069330 -0.351731 -0.933530
vn 0.264845 -0.474174 -0.839653
vn -0.781480 -0.590269 0.202166
vn -0.781480 -0.590269 0.202166
vn -0.781480 -0.590269 0.202166
vn -0.781480 -0.590269 0.202166
vn 0.336864 -0.894276 0.294609
vn 0.336864 -0.894276 0.294609
vn 0.336864 -0.894275 0.294609
vn 0.336864 -0.894275 0.294609
vn -0.244409 -0.360816 -0.900042
vn -0.349073 -0.287343 -0.891954
vn -0.017418 -0.297891 -0.954441
vn -0.888850 -0.138060 -0.436904
vn -0.999538 -0.010911 -0.028374
vn -0.998924 -0.005077 -0.046088
vn -0.890977 -0.130967 -0.434749
vn -0.334266 -0.052455 -0.941018
vn -0.333512 -0.051568 -0.941334
vn -0.021057 -0.292886 -0.955915
vn -0.739576 0.380557 -0.555161
vn -0.810294 0.541500 -0.224059
vn -0.809071 0.543245 -0.224255
vn -0.738896 0.381596 -0.555353
vn -0.951603 0.279949 -0.126806
vn -0.951499 0.301419 -0.061613
vn -0.810293 0.569767 -0.137078
vn -0.998926 0.022793 0.040343
vn 0.089350 0.239385 0.966805
vn 0.253023 0.111199 0.961049
vn 0.259975 0.113866 0.958878
vn 0.068837 0.264465 0.961936
vn 0.716786 -0.361130 0.596493
vn 0.805512 -0.553270 0.212235
vn 0.807144 -0.548618 0.218031
vn 0.718344 -0.359461 0.595625
vn -0.999333 0.005914 0.036036
vn -0.891406 0.125300 0.435541
vn -0.896653 0.143717 0.418758
vn -0.273965 0.237390 0.931981
vn -0.017581 0.320088 0.947225
vn -0.363826 0.288855 0.885547
vn -0.740381 0.634065 0.223156
vn -0.739694 0.635033 0.222677
vn -0.809071 0.571298 -0.137926
vn -0.336219 0.511662 0.790670
vn -0.021117 0.324945 0.945497
vn -0.335466 0.512574 0.790399
vn 0.050931 0.960578 -0.273306
vn 0.520747 0.819872 -0.237976
vn 0.520653 0.800277 -0.297452
vn 0.050154 0.937437 -0.344525
vn 0.995870 -0.074185 0.052343
vn 0.995608 -0.093367 -0.006897
vn 0.046209 0.608099 0.792515
vn -0.008493 0.642783 0.766002
vn 0.021437 0.992440 0.120842
vn -0.018428 0.963040 -0.268726
vn -0.013869 0.993666 0.111512
vn -0.453175 0.856494 -0.247085
vn -0.453647 0.838049 -0.303114
vn -0.018361 0.937008 -0.348825
vn 0.025374 0.734712 -0.677904
vn -0.011918 0.740659 -0.671776
vn 0.047835 0.034370 -0.998264
vn -0.007466 0.075865 -0.997090
vn -0.014074 -0.323502 -0.946123
vn -0.300780 -0.520179 -0.799341
vn -0.299207 -0.518763 -0.800850
vn -0.008303 -0.315699 -0.948823
vn -0.708450 -0.676775 -0.200186
vn -0.771527 -0.617027 0.154995
vn -0.768904 -0.622257 0.146913
vn -0.701646 -0.682928 -0.203231
vn -0.014681 -0.963492 0.267335
vn -0.011113 -0.992396 -0.122584
vn 0.016698 -0.991251 -0.130931
vn 0.041989 -0.960931 0.273585
vn -0.005935 -0.636913 -0.770913
vn 0.066459 -0.267871 -0.961160
vn 0.043603 -0.600687 -0.798294
vn -0.427027 -0.868908 0.250291
vn -0.427459 -0.849735 0.308594
vn -0.771533 -0.590379 0.237044
vn -0.014574 -0.936556 0.350214
vn 0.769664 0.595274 -0.230793
vn 0.700418 0.429010 -0.570408
vn 0.696387 0.433008 -0.572320
vn 0.762133 0.605470 -0.229258
vn 0.274039 -0.078309 -0.958525
vn 0.085591 -0.238467 -0.967372
vn 0.266357 -0.069908 -0.961336
vn 0.548401 -0.803567 0.231379
vn 0.545887 -0.784536 0.294126
vn 0.041558 -0.937891 0.344433
vn 0.987868 0.134583 -0.077492
vn 0.769603 0.617393 -0.162901
vn 0.988214 0.152500 -0.013301
vn -0.708310 -0.429963 0.559847
vn -0.701642 -0.433022 0.565854
vn -0.768899 -0.589810 0.246815
vn -0.300403 0.049099 0.952548
vn -0.013967 0.294396 0.955581
vn -0.008273 0.302323 0.953170
vn -0.298887 0.051196 0.952914
vn -0.005306 -0.072461 0.997357
vn 0.042277 -0.031272 0.998617
vn 0.067040 0.348587 0.934876
vn -0.009864 -0.735712 0.677223
vn 0.018648 -0.730382 0.682784
vn 0.274104 0.499804 0.821622
vn 0.266542 0.508668 0.818665
vn 0.085862 0.375926 0.922663
vn 0.700739 0.682256 0.208547
vn 0.762124 0.624627 -0.170318
vn 0.696609 0.686745 0.207649
vn 0.768915 -0.589862 0.246643
vn 0.702619 -0.434714 0.563338
vn 0.709369 -0.431513 0.557308
vn 0.771532 -0.590401 0.236990
vn 0.300696 0.049547 0.952432
vn 0.008265 0.302326 0.953169
vn 0.014054 0.294411 0.955576
vn 0.302224 0.047516 0.952052
vn -0.425736 -0.860349 0.280264
vn -0.425736 -0.860350 0.280264
vn 0.431387 -0.857900 0.279129
vn 0.768932 -0.622164 0.147161
vn 0.431387 -0.857900 0.279129
vn -0.000013 0.294919 0.955522
vn 0.001058 0.349277 0.937019
vn -0.086171 0.376155 0.922541
vn -0.268952 0.510286 0.816868
vn -0.276613 0.501767 0.819582
vn -0.067083 0.348742 0.934815
vn -0.697231 0.686725 0.205616
vn -0.762138 0.624681 -0.170057
vn -0.769661 0.617275 -0.163076
vn -0.701282 0.682339 0.206440
vn -0.426148 0.860518 -0.279118
vn -0.426148 0.860518 -0.279118
vn -0.762129 0.605353 -0.229581
vn 0.418747 0.863922 -0.279804
vn 0.418747 0.863922 -0.279804
vn 0.008268 -0.315676 -0.948831
vn 0.300699 -0.519753 -0.799648
vn 0.302217 -0.521218 -0.798120
vn 0.014048 -0.323559 -0.946104
vn 0.702565 -0.682873 -0.200219
vn 0.771538 -0.616940 0.155287
vn 0.709343 -0.676718 -0.197194
vn 0.000038 -0.323250 -0.946314
vn -0.000579 -0.268830 -0.963187
vn -0.086123 -0.238002 -0.967439
vn -0.697325 0.434655 -0.569923
vn -0.701420 0.430487 -0.568059
vn -0.769614 0.595274 -0.230960
vn -0.269229 -0.067332 -0.960719
vn -0.067154 -0.267430 -0.961235
vn -0.276601 -0.076382 -0.957945
vn 0.014575 -0.963540 0.267166
vn 0.427460 -0.868837 0.249801
vn 0.427027 -0.850078 0.308245
vn 0.014681 -0.936616 0.350051
vn 0.005303 -0.644847 -0.764293
vn -0.042269 -0.612271 -0.789518
vn 0.009865 -0.993264 -0.115449
vn -0.041558 -0.961221 0.272629
vn -0.018646 -0.992222 -0.123079
vn -0.988214 0.131189 -0.078877
vn -0.987868 0.154429 -0.016412
vn -0.545881 -0.807589 0.223190
vn -0.041990 -0.938218 0.343489
vn -0.548396 -0.786102 0.285140
vn 0.011117 -0.730784 0.682518
vn -0.016694 -0.724953 0.688596
vn 0.005936 -0.062156 0.998049
vn -0.043603 -0.016750 0.998909
vn -0.410719 -0.907841 -0.084465
vn -0.229933 -0.709501 -0.666138
vn 0.274547 -0.397658 -0.875496
vn 0.878538 0.038054 -0.476155
vn 0.446875 -0.872205 -0.198901
vn -0.227189 -0.187645 0.955602
vn -0.406342 -0.688509 0.600700
vn 0.885302 0.279994 0.371274
vn 0.272798 0.168563 0.947190
vn 0.425509 -0.615202 0.663678
vn 0.000221 0.072621 0.997360
vn 0.374546 -0.559909 0.739065
vn 0.374546 -0.559909 0.739065
vn -0.370262 -0.558246 0.742474
vn -0.370262 -0.558246 0.742474
vn -0.361941 0.886267 0.289014
vn -0.361941 0.886267 0.289014
vn 0.005950 0.515772 0.856705
vn 0.368039 0.881919 0.294560
vn 0.368039 0.881919 0.294560
vn 0.373651 -0.887944 -0.268216
vn 0.373651 -0.887944 -0.268216
vn 0.001379 -0.527666 -0.849451
vn -0.371872 -0.887503 -0.272120
vn -0.371872 -0.887503 -0.272120
vn -0.004945 -0.087009 -0.996195
vn -0.382156 0.541737 -0.748651
vn -0.382156 0.541737 -0.748651
vn 0.347307 0.543488 -0.764198
vn 0.347307 0.543488 -0.764198
vn 0.227129 -0.713378 -0.662951
vn 0.406320 -0.910100 -0.081376
vn -0.885279 0.008230 -0.464988
vn -0.272782 -0.420421 -0.865353
vn -0.425480 -0.887835 -0.175261
vn 0.410571 -0.684752 0.602118
vn 0.229879 -0.182578 0.955940
vn -0.274451 0.192944 0.942046
vn -0.878510 0.310779 0.362817
vn -0.446779 -0.588747 0.673621
vn -0.406746 -0.909502 -0.085812
vn -0.227829 -0.710598 -0.665691
vn 0.274376 -0.397277 -0.875722
vn 0.878211 0.039176 -0.476667
vn 0.447376 -0.871857 -0.199300
vn -0.225050 -0.188599 0.955920
vn -0.402489 -0.689072 0.602647
vn 0.885038 0.281037 0.371116
vn 0.272636 0.168844 0.947186
vn 0.425963 -0.614847 0.663715
vn 0.000217 0.069693 0.997569
vn 0.373429 -0.564288 0.736294
vn 0.373429 -0.564288 0.736294
vn -0.369328 -0.562631 0.739624
vn -0.369328 -0.562631 0.739624
vn -0.361405 0.886672 0.288442
vn -0.361405 0.886672 0.288442
vn 0.005891 0.516109 0.856503
vn 0.367540 0.882334 0.293940
vn 0.367540 0.882334 0.293940
vn 0.372356 -0.889889 -0.263531
vn 0.372356 -0.889889 -0.263531
vn 0.001369 -0.530098 -0.847935
vn -0.370537 -0.889540 -0.267246
vn -0.370537 -0.889540 -0.267246
vn -0.004912 -0.086607 -0.996230
vn -0.381396 0.542479 -0.748501
vn -0.381396 0.542479 -0.748501
vn 0.346783 0.544227 -0.763910
vn 0.346783 0.544227 -0.763910
vn -0.338941 -0.887064 -0.313426
vn -0.338941 -0.887064 -0.313426
vn 0.057430 -0.480483 -0.875121
vn 0.703935 -0.572664 -0.420157
vn 0.703935 -0.572664 -0.420157
vn 0.513175 -0.125144 -0.849111
vn 0.883667 0.117465 -0.453138
vn 0.006800 0.124088 0.992248
vn -0.408925 -0.511860 0.755500
vn -0.408925 -0.511860 0.755500
vn 0.614966 -0.247135 0.748827
vn 0.614966 -0.247135 0.748827
vn 0.614966 -0.247135 0.748827
vn 0.614966 -0.247135 0.748827
vn 0.881189 0.366669 0.298430
vn 0.508819 0.402166 0.761161
vn -0.416612 0.892340 0.173677
vn -0.891002 0.022684 0.453433
vn -0.271672 0.426683 0.862633
vn 0.665972 0.737584 0.111585
vn 0.191963 0.980750 0.035766
vn 0.247878 0.702246 0.667388
vn -0.287796 -0.174061 -0.941741
vn -0.894505 -0.265784 -0.359472
vn -0.441675 0.608371 -0.659399
vn 0.665527 0.527916 -0.527617
vn 0.245110 0.169685 -0.954530
vn 0.190687 0.769647 -0.609329
vn -0.332093 -0.893880 -0.301154
vn -0.332093 -0.893880 -0.301154
vn 0.060635 -0.486400 -0.871630
vn 0.708732 -0.575693 -0.407769
vn 0.708732 -0.575693 -0.407769
vn 0.510318 -0.116707 -0.852030
vn 0.880785 0.133208 -0.454393
vn 0.011614 0.117500 0.993005
vn -0.399846 -0.524945 0.751369
vn -0.399846 -0.524945 0.751369
vn 0.627858 -0.255419 0.735225
vn 0.627858 -0.255419 0.735225
vn 0.627858 -0.255419 0.735225
vn 0.627858 -0.255419 0.735225
vn 0.878199 0.380150 0.290261
vn 0.505815 0.410575 0.758670
vn -0.411811 0.893156 0.180788
vn -0.886017 0.017864 0.463308
vn -0.265323 0.423998 0.865927
vn 0.648416 0.752923 0.112535
vn 0.188589 0.981221 0.040495
vn 0.243110 0.706795 0.664332
vn -0.282147 -0.179102 -0.942505
vn -0.889674 -0.277091 -0.362907
vn -0.438765 0.603757 -0.665555
vn 0.647899 0.539723 -0.537518
vn 0.240254 0.174894 -0.954825
vn 0.187244 0.767151 -0.613531
vn -0.327159 -0.897051 -0.297097
vn -0.327159 -0.897051 -0.297097
vn 0.062083 -0.487202 -0.871080
vn 0.711926 -0.572363 -0.406894
vn 0.711926 -0.572363 -0.406894
vn 0.509974 -0.115074 -0.852458
vn 0.880290 0.136756 -0.454300
vn 0.013651 0.116464 0.993101
vn -0.394429 -0.530379 0.750416
vn -0.394429 -0.530379 0.750416
vn 0.633022 -0.253067 0.731601
vn 0.633022 -0.253067 0.731601
vn 0.633022 -0.253067 0.731601
vn 0.633022 -0.253067 0.731601
vn 0.877704 0.382972 0.288042
vn 0.505562 0.412131 0.757994
vn -0.414313 0.891381 0.183805
vn -0.884088 0.011886 0.467168
vn -0.264411 0.421635 0.867359
vn 0.429297 0.899791 0.077977
vn 0.241006 0.707983 0.663834
vn -0.281463 -0.182193 -0.942117
vn -0.887682 -0.284433 -0.362103
vn -0.441703 0.600143 -0.666879
vn 0.644882 0.543117 -0.537728
vn 0.238175 0.176081 -0.955127
vn 0.184011 0.767928 -0.613536
vn -0.323210 -0.900452 -0.291068
vn -0.323210 -0.900452 -0.291068
vn 0.064151 -0.490559 -0.869043
vn 0.714391 -0.574496 -0.399500
vn 0.714391 -0.574496 -0.399500
vn 0.508284 -0.110991 -0.854007
vn 0.878311 0.143760 -0.455963
vn 0.016480 0.112587 0.993505
vn -0.389047 -0.536932 0.748563
vn -0.389047 -0.536932 0.748563
vn 0.639269 -0.258641 0.724183
vn 0.639269 -0.258641 0.724183
vn 0.639269 -0.258641 0.724183
vn 0.639269 -0.258641 0.724183
vn 0.875678 0.389573 0.285345
vn 0.503603 0.416271 0.757035
vn -0.414933 0.890596 0.186196
vn -0.882000 0.008732 0.471168
vn -0.262562 0.420525 0.868458
vn 0.422628 0.902797 0.079645
vn 0.238053 0.710013 0.662731
vn -0.279842 -0.184125 -0.942224
vn -0.885545 -0.290030 -0.362896
vn -0.442900 0.597660 -0.668313
vn 0.421766 0.680417 -0.599288
vn 0.235238 0.178324 -0.955439
vn -0.327842 -0.896337 -0.298496
vn -0.327842 -0.896337 -0.298496
vn 0.062170 -0.487339 -0.870997
vn 0.711295 -0.573866 -0.405877
vn 0.711296 -0.573866 -0.405877
vn 0.508985 -0.112813 -0.853351
vn 0.878875 0.140040 -0.456035
vn 0.013413 0.116150 0.993141
vn -0.395131 -0.528793 0.751165
vn -0.395131 -0.528793 0.751165
vn 0.631942 -0.255186 0.731799
vn 0.631942 -0.255186 0.731799
vn 0.631942 -0.255186 0.731799
vn 0.631942 -0.255186 0.731799
vn 0.876246 0.386626 0.287601
vn 0.504310 0.414414 0.757584
vn -0.416084 0.890968 0.181795
vn -0.885009 0.013032 0.465391
vn -0.265696 0.422616 0.866488
vn 0.425606 0.901461 0.078919
vn 0.239298 0.708936 0.663435
vn -0.282506 -0.180741 -0.942085
vn -0.888523 -0.282355 -0.361668
vn -0.442968 0.601244 -0.665045
vn 0.424732 0.679766 -0.597931
vn 0.236545 0.177057 -0.955352
vn 0.225099 -0.714431 -0.662510
vn 0.402473 -0.911704 -0.082525
vn -0.885031 0.009187 -0.465441
vn -0.272657 -0.420119 -0.865539
vn -0.425961 -0.887548 -0.175544
vn 0.406727 -0.685367 0.604024
vn 0.227848 -0.183593 0.956232
vn -0.274370 0.193308 0.941994
vn -0.878225 0.311839 0.362599
vn -0.447370 -0.588178 0.673726
vn -0.006749 -0.482791 -0.875710
vn 0.409082 -0.858098 -0.310354
vn 0.409082 -0.858098 -0.310354
vn -0.615062 -0.639957 -0.460602
vn -0.615062 -0.639957 -0.460602
vn -0.615062 -0.639957 -0.460602
vn -0.615062 -0.639957 -0.460602
vn -0.881197 0.121248 -0.456936
vn -0.508881 -0.122022 -0.852145
vn 0.338799 -0.533490 0.774986
vn 0.338799 -0.533490 0.774986
vn -0.057443 0.125619 0.990414
vn -0.703862 -0.216475 0.676548
vn -0.703862 -0.216475 0.676548
vn -0.513110 0.397869 0.760538
vn -0.883663 0.361368 0.297579
vn 0.891161 0.022069 0.453150
vn 0.417036 0.892306 0.172831
vn 0.271777 0.426359 0.862760
vn -0.192003 0.980742 0.035789
vn -0.666013 0.737548 0.111580
vn -0.247976 0.702196 0.667404
vn 0.899350 -0.240206 -0.365337
vn 0.286494 -0.153624 -0.945685
vn 0.424833 0.629741 -0.650341
vn -0.242625 0.174135 -0.954364
vn -0.663019 0.531096 -0.527582
vn -0.187029 0.772594 -0.606728
vn -0.011625 -0.488614 -0.872423
vn 0.399877 -0.866308 -0.299347
vn 0.399877 -0.866308 -0.299347
vn -0.627825 -0.638801 -0.444712
vn -0.627825 -0.638801 -0.444712
vn -0.627825 -0.638801 -0.444712
vn -0.627825 -0.638801 -0.444712
vn -0.878206 0.136938 -0.458260
vn -0.505780 -0.113778 -0.855126
vn 0.332099 -0.546155 0.769041
vn 0.332099 -0.546155 0.769042
vn -0.060634 0.118811 0.991064
vn -0.708703 -0.226095 0.668297
vn -0.708703 -0.226095 0.668297
vn -0.510339 0.406412 0.757881
vn -0.880787 0.374839 0.289328
vn 0.886188 0.017180 0.463007
vn 0.412248 0.893134 0.179896
vn 0.265383 0.423710 0.866049
vn -0.188585 0.981223 0.040460
vn -0.648474 0.752878 0.112497
vn -0.243151 0.706712 0.664406
vn 0.895049 -0.249802 -0.369441
vn 0.280592 -0.157370 -0.946838
vn 0.420276 0.627026 -0.655902
vn -0.237709 0.179586 -0.954591
vn -0.645152 0.543072 -0.537449
vn -0.183687 0.770188 -0.610795
vn -0.013662 -0.489480 -0.871907
vn 0.394518 -0.870123 -0.295366
vn 0.394518 -0.870123 -0.295366
vn -0.633075 -0.634694 -0.443148
vn -0.633075 -0.634694 -0.443148
vn -0.633075 -0.634694 -0.443148
vn -0.633075 -0.634694 -0.443148
vn -0.877713 0.140520 -0.458120
vn -0.505536 -0.112105 -0.855491
vn 0.327046 -0.551126 0.767659
vn 0.327046 -0.551126 0.767659
vn -0.062110 0.117830 0.991090
vn -0.711873 -0.223959 0.665642
vn -0.711873 -0.223959 0.665642
vn -0.509921 0.407964 0.757328
vn -0.880282 0.377681 0.287159
vn 0.884257 0.011210 0.466867
vn 0.414766 0.891353 0.182917
vn 0.264492 0.421309 0.867492
vn -0.429351 0.899767 0.077953
vn -0.241068 0.707923 0.663876
vn 0.893357 -0.256668 -0.368830
vn 0.280037 -0.160141 -0.946538
vn 0.423128 0.623919 -0.657029
vn -0.235591 0.180729 -0.954900
vn -0.642162 0.546398 -0.537659
vn -0.180308 0.770955 -0.610833
vn -0.016857 -0.493187 -0.869760
vn 0.388251 -0.874986 -0.289242
vn 0.388251 -0.874986 -0.289242
vn -0.640103 -0.634616 -0.433048
vn -0.640103 -0.634616 -0.433048
vn -0.640103 -0.634616 -0.433048
vn -0.640103 -0.634616 -0.433048
vn -0.875560 0.148065 -0.459860
vn -0.503511 -0.107845 -0.857232
vn 0.322550 -0.558312 0.764362
vn 0.322550 -0.558312 0.764362
vn -0.064439 0.113580 0.991437
vn -0.714809 -0.230306 0.660309
vn -0.714808 -0.230306 0.660309
vn -0.508188 0.412496 0.756037
vn -0.878202 0.384815 0.284039
vn 0.881824 0.007384 0.471521
vn 0.415428 0.890451 0.185788
vn 0.262421 0.419929 0.868789
vn -0.422136 0.903027 0.079646
vn -0.237817 0.710169 0.662648
vn 0.891160 -0.262641 -0.369936
vn 0.277972 -0.162003 -0.946830
vn 0.423694 0.621923 -0.658555
vn -0.232355 0.183334 -0.955196
vn -0.417111 0.684316 -0.598106
vn -0.014390 -0.490701 -0.871209
vn 0.392982 -0.871026 -0.294751
vn 0.392982 -0.871026 -0.294751
vn -0.634424 -0.635755 -0.439683
vn -0.634424 -0.635755 -0.439683
vn -0.634424 -0.635755 -0.439683
vn -0.634424 -0.635755 -0.439683
vn -0.875923 0.145436 -0.460007
vn -0.504062 -0.109134 -0.856744
vn 0.326091 -0.552207 0.767289
vn 0.326091 -0.552207 0.767289
vn -0.062842 0.116579 0.991191
vn -0.712418 -0.226664 0.664142
vn -0.712418 -0.226664 0.664142
vn -0.508687 0.411189 0.756413
vn -0.878563 0.382756 0.285703
vn 0.884247 0.010561 0.466901
vn 0.416652 0.890604 0.182280
vn 0.265023 0.421522 0.867227
vn -0.424132 0.902152 0.078957
vn -0.238606 0.709342 0.663250
vn 0.893271 -0.257484 -0.368469
vn 0.280340 -0.159911 -0.946487
vn 0.424739 0.623751 -0.656149
vn -0.233192 0.182401 -0.955171
vn -0.419083 0.684031 -0.597052
vn -0.398123 -0.913265 -0.086289
vn -0.223508 -0.713356 -0.664204
vn 0.266127 -0.387124 -0.882786
vn 0.866201 0.061149 -0.495940
vn 0.451108 -0.865784 -0.216609
vn -0.220694 -0.191691 0.956320
vn -0.393764 -0.691836 0.605237
vn 0.874603 0.306850 0.375383
vn 0.264414 0.178890 0.947673
vn 0.427232 -0.603863 0.672921
vn 0.000181 0.063426 0.997987
vn 0.367522 -0.574735 0.731168
vn 0.367522 -0.574735 0.731168
vn -0.363919 -0.573149 0.734210
vn -0.363919 -0.573149 0.734210
vn -0.359382 0.900754 0.243899
vn -0.359382 0.900754 0.243899
vn 0.004473 0.536900 0.843634
vn 0.363826 0.897931 0.247693
vn 0.363826 0.897930 0.247693
vn 0.366632 -0.895235 -0.253249
vn 0.366632 -0.895235 -0.253249
vn 0.001310 -0.535426 -0.844581
vn -0.364975 -0.894910 -0.256767
vn -0.364975 -0.894910 -0.256767
vn -0.003369 -0.061671 -0.998091
vn -0.372276 0.582074 -0.722911
vn -0.372276 0.582074 -0.722911
vn 0.350854 0.583668 -0.732279
vn 0.350854 0.583668 -0.732279
vn 0.220693 -0.717182 -0.661017
vn 0.393788 -0.915443 -0.083035
vn -0.874599 0.027587 -0.484062
vn -0.264366 -0.412334 -0.871832
vn -0.427198 -0.884083 -0.189473
vn 0.398072 -0.688123 0.606651
vn 0.223519 -0.186710 0.956650
vn -0.266133 0.205715 0.941730
vn -0.866191 0.341006 0.365277
vn -0.451095 -0.573106 0.684152
vn 0.000000 0.309017 0.951056
vn 0.000000 0.309017 0.951057
vn 0.000000 0.309017 0.951057
vn 0.000000 0.309017 0.951057
vn 0.000000 0.309017 0.951057
vn 0.000000 0.309017 0.951057
vn 0.000000 0.309017 0.951056
vn 0.000000 0.309017 0.951056
vn -0.000000 0.309017 0.951057
vn -0.000000 0.309017 0.951057
vn 0.000000 0.309016 0.951057
vn 0.000000 0.309017 0.951056
vn 0.000000 0.309017 0.951056
vn 0.000000 0.309017 0.951057
vn 0.000000 0.309017 0.951057
vn 0.000000 0.309017 0.951056
vn 0.000000 0.309018 0.951056
vn 0.000000 0.309017 0.951057
vn 0.000000 0.309016 0.951057
vn 0.000000 0.309017 0.951057
vn 0.000000 0.309017 0.951057
vn 0.000000 0.309017 0.951057
vn 0.000000 0.309017 0.951057
vn 0.000000 0.309017 0.951056
vn 0.000000 0.309018 0.951056
vn 0.000000 0.309017 0.951057
vn 0.000000 0.309017 0.951057
vn 0.000000 0.309017 0.951057
vn 0.000000 0.309017 0.951056
vn -0.000000 0.309018 0.951056
vn 0.000000 0.309017 0.951057
vn -0.000000 0.309017 0.951057
vn 0.000000 0.309017 0.951057
vn -0.000000 0.309018 0.951056
vn -0.000000 0.309017 0.951057
vn -0.000000 0.309016 0.951057
vn 0.000000 0.309017 0.951057
vn 0.000000 0.309018 0.951056
vn 0.000000 0.309017 0.951057
vn 0.000000 0.309017 0.951057
vn 0.000000 0.309017 0.951056
vn 0.000000 0.309017 0.951056
vn -0.000000 0.309017 0.951056
vn 0.000000 0.309017 0.951056
vn 0.000000 0.309017 0.951057
vn 0.000000 0.309017 0.951057
vn -0.000000 0.309017 0.951056
vn 0.000000 0.309018 0.951056
vn 0.000000 0.309017 0.951057
vn 0.000000 0.309016 0.951057
vn 0.000000 0.309017 0.951057
vn 0.000000 0.309017 0.951057
vn 0.000000 0.309017 0.951056
vn 0.000000 0.309017 0.951057
vn 0.000000 0.309018 0.951056
vn -0.000000 -0.309017 -0.951056
vn 0.000000 -0.309017 -0.951056
vn 0.000000 -0.309017 -0.951056
vn -0.000000 -0.309017 -0.951056
vn 0.000000 -0.309017 -0.951056
vn 0.000000 -0.309017 -0.951056
vn 0.000000 -0.309017 -0.951057
vn 0.000000 -0.309017 -0.951056
vn 0.000000 -0.309017 -0.951057
vn 0.000000 -0.309017 -0.951057
vn 0.000000 -0.309017 -0.951057
vn 0.000000 -0.309017 -0.951056
vn 0.000000 -0.309017 -0.951057
vn 0.000000 -0.309016 -0.951057
vn 0.000000 -0.309017 -0.951057
vn 0.000000 -0.309017 -0.951056
vn 0.000000 -0.309017 -0.951057
vn 0.000000 -0.309017 -0.951056
vn -0.000000 -0.309017 -0.951057
vn 0.000000 -0.309017 -0.951057
vn 0.000000 -0.309017 -0.951056
vn 0.000000 -0.309017 -0.951057
vn 0.000000 -0.309017 -0.951056
vn 0.000000 -0.309017 -0.951056
vn 0.000000 -0.309017 -0.951057
vn 0.000000 -0.309016 -0.951057
vn 0.000000 -0.309017 -0.951056
vn 0.000000 -0.309017 -0.951056
vn 0.000000 -0.309017 -0.951057
vn 0.000000 -0.309017 -0.951057
vn 0.000000 -0.309017 -0.951057
vn 0.000000 -0.309017 -0.951057
vn 0.000000 -0.309017 -0.951057
vn 0.000000 -0.309017 -0.951056
vn 0.000000 -0.309017 -0.951057
vn 0.000000 -0.309017 -0.951057
vn 0.000000 -0.309017 -0.951056
vn 0.000000 -0.309017 -0.951057
vn 0.000000 -0.309017 -0.951057
vn 0.000000 -0.309017 -0.951057
vn 0.000000 -0.309017 -0.951056
vn 0.000000 -0.309017 -0.951056
vn 0.000000 -0.309017 -0.951057
vn 0.000000 -0.309017 -0.951057
vn -0.000000 -0.309017 -0.951057
vn -0.000000 -0.309017 -0.951057
vn -0.000000 -0.309016 -0.951057
vn -0.000000 -0.309017 -0.951057
vn -0.000000 -0.309017 -0.951057
vn 0.000000 -0.309017 -0.951057
vn 0.000000 -0.309017 -0.951056
vn 0.000000 -0.309017 -0.951057
vn -0.000000 -0.309017 -0.951057
vn -0.000000 -0.309017 -0.951056
vn 0.000000 -0.309017 -0.951057
vn -0.000000 -0.309017 -0.951056
vn 0.000000 -0.309017 -0.951056
vn 0.000000 -0.309017 -0.951057
vn 0.000000 -0.309016 -0.951057
vn 0.000000 -0.309016 -0.951057
vn 0.000000 -0.309017 -0.951057
vn 0.000000 -0.309016 -0.951057
vn 0.000000 -0.309017 -0.951056
vn 0.000000 -0.309017 -0.951056
vn 0.000000 -0.309017 -0.951057
vn 0.000000 -0.309017 -0.951057
vn 0.000000 -0.309017 -0.951057
vn 0.000000 -0.309017 -0.951056
vn 0.000000 -0.309017 -0.951057
vn 0.000000 0.309018 0.951056
vn 0.000000 0.309018 0.951056
vn 0.000000 0.309018 0.951056
vn 0.000000 0.309018 0.951056
vn 0.000000 0.309018 0.951056
vn 0.000000 0.309018 0.951056
vn 0.000000 0.309018 0.951056
vn 0.000000 0.309017 0.951057
vn 0.000000 0.309017 0.951057
vn 0.000000 0.309016 0.951057
vn 0.000000 0.309016 0.951057
vn 0.000000 -0.309017 -0.951057
vn 0.000000 -0.309017 -0.951057
vn 0.000000 -0.309017 -0.951057
vn 0.000000 -0.309017 -0.951057
vn 0.000000 -0.309017 -0.951057
vn 0.000000 -0.309017 -0.951057
vn 0.000000 -0.309017 -0.951057
vn 0.000000 0.309017 0.951057
vn 0.000000 0.309017 0.951057
vn 0.000000 0.309017 0.951057
vn 0.000000 0.951056 -0.309018
vn 0.000000 0.951056 -0.309018
vn 0.000000 0.951054 -0.309026
vn 0.000000 0.951054 -0.309026
vn 0.000000 -0.951057 0.309017
vn 0.000000 -0.951057 0.309017
vn 0.000000 -0.951057 0.309015
vn 0.000000 -0.951057 0.309015
vn 0.000000 0.951056 -0.309020
vn 0.000000 0.951056 -0.309020
vn 0.000000 0.951052 -0.309032
vn 0.000000 0.951052 -0.309032
vn 0.000000 -0.951057 0.309014
vn 0.000000 -0.951057 0.309014
vn 0.000000 -0.951061 0.309003
vn 0.000000 -0.951061 0.309003
vn 0.000000 -0.951057 0.309015
vn 0.000000 -0.951057 0.309017
vn 0.000000 -0.951058 0.309011
vn 0.000000 -0.951055 0.309023
vn 0.000000 0.951053 -0.309027
vn 0.000000 0.951056 -0.309019
vn 0.000000 0.951056 -0.309019
vn 0.000000 0.951050 -0.309037
vn -1.000000 0.000000 0.000000
vn -1.000000 0.000001 0.000000
vn -1.000000 0.000000 0.000000
vn -1.000000 0.000000 0.000000
vn 0.000000 0.951056 -0.309019
vn 0.000000 0.951056 -0.309019
vn 0.000000 0.951053 -0.309029
vn 0.000000 0.951053 -0.309029
vn 0.000000 -0.951056 0.309019
vn 0.000000 -0.951056 0.309019
vn 0.000000 -0.951054 0.309023
vn 0.000000 -0.951054 0.309023
vn 1.000000 0.000001 0.000000
vn 1.000000 0.000000 0.000000
vn 1.000000 0.000000 0.000000
vn 1.000000 0.000000 0.000000
vn 0.000000 0.951055 -0.309022
vn 0.000000 0.951057 -0.309017
vn 0.000000 0.951057 -0.309017
vn 0.000000 0.951056 -0.309020
vn 0.000000 -0.951057 0.309015
vn 0.000000 -0.951057 0.309016
vn 0.000000 -0.951057 0.309015
vn 0.000000 -0.951058 0.309013
vn 0.000000 -0.309017 -0.951057
vn -0.000000 -0.309017 -0.951057
vn -0.000000 -0.309017 -0.951057
vn -0.000000 -0.309017 -0.951057
vn 0.000000 -0.309017 -0.951057
vn -0.000000 0.309017 0.951057
vn -0.000000 0.309017 0.951057
vn -0.000000 0.309017 0.951057
vn -0.000000 0.309018 0.951056
vn -0.000000 0.309017 0.951056
vn -0.000001 -0.309016 -0.951057
vn 0.000001 0.309015 0.951057
vn 0.000001 -0.309017 -0.951057
vn -0.000001 0.309014 0.951057
vn 0.000002 -0.309017 -0.951056
vn 0.000000 0.309019 0.951056
vn -0.000002 -0.309018 -0.951056
vn -0.000000 0.309019 0.951056
vn -0.994200 -0.033235 -0.102288
vn -0.923878 -0.118256 -0.363958
vn -0.923878 -0.118258 -0.363958
vn -0.994200 -0.033235 -0.102288
vn -0.382690 -0.285494 -0.878659
vn -0.051829 -0.308602 -0.949778
vn -0.051827 -0.308602 -0.949778
vn -0.382687 -0.285493 -0.878661
vn -0.994200 0.033235 0.102288
vn -0.923879 0.118256 0.363954
vn -0.923880 0.118254 0.363954
vn -0.994200 0.033235 0.102287
vn -0.382684 0.285494 0.878662
vn -0.051827 0.308602 0.949778
vn -0.051827 0.308602 0.949778
vn -0.382684 0.285495 0.878661
vn -0.051827 0.308602 0.949778
vn -0.382687 0.285494 0.878660
vn -0.382686 0.285494 0.878661
vn -0.048069 0.308659 0.949957
vn -0.923880 0.118257 0.363952
vn -0.994200 0.033236 0.102287
vn -0.994278 0.033012 0.101599
vn -0.923880 0.118256 0.363951
vn 0.000000 0.367823 0.929896
vn 0.000000 0.649460 0.760396
vn 0.000000 0.649461 0.760395
vn 0.000000 0.367823 0.929896
vn 0.000000 0.996914 0.078508
vn 0.000000 0.978776 -0.204934
vn 0.000000 0.978776 -0.204933
vn 0.000000 0.996914 0.078500
vn 0.994200 0.033235 0.102288
vn 0.923878 0.118257 0.363958
vn 0.923878 0.118257 0.363958
vn 0.994275 0.033018 0.101620
vn 0.382693 0.285493 0.878658
vn 0.049947 0.308632 0.949869
vn 0.046395 0.308684 0.950033
vn 0.382694 0.285493 0.878657
vn 0.049945 0.308632 0.949869
vn 0.382682 0.285495 0.878662
vn 0.382689 0.285494 0.878659
vn 0.049946 0.308631 0.949870
vn 0.923878 0.118256 0.363957
vn 0.994200 0.033235 0.102287
vn 0.994200 0.033235 0.102288
vn 0.923879 0.118256 0.363956
vn 0.994128 0.033438 0.102911
vn 0.923881 0.118255 0.363950
vn 0.923881 0.118255 0.363949
vn 0.994278 0.033011 0.101599
vn 0.382685 0.285494 0.878661
vn 0.050713 0.308619 0.949833
vn 0.050371 0.308624 0.949849
vn 0.382684 0.285494 0.878661
vn 0.000000 0.309017 0.951057
vn 0.000000 0.309017 0.951057
vn 0.000000 0.309017 0.951056
vn 0.000000 0.309017 0.951057
vn 0.000000 0.309017 0.951056
vn 0.000001 0.309017 0.951057
vn -0.017819 0.307972 0.951228
vn -0.043106 0.308730 0.950172
vn 0.000000 0.309017 0.951056
vn 0.000000 0.309017 0.951057
vn -0.051827 0.308602 0.949778
vn -0.051826 0.308602 0.949778
vn 0.000000 0.309017 0.951057
vn 0.000000 0.309018 0.951056
vn -0.051826 0.308602 0.949778
vn 0.000000 0.367823 0.929896
vn -0.051828 0.308602 0.949778
vn 0.000000 0.309017 0.951057
vn 0.000000 0.309017 0.951056
vn -0.047573 0.308668 0.949980
vn -0.051828 0.308601 0.949778
vn 0.000000 0.309017 0.951057
vn -0.051826 0.308602 0.949778
vn 0.000000 0.309017 0.951057
vn -0.042944 0.308732 0.950179
vn -0.000000 0.309017 0.951057
vn 0.049945 0.308631 0.949870
vn 0.049945 0.308631 0.949870
vn 0.049945 0.308631 0.949870
vn 0.000000 0.309017 0.951057
vn 0.049945 0.308631 0.949870
vn 0.049945 0.308632 0.949870
vn 0.049946 0.308631 0.949870
vn 0.045807 0.308693 0.950058
vn 0.000000 0.367823 0.929896
vn -0.000000 0.360609 0.932717
vn 0.000000 0.246555 0.969129
vn 0.000000 0.254255 0.967137
vn -0.000001 0.309017 0.951056
vn -0.000000 0.309018 0.951056
vn 0.000000 0.367823 0.929896
vn 0.000000 0.367823 0.929896
vn 0.000000 0.245092 0.969500
vn 0.000000 0.248108 0.968732
vn -0.051827 -0.308600 -0.949779
vn -0.051826 -0.308602 -0.949778
vn 0.000000 -0.309017 -0.951057
vn 0.000000 -0.309016 -0.951057
vn 0.000000 -0.309017 -0.951057
vn 0.000000 -0.309017 -0.951056
vn -0.048069 -0.308660 -0.949957
vn -0.051827 -0.308602 -0.949778
vn -0.000000 -0.309016 -0.951057
vn -0.000000 -0.309017 -0.951056
vn -0.043104 -0.308730 -0.950173
vn -0.017819 -0.309964 -0.950581
vn -0.000000 -0.309016 -0.951057
vn -0.051826 -0.308602 -0.949778
vn 0.000000 -0.309017 -0.951056
vn -0.051827 -0.308601 -0.949778
vn -0.051827 -0.308602 -0.949778
vn 0.000000 -0.309017 -0.951057
vn 0.000000 -0.309017 -0.951057
vn -0.000000 -0.309019 -0.951056
vn -0.000000 -0.309018 -0.951056
vn 0.000000 -0.309019 -0.951056
vn -0.051828 -0.308602 -0.949778
vn -0.048021 -0.308660 -0.949959
vn -0.000000 -0.309017 -0.951057
vn 0.000000 -0.309017 -0.951057
vn 0.000000 -0.309017 -0.951056
vn 0.000000 -0.309017 -0.951057
vn 0.000000 -0.309017 -0.951057
vn -0.042942 -0.308732 -0.950179
vn 0.049945 -0.308632 -0.949870
vn 0.046393 -0.308684 -0.950033
vn 0.049945 -0.308631 -0.949870
vn 0.049945 -0.308632 -0.949870
vn 0.049945 -0.308632 -0.949870
vn 0.049946 -0.308631 -0.949870
vn 0.049946 -0.308631 -0.949870
vn 0.049947 -0.308631 -0.949869
vn 0.049946 -0.308631 -0.949870
vn 0.049947 -0.308632 -0.949870
vn 0.046247 -0.308686 -0.950039
vn -0.000000 -0.362772 -0.931878
vn 0.000000 -0.370172 -0.928963
vn 0.050713 -0.308619 -0.949833
vn 0.050371 -0.308625 -0.949849
vn 0.000000 -0.309017 -0.951057
vn 0.000001 -0.309016 -0.951057
vn -0.000000 -0.368684 -0.929555
vn 0.000000 -0.371575 -0.928403
vn -0.994200 -0.033235 -0.102288
vn -0.994200 -0.033236 -0.102287
vn -0.994200 -0.033236 -0.102287
vn -0.994278 -0.033012 -0.101600
vn -0.994200 -0.033235 -0.102287
vn -0.994200 0.033235 0.102287
vn -0.994200 -0.033235 -0.102287
vn -0.994200 -0.033236 -0.102287
vn -0.994200 0.033235 0.102288
vn -0.994200 0.033235 0.102288
vn 0.000000 0.912701 -0.408629
vn 0.000000 0.912701 -0.408629
vn 0.000000 0.912700 -0.408629
vn 0.000000 0.978776 -0.204933
vn -0.994288 -0.032981 -0.101505
vn -0.994200 -0.033235 -0.102288
vn -0.994200 0.033235 0.102287
vn -0.994288 0.032981 0.101506
vn -0.994200 0.033236 0.102288
vn -0.994200 0.033236 0.102287
vn -0.994128 -0.033439 -0.102915
vn -0.994275 -0.033018 -0.101620
vn -0.994275 0.033018 0.101620
vn -0.994128 0.033440 0.102916
vn 0.994275 -0.033019 -0.101620
vn 0.994200 -0.033236 -0.102287
vn 0.994200 -0.033236 -0.102287
vn 0.994200 0.033235 0.102287
vn 0.994200 -0.033235 -0.102288
vn 0.994200 0.033235 0.102287
vn 0.994200 -0.033235 -0.102287
vn 0.994200 0.033235 0.102287
vn 0.994200 -0.033235 -0.102286
vn 0.994200 -0.033235 -0.102287
vn 0.994200 0.033235 0.102288
vn 0.994200 0.033235 0.102287
vn 0.994200 -0.033235 -0.102288
vn 0.994200 -0.033236 -0.102288
vn 0.994199 -0.033236 -0.102288
vn 0.994200 0.033235 0.102287
vn 0.994288 -0.032981 -0.101505
vn 0.994288 0.032981 0.101506
vn 0.000000 0.913241 -0.407420
vn 0.000000 0.912700 -0.408631
vn 0.000000 0.978776 -0.204934
vn 0.000000 0.978497 -0.206259
vn 0.000000 -0.978774 0.204941
vn 0.000000 -0.978497 0.206263
vn 0.000000 -0.912858 0.408278
vn 0.000000 -0.912305 0.409511
vn 0.994278 -0.033012 -0.101599
vn 0.994128 -0.033438 -0.102912
vn 0.000000 0.912700 -0.408631
vn 0.000000 0.978775 -0.204936
vn 0.000000 0.912700 -0.408631
vn 0.000000 0.978775 -0.204936
vn 0.000000 -0.978774 0.204941
vn -0.000000 -0.978671 0.205433
vn -0.000000 -0.912513 0.409049
vn 0.000000 -0.912307 0.409507
vn 0.000000 0.309017 0.951056
vn -0.051826 0.308602 0.949778
vn -0.994200 -0.033235 -0.102287
vn -0.994200 0.033235 0.102288
vn -0.051827 -0.308602 -0.949778
vn 0.000000 -0.309017 -0.951057
vn 0.049945 -0.308631 -0.949870
vn 0.994200 -0.033234 -0.102287
vn 0.994200 0.033235 0.102287
vn 0.049945 0.308632 0.949870
vn -0.382685 -0.285492 -0.878662
vn -0.382680 -0.285496 -0.878663
vn -0.923880 -0.118257 -0.363952
vn -0.923878 -0.118257 -0.363957
vn 0.382685 -0.285493 -0.878661
vn 0.382682 -0.285494 -0.878662
vn 0.923880 -0.118258 -0.363952
vn 0.923880 -0.118258 -0.363951
vn 0.923878 -0.118257 -0.363957
vn 0.382680 -0.285496 -0.878663
vn -0.923879 -0.118258 -0.363953
vn -0.382687 -0.285493 -0.878661
vn 0.382685 -0.285494 -0.878661
vn 0.382686 -0.285494 -0.878661
vn 0.923880 -0.118255 -0.363952
vn 0.923880 -0.118255 -0.363952
vn 0.382681 -0.285494 -0.878663
vn 0.923880 -0.118258 -0.363951
vn 0.923878 -0.118257 -0.363957
vn 0.382680 -0.285496 -0.878663
vn -0.382680 -0.285496 -0.878663
vn -0.923878 -0.118257 -0.363957
vn 0.923879 -0.118256 -0.363955
vn 0.382684 -0.285495 -0.878661
vn 0.923878 -0.118258 -0.363956
vn 0.923878 -0.118257 -0.363957
vn 0.382688 -0.285494 -0.878660
vn 0.382686 -0.285493 -0.878661
vn -0.382685 -0.285494 -0.878661
vn -0.923879 -0.118255 -0.363956
vn -0.382689 -0.285492 -0.878660
vn -0.382685 -0.285493 -0.878661
vn -0.923878 -0.118258 -0.363958
vn -0.923878 -0.118257 -0.363957
vn 0.382685 -0.285494 -0.878661
vn 0.382689 -0.285493 -0.878660
vn 0.923880 -0.118255 -0.363953
vn 0.923879 -0.118256 -0.363956
vn 0.382690 -0.285493 -0.878659
vn 0.923878 -0.118257 -0.363957
vn -0.923880 -0.118256 -0.363953
vn -0.923879 -0.118256 -0.363956
vn -0.382685 -0.285494 -0.878661
vn -0.382689 -0.285494 -0.878659
vn 0.382687 -0.285493 -0.878661
vn 0.923878 -0.118256 -0.363958
vn -0.923881 -0.118254 -0.363950
vn -0.923881 -0.118254 -0.363949
vn -0.382680 -0.285495 -0.878663
vn -0.382680 -0.285495 -0.878663
vn -0.923879 -0.118257 -0.363954
vn -0.382686 -0.285494 -0.878661
vn 0.000000 -0.996917 -0.078459
vn 0.000000 -0.996917 -0.078459
vn 0.000000 -0.649451 -0.760404
vn 0.000000 -0.649451 -0.760404
vn -0.000000 -0.996919 -0.078444
vn -0.000001 -0.996918 -0.078446
vn 0.000000 -0.649451 -0.760404
vn 0.000000 -0.649451 -0.760404
vn 0.000000 0.760435 -0.649414
vn 0.000000 0.760441 -0.649407
vn -0.382693 0.285493 0.878658
vn -0.382693 0.285494 0.878658
vn -0.923878 0.118257 0.363956
vn -0.923878 0.118257 0.363956
vn -0.923880 0.118254 0.363954
vn -0.382684 0.285495 0.878661
vn -0.923878 0.118256 0.363957
vn -0.382683 0.285494 0.878662
vn -0.923879 0.118255 0.363955
vn -0.923878 0.118256 0.363958
vn -0.382681 0.285495 0.878663
vn -0.382683 0.285495 0.878662
vn 0.000000 0.649461 0.760395
vn 0.000000 0.996914 0.078501
vn 0.000000 0.649461 0.760395
vn 0.000000 0.996914 0.078508
vn -0.382691 0.285494 0.878659
vn -0.382690 0.285493 0.878659
vn -0.923879 0.118255 0.363955
vn -0.923879 0.118256 0.363956
vn -0.382689 0.285493 0.878660
vn -0.923879 0.118257 0.363956
vn -0.382682 0.285496 0.878662
vn -0.923878 0.118258 0.363957
vn 0.382684 0.285494 0.878662
vn 0.923879 0.118255 0.363955
vn 0.382684 0.285494 0.878662
vn 0.923879 0.118255 0.363954
vn 0.382684 0.285495 0.878661
vn 0.923880 0.118256 0.363954
vn 0.382680 0.285497 0.878662
vn 0.923879 0.118254 0.363955
vn 0.382681 0.285493 0.878663
vn 0.382683 0.285495 0.878662
vn 0.923880 0.118253 0.363954
vn 0.923877 0.118257 0.363959
vn 0.382690 0.285494 0.878659
vn 0.923879 0.118257 0.363956
vn 0.382691 0.285494 0.878659
vn 0.923879 0.118256 0.363955
vn 0.000000 0.996913 0.078510
vn 0.000000 0.996913 0.078508
vn 0.000000 0.649461 0.760395
vn 0.000000 0.649460 0.760396
vn 0.000000 -0.078443 0.996919
vn 0.000000 -0.078443 0.996919
vn 0.000000 -0.760413 0.649440
vn 0.000000 -0.760413 0.649440
vn 0.000000 0.996914 0.078507
vn 0.000000 0.649461 0.760395
vn 0.000000 -0.078443 0.996919
vn 0.000000 -0.078443 0.996919
vn 0.000000 -0.760415 0.649437
vn 0.000000 -0.760415 0.649437
vn 0.021257 -0.310049 -0.950483
vn 0.000263 -0.331617 -0.943414
vn -0.000000 -0.309016 -0.951057
vn -0.000263 -0.331649 -0.943403
vn 0.021256 0.307845 0.951199
vn 0.000263 0.286241 0.958158
vn -0.000263 0.286208 0.958167
vn 0.000000 0.309018 0.951056
vn -0.356023 -0.259287 -0.897785
vn -0.267487 -0.173292 -0.947851
vn -0.013552 -0.304277 -0.952487
vn -0.032334 -0.308153 -0.950787
vn -0.199429 -0.108165 -0.973924
vn -0.010028 -0.299515 -0.954039
vn -0.147955 -0.059415 -0.987208
vn -0.151633 -0.062885 -0.986435
vn -0.004245 -0.302967 -0.952992
vn -0.064824 0.018451 -0.997726
vn 0.000743 -0.648925 -0.760852
vn 0.105467 -0.568626 -0.815807
vn 0.048955 -0.404249 -0.913338
vn 0.198757 -0.485586 -0.851294
vn 0.091113 -0.393097 -0.914972
vn 0.288700 -0.394362 -0.872428
vn 0.101594 -0.353319 -0.929970
vn 0.378829 -0.290267 -0.878768
vn -0.378435 -0.290754 -0.878777
vn -0.288699 -0.394363 -0.872428
vn -0.100877 -0.353019 -0.930162
vn -0.198757 -0.485587 -0.851294
vn -0.090900 -0.392903 -0.915076
vn -0.105466 -0.568626 -0.815808
vn -0.048819 -0.403987 -0.913461
vn -0.000743 -0.648925 -0.760852
vn -0.025524 -0.631127 -0.775259
vn -0.128091 -0.549512 -0.825608
vn -0.005123 -0.322321 -0.946617
vn -0.000742 -0.350458 -0.936578
vn -0.198763 -0.485588 -0.851292
vn -0.010507 -0.318975 -0.947705
vn -0.267494 -0.416935 -0.868684
vn -0.014025 -0.313855 -0.949367
vn -0.354256 -0.320048 -0.878676
vn -0.030210 -0.309608 -0.950384
vn -0.022773 -0.633140 -0.773703
vn -0.128090 -0.549513 -0.825608
vn -0.004385 -0.320407 -0.947270
vn -0.000631 -0.350640 -0.936510
vn -0.198762 -0.485587 -0.851292
vn -0.008999 -0.317549 -0.948199
vn -0.267494 -0.416935 -0.868684
vn -0.012004 -0.313161 -0.949624
vn -0.354918 -0.319260 -0.878696
vn -0.026978 -0.309531 -0.950507
vn 0.147954 -0.059415 -0.987208
vn 0.199429 -0.108165 -0.973924
vn 0.009620 -0.299902 -0.953922
vn 0.004068 -0.303219 -0.952912
vn 0.151631 -0.062884 -0.986435
vn 0.267489 -0.173293 -0.947850
vn 0.013000 -0.304472 -0.952433
vn 0.356025 -0.259286 -0.897785
vn 0.031064 -0.308193 -0.950817
vn 0.019221 -0.996129 -0.085774
vn 0.318552 -0.927574 -0.195273
vn 0.385051 -0.910044 0.153480
vn 0.031800 -0.975666 0.216944
vn 0.610134 -0.736464 -0.292161
vn 0.699713 -0.710038 0.079045
vn 0.821828 -0.448931 -0.350798
vn 0.912929 -0.408004 -0.009644
vn 0.919492 -0.147122 -0.364540
vn 0.994254 -0.071630 -0.079547
vn 0.021387 -0.996014 -0.086596
vn 0.318552 -0.927574 -0.195273
vn 0.385050 -0.910044 0.153482
vn 0.035043 -0.975719 0.216203
vn 0.610136 -0.736462 -0.292161
vn 0.699715 -0.710036 0.079045
vn 0.821830 -0.448928 -0.350797
vn 0.912930 -0.408003 -0.009644
vn 0.919336 -0.148058 -0.364554
vn 0.994172 -0.072898 -0.079424
vn 0.378829 0.281694 0.881554
vn 0.288705 0.193754 0.937608
vn 0.101604 0.260779 0.960037
vn 0.198768 0.107526 0.974130
vn 0.091122 0.219781 0.971284
vn 0.105471 0.019481 0.994232
vn 0.048961 0.209798 0.976518
vn 0.000743 -0.077785 0.996970
vn -0.917164 0.084435 0.389461
vn -0.801683 -0.190857 0.566461
vn -0.916531 -0.310049 0.252668
vn -0.991693 0.011723 0.128091
vn -0.610133 -0.424075 0.669252
vn -0.698228 -0.615239 0.366004
vn -0.356559 -0.614187 0.704017
vn -0.372950 -0.827022 0.420646
vn -0.006385 -0.758798 0.651294
vn -0.004090 -0.904859 0.425691
vn -0.020155 -0.755226 0.655155
vn -0.318554 -0.635633 0.703203
vn -0.385052 -0.826453 0.410744
vn -0.033205 -0.916677 0.398248
vn -0.610128 -0.424076 0.669256
vn -0.699713 -0.620895 0.353399
vn -0.821827 -0.156999 0.547679
vn -0.912928 -0.324416 0.247624
vn -0.919337 0.094499 0.381954
vn -0.994172 -0.012291 0.107104
vn -0.919745 0.145585 0.364519
vn -0.821824 0.448931 0.350809
vn -0.912930 0.408002 0.009644
vn -0.994387 0.069533 0.079747
vn -0.610132 0.736456 0.292185
vn -0.699716 0.710035 -0.079045
vn -0.318549 0.927567 0.195311
vn -0.385051 0.910045 -0.153476
vn -0.020156 0.996078 0.086157
vn -0.033208 0.975691 -0.216618
vn -0.017468 -0.755938 0.654410
vn -0.318553 -0.635634 0.703202
vn -0.385052 -0.826453 0.410744
vn -0.029127 -0.917162 0.397449
vn -0.610128 -0.424079 0.669254
vn -0.699713 -0.620895 0.353399
vn -0.821828 -0.156996 0.547678
vn -0.912929 -0.324414 0.247623
vn -0.919492 0.095250 0.381395
vn -0.994254 -0.011193 0.106457
vn 0.019223 0.996125 0.085824
vn 0.318548 0.927566 0.195314
vn 0.385050 0.910045 -0.153474
vn 0.031804 0.975666 -0.216942
vn 0.610127 0.736460 0.292185
vn 0.699716 0.710035 -0.079044
vn 0.821827 0.448924 0.350810
vn 0.912931 0.408000 0.009644
vn 0.919745 0.145584 0.364519
vn 0.994387 0.069532 0.079748
vn 0.919491 0.095250 0.381396
vn 0.821829 -0.156992 0.547678
vn 0.912929 -0.324412 0.247623
vn 0.994254 -0.011193 0.106457
vn 0.610129 -0.424077 0.669255
vn 0.699713 -0.620896 0.353399
vn 0.318553 -0.635634 0.703202
vn 0.385051 -0.826454 0.410744
vn 0.019222 -0.755474 0.654897
vn 0.031801 -0.916845 0.397974
vn 0.919338 0.094498 0.381952
vn 0.821829 -0.156996 0.547676
vn 0.912929 -0.324413 0.247622
vn 0.994172 -0.012291 0.107103
vn 0.610129 -0.424079 0.669253
vn 0.699713 -0.620895 0.353398
vn 0.318549 -0.635639 0.703200
vn 0.385048 -0.826455 0.410745
vn 0.021389 -0.754902 0.655489
vn 0.035044 -0.916452 0.398607
vn -0.000743 -0.077785 0.996970
vn 0.006385 -0.758798 0.651294
vn 0.004090 -0.904859 0.425692
vn 0.000000 0.361029 0.932555
vn 0.000000 0.649457 0.760399
vn -0.025525 0.631127 0.775260
vn -0.000692 0.347690 0.937609
vn 0.000000 0.996915 0.078495
vn 0.000000 0.978515 -0.206177
vn 0.004090 -0.982261 0.187476
vn -0.004090 -0.982261 0.187476
vn -0.991693 -0.065806 -0.110519
vn 0.000000 0.913209 -0.407492
vn -0.033270 0.916937 -0.397643
vn -0.994387 0.009378 -0.105388
vn 0.994387 0.009377 -0.105388
vn 0.031864 0.917107 -0.397366
vn -0.994254 -0.071630 -0.079546
vn -0.029127 -0.975614 0.217554
vn 0.000000 -0.978673 0.205425
vn 0.000000 -0.912508 0.409059
vn 0.991778 -0.063130 -0.111319
vn 0.991778 0.014358 0.127166
vn -0.994172 -0.072898 -0.079425
vn -0.033205 -0.975691 0.216622
vn 0.000001 -0.978514 0.206181
vn 0.000001 -0.912825 0.408352
vn 0.917822 -0.156907 -0.364670
vn 0.006385 -0.996702 -0.080894
vn -0.006385 -0.996702 -0.080894
vn -0.919336 -0.148058 -0.364556
vn -0.020154 -0.996080 -0.086128
vn 0.000001 -0.996918 -0.078450
vn 0.000000 -0.364507 -0.931201
vn 0.000000 -0.649451 -0.760404
vn -0.917166 -0.160608 -0.364708
vn -0.919493 -0.147120 -0.364538
vn -0.017467 -0.996219 -0.085108
vn 0.000000 -0.996917 -0.078459
vn 0.000000 -0.367366 -0.930076
vn 0.000000 -0.649451 -0.760404
vn 0.919747 -0.096477 -0.380472
vn -0.919747 -0.096475 -0.380472
vn 0.354917 -0.319261 -0.878696
vn 0.029326 -0.309565 -0.950426
vn 0.354256 -0.320048 -0.878676
vn 0.031791 -0.309631 -0.950325
vn 0.000692 -0.349841 -0.936809
vn 0.024588 -0.631813 -0.774731
vn 0.020522 0.755156 -0.655223
vn 0.000000 0.760443 -0.649405
vn 0.000785 -0.349892 -0.936790
vn 0.026735 -0.630239 -0.775941
vn -0.378442 0.281306 0.881844
vn -0.354246 0.257552 0.898987
vn -0.030210 0.308141 0.950861
vn -0.031111 0.309544 0.950376
vn -0.356036 0.317935 0.878724
vn -0.354910 0.258200 0.898539
vn -0.026979 0.308274 0.950915
vn 0.356038 0.317936 0.878723
vn 0.029868 0.309529 0.950421
vn 0.000661 0.348101 0.937457
vn 0.024589 0.631823 0.774723
vn -0.000631 0.266791 0.963754
vn -0.022773 -0.057436 0.998089
vn 0.000000 -0.078443 0.996919
vn -0.000000 0.249479 0.968380
vn 0.000000 -0.760413 0.649440
vn 0.024588 -0.055759 0.998141
vn 0.000692 0.267614 0.963526
vn 0.029327 0.308199 0.950870
vn 0.354913 0.258197 0.898538
vn 0.917822 0.087406 0.387250
vn -0.000743 0.266980 0.963702
vn -0.025524 -0.054893 0.998166
vn 0.000000 -0.078443 0.996919
vn 0.000000 0.252454 0.967609
vn 0.000001 -0.760414 0.649439
vn 0.026735 -0.053774 0.998195
vn 0.000786 0.267562 0.963540
vn 0.031791 0.308088 0.950827
vn 0.354242 0.257551 0.898989
vn 0.000000 -0.309018 -0.951056
vn 0.013082 -0.313531 -0.949488
vn 0.009804 -0.318310 -0.947936
vn 0.004779 -0.321427 -0.946922
vn 0.014784 -0.314115 -0.949270
vn 0.011072 -0.319509 -0.947519
vn 0.005400 -0.323039 -0.946370
vn -0.014025 0.304107 0.952534
vn -0.010507 0.298988 0.954199
vn -0.005124 0.295642 0.955285
vn -0.004755 0.321371 0.946942
vn -0.009756 0.318268 0.947950
vn -0.013020 0.313512 0.949495
vn -0.012004 0.304819 0.952335
vn -0.008999 0.300431 0.953761
vn -0.004386 0.297573 0.954689
vn 0.012481 0.313327 0.949563
vn 0.009354 0.317888 0.948082
vn 0.004559 0.320860 0.947116
vn 0.004780 0.296543 0.955008
vn 0.009804 0.299661 0.953995
vn 0.013082 0.304439 0.952442
vn 0.005401 0.294917 0.955508
vn 0.011073 0.298447 0.954362
vn 0.014783 0.303840 0.952608
vn -0.821829 0.156998 -0.547676
vn -0.912930 0.324410 -0.247623
vn -0.610139 0.424083 -0.669242
vn -0.699718 0.620891 -0.353397
vn -0.318642 0.635603 -0.703190
vn -0.385076 0.826458 -0.410710
vn 0.356567 -0.910697 -0.208543
vn 0.372952 -0.916323 0.145805
vn 0.610136 -0.736459 -0.292168
vn 0.698229 -0.712869 0.065526
vn 0.801680 -0.487368 -0.346095
vn 0.916530 -0.399350 -0.022170
vn -0.801680 -0.487368 -0.346094
vn -0.916530 -0.399351 -0.022170
vn -0.610135 -0.736460 -0.292167
vn -0.698228 -0.712870 0.065526
vn -0.356567 -0.910697 -0.208544
vn -0.372952 -0.916323 0.145804
vn -0.318553 -0.927573 -0.195274
vn -0.385053 -0.910043 0.153480
vn -0.610135 -0.736463 -0.292162
vn -0.699714 -0.710037 0.079045
vn -0.821826 -0.448934 -0.350798
vn -0.912928 -0.408007 -0.009644
vn -0.318552 -0.927574 -0.195273
vn -0.385052 -0.910043 0.153480
vn -0.610136 -0.736461 -0.292162
vn -0.699715 -0.710036 0.079045
vn -0.821830 -0.448929 -0.350798
vn -0.912929 -0.408004 -0.009644
vn 0.318640 0.635610 -0.703185
vn 0.175426 0.703299 -0.688909
vn 0.385075 0.826460 -0.410708
vn 0.610136 0.424084 -0.669243
vn 0.699719 0.620889 -0.353397
vn 0.821829 0.156994 -0.547677
vn 0.912931 0.324407 -0.247623
vn 0.128090 -0.549514 -0.825607
vn 0.198763 -0.485588 -0.851292
vn 0.267494 -0.416934 -0.868684
vn 0.128091 -0.549512 -0.825609
vn 0.198763 -0.485587 -0.851292
vn 0.267494 -0.416936 -0.868684
vn 0.801685 -0.190855 0.566459
vn 0.916531 -0.310048 0.252668
vn 0.610134 -0.424074 0.669252
vn 0.698229 -0.615238 0.366004
vn 0.356560 -0.614186 0.704017
vn 0.372951 -0.827021 0.420646
vn -0.100879 0.261136 0.960016
vn -0.288700 0.193754 0.937610
vn -0.090901 0.220001 0.971255
vn -0.198765 0.107526 0.974131
vn -0.048822 0.210083 0.976464
vn -0.105471 0.019481 0.994232
vn -0.128095 0.040720 0.990926
vn -0.198755 0.107531 0.974132
vn -0.267473 0.173294 0.947854
vn -0.267489 0.416936 0.868685
vn -0.198754 0.485591 0.851292
vn -0.128088 0.549513 0.825608
vn -0.128095 0.040720 0.990926
vn -0.198754 0.107531 0.974132
vn -0.267472 0.173294 0.947854
vn 0.128087 0.549509 0.825611
vn 0.198753 0.485583 0.851297
vn 0.267489 0.416933 0.868687
vn 0.267476 0.173293 0.947853
vn 0.198760 0.107531 0.974131
vn 0.128099 0.040719 0.990925
vn 0.267476 0.173294 0.947853
vn 0.198759 0.107531 0.974131
vn 0.128099 0.040720 0.990925
vn -0.000003 -0.309017 -0.951057
vn -0.000008 -0.309016 -0.951057
vn -0.000007 -0.309018 -0.951056
vn 0.000006 -0.309016 -0.951057
vn 0.000002 -0.309018 -0.951056
vn -0.000000 -0.309018 -0.951056
vn -0.000002 0.309018 0.951056
vn -0.000000 0.309017 0.951056
vn -0.000000 0.309014 0.951057
vn -0.000003 0.309020 0.951056
vn 0.000001 0.309020 0.951056
vn 0.000004 0.309015 0.951057
vn -0.000433 -0.322043 -0.946725
vn -0.011999 -0.647703 -0.761799
vn 0.011999 -0.647703 -0.761799
vn 0.000433 -0.322043 -0.946725
vn -0.026045 -0.996427 -0.080341
vn -0.027319 -0.979373 0.200206
vn 0.027319 -0.979373 0.200206
vn 0.026045 -0.996427 -0.080341
vn -0.027319 -0.910010 0.413686
vn -0.026044 -0.758865 0.650728
vn 0.026044 -0.758865 0.650728
vn 0.027319 -0.910010 0.413686
vn -0.011999 -0.076271 0.997015
vn -0.000433 0.295932 0.955209
vn 0.000433 0.295932 0.955209
vn 0.011999 -0.076271 0.997015
vn -0.992442 -0.080613 -0.092524
vn -0.921579 -0.162582 -0.352505
vn -0.921580 -0.075666 -0.380743
vn -0.992442 0.010834 -0.122236
vn -0.379075 -0.305621 -0.873441
vn -0.022634 -0.310117 -0.950429
vn -0.022634 -0.307759 -0.951195
vn -0.379074 -0.266144 -0.886268
vn -0.027319 0.910006 -0.413695
vn -0.026044 0.758865 -0.650727
vn 0.026044 0.758864 -0.650728
vn 0.027319 0.910006 -0.413695
vn -0.012000 0.076241 -0.997017
vn -0.001064 -0.276736 -0.960945
vn 0.001064 -0.276736 -0.960945
vn 0.011999 0.076241 -0.997017
vn -0.001064 0.340944 0.940083
vn -0.011998 0.647701 0.761800
vn 0.011998 0.647701 0.761800
vn 0.001064 0.340944 0.940083
vn -0.026044 0.996427 0.080342
vn -0.027319 0.979371 -0.200214
vn 0.027319 0.979371 -0.200214
vn 0.026044 0.996427 0.080341
vn -0.022635 0.307759 0.951195
vn -0.379070 0.266144 0.886269
vn -0.379072 0.305621 0.873442
vn -0.022636 0.310116 0.950429
vn -0.921579 0.075665 0.380745
vn -0.992442 -0.010833 0.122238
vn -0.992442 0.080614 0.092524
vn -0.921579 0.162583 0.352504
vn 0.026945 -0.310308 -0.950254
vn 0.379074 -0.305621 -0.873441
vn 0.379074 -0.266144 -0.886267
vn 0.026944 -0.307502 -0.951166
vn 0.921579 -0.162582 -0.352504
vn 0.992442 -0.080613 -0.092524
vn 0.992442 0.010834 -0.122236
vn 0.921580 -0.075667 -0.380743
vn 0.992442 -0.010833 0.122238
vn 0.921579 0.075664 0.380745
vn 0.921579 0.162582 0.352505
vn 0.992442 0.080614 0.092524
vn 0.379070 0.266143 0.886269
vn 0.026946 0.307501 0.951166
vn 0.026946 0.310307 0.950254
vn 0.379072 0.305621 0.873442
vn -0.379991 -0.909090 0.170771
vn -0.379989 -0.835845 0.396197
vn -0.917368 -0.398013 0.004704
vn -0.917367 -0.324765 0.230142
vn 0.917368 -0.398013 0.004707
vn 0.917367 -0.324765 0.230142
vn 0.379991 -0.909090 0.170771
vn 0.379989 -0.835845 0.396197
vn -0.917367 0.324770 -0.230135
vn -0.917366 0.398017 -0.004706
vn -0.379991 0.835846 -0.396192
vn -0.379988 0.909091 -0.170771
vn 0.379991 0.835845 -0.396196
vn 0.379987 0.909090 -0.170776
vn 0.917367 0.324770 -0.230135
vn 0.917366 0.398016 -0.004703
vn -0.067093 -0.371432 -0.926033
vn -0.067090 0.243812 0.967499
vn 0.067093 -0.371432 -0.926033
vn 0.067090 0.243811 0.967499
vn -0.067091 -0.243814 -0.967499
vn -0.067091 0.371432 0.926033
vn 0.067090 -0.243815 -0.967498
vn 0.067092 0.371432 0.926033
vn -0.353560 -0.930034 -0.100161
vn -0.252723 -0.528962 -0.810142
vn 0.353549 -0.693519 0.627722
vn 0.252720 0.048247 0.966336
vn -0.853557 0.218000 -0.473198
vn -0.252725 -0.048254 -0.966334
vn 0.353559 0.693526 -0.627709
vn 0.252724 -0.048255 -0.966334
vn -0.353550 0.930036 0.100178
vn -0.252720 0.528959 0.810145
vn -0.853552 -0.217996 0.473210
vn -0.252723 0.048249 0.966335
vn 0.853555 -0.454505 -0.254694
vn 0.252722 -0.528961 -0.810143
vn 0.853551 0.454507 0.254705
vn 0.252718 0.528955 0.810148
vn -0.853552 -0.454506 -0.254702
vn -0.353549 -0.693519 0.627722
vn 0.353560 -0.930034 -0.100161
vn 0.853552 -0.217996 0.473210
vn -0.353563 0.693533 -0.627698
vn -0.853552 0.454509 0.254697
vn 0.853557 0.218000 -0.473198
vn 0.353550 0.930037 0.100161
vn 0.382681 0.285493 0.878663
vn 0.049945 0.308631 0.949870
vn 0.994200 0.033235 0.102287
vn 0.923880 0.118253 0.363953
vn 0.994200 -0.033235 -0.102286
vn 0.923878 -0.118258 -0.363956
vn 0.049946 -0.308631 -0.949870
vn 0.382689 -0.285494 -0.878660
vn 0.000000 -0.309017 -0.951057
vn 0.000000 -0.309017 -0.951057
vn 0.000000 -0.309017 -0.951057
vn 0.000000 -0.309017 -0.951057
vn 0.000000 -0.309017 -0.951057
vn 0.000000 -0.309017 -0.951057
vn 0.000000 -0.309017 -0.951057
vn -0.051828 -0.308602 -0.949778
vn 0.000000 -0.309017 -0.951056
vn -0.382689 -0.285492 -0.878660
vn -0.994200 -0.033236 -0.102287
vn -0.923878 -0.118258 -0.363958
vn -0.994200 0.033235 0.102288
vn -0.923879 0.118255 0.363955
vn -0.051826 0.308602 0.949778
vn -0.382681 0.285495 0.878663
vn 0.000000 0.309017 0.951057
vn 1.000000 0.000000 0.000000
vn 1.000000 0.000000 0.000000
vn 1.000000 -0.000000 0.000000
vn 1.000000 0.000002 0.000000
vn -1.000000 0.000000 0.000000
vn -1.000000 0.000000 0.000000
vn -1.000000 0.000000 0.000000
vn -1.000000 0.000000 0.000000
vn 0.000000 0.309017 0.951057
vn 0.000000 -0.951056 0.309018
vn 0.000000 -0.951059 0.309008
vn 0.000000 0.951056 -0.309019
vn 0.000000 0.951054 -0.309025
vn 0.000000 -0.951056 0.309018
vn 0.000000 -0.951055 0.309023
vn 0.000000 0.951056 -0.309018
vn 0.000000 0.951053 -0.309029
vn 1.000000 0.000000 0.000000
vn 1.000000 -0.000000 0.000000
vn 0.000000 0.951058 -0.309013
vn 0.000000 0.951057 -0.309016
vn 0.000000 0.951057 -0.309017
vn 0.000000 0.951058 -0.309013
vn 0.000000 0.951058 -0.309013
vn 0.000000 0.951057 -0.309014
vn 0.000000 0.951057 -0.309014
vn 0.000000 0.951057 -0.309015
vn 0.000000 0.951057 -0.309015
vn 0.000000 0.951057 -0.309015
vn 0.000000 0.951057 -0.309015
vn 0.000000 0.951057 -0.309014
vn -1.000000 0.000000 0.000000
vn -1.000000 0.000000 0.000000
vn -1.000000 0.000000 0.000000
vn -1.000000 0.000001 0.000000
vn 0.000000 -0.951058 0.309014
vn 0.000000 -0.951057 0.309014
vn 0.000000 -0.951058 0.309014
vn 0.000000 -0.951057 0.309016
vn 0.000000 -0.951057 0.309016
vn 0.000000 -0.951056 0.309018
vn 0.000000 -0.951056 0.309018
vn 0.000000 -0.951057 0.309015
vn 0.000000 -0.951057 0.309015
vn 0.000000 -0.951057 0.309015
vn 0.000000 -0.951057 0.309015
vn 0.000000 -0.951058 0.309013
vn 1.000000 0.000001 0.000000
vn 1.000000 0.000000 0.000000
vn 1.000000 0.000001 0.000000
vn 1.000000 0.000000 0.000000
vn 0.000000 0.951059 -0.309008
vn 0.000000 0.951057 -0.309016
vn 0.000000 0.951056 -0.309019
vn 0.000000 0.951061 -0.309004
vn 0.000000 0.951061 -0.309004
vn 0.000000 0.951060 -0.309008
vn 0.000000 0.951060 -0.309008
vn 0.000000 0.951058 -0.309012
vn 0.000000 0.951058 -0.309012
vn 0.000000 0.951060 -0.309008
vn 0.000000 0.951059 -0.309009
vn 0.000000 0.951057 -0.309015
vn -1.000000 0.000000 0.000000
vn -1.000000 -0.000001 0.000000
vn -1.000000 -0.000001 0.000000
vn -1.000000 0.000000 0.000000
vn 0.000000 -0.951056 0.309019
vn 0.000000 -0.951063 0.308997
vn 0.000000 -0.951065 0.308991
vn 0.000000 -0.951059 0.309010
vn 0.000000 -0.951059 0.309010
vn 0.000000 -0.951056 0.309018
vn 0.000000 -0.951056 0.309018
vn 0.000000 -0.951059 0.309009
vn 0.000000 -0.951059 0.309009
vn 0.000000 -0.951058 0.309013
vn 0.000000 -0.951058 0.309011
vn 0.000000 -0.951061 0.309004
vn 1.000000 0.000000 0.000000
vn 1.000000 0.000001 0.000000
vn 0.000000 0.309017 0.951057
vn 0.000000 0.309017 0.951057
vn 0.000000 0.309017 0.951057
vn 0.000000 0.309017 0.951057
vn 0.000000 0.309017 0.951057
vn 0.000000 0.309017 0.951057
vn 0.000000 0.309017 0.951057
vn 0.000000 0.309017 0.951057
vn 0.000000 0.309017 0.951057
vn 0.000000 0.309017 0.951057
vn 0.000000 0.309018 0.951056
vn -0.000000 0.309017 0.951057
vn 0.000000 0.309018 0.951056
vn -0.000000 0.309017 0.951057
vn -0.000000 0.309017 0.951057
vn -0.000000 0.309017 0.951057
vn 0.000000 0.309017 0.951056
vn 0.000000 0.309017 0.951056
vn 0.000000 0.309017 0.951057
vn 0.000000 0.309017 0.951057
vn 0.000000 0.309017 0.951056
vn 0.000000 0.309017 0.951057
vn 0.000000 0.309017 0.951056
vn 0.000000 0.309017 0.951057
vn 0.000000 0.309017 0.951057
vn 0.000000 0.309017 0.951057
vn 0.000000 0.309017 0.951057
vn 0.000000 0.309017 0.951057
vn -0.000000 0.309018 0.951056
vn 0.000001 0.309017 0.951057
vn 0.000001 0.309017 0.951057
vn 0.000000 0.309017 0.951057
vn 0.000000 -0.309018 -0.951056
vn 0.000000 -0.309018 -0.951056
vn 0.000000 -0.309018 -0.951056
vn 0.000000 0.760441 -0.649407
vn 0.000000 0.760436 -0.649414
vn 0.000000 0.760440 -0.649408
vn 0.000000 0.760440 -0.649408
vn 0.064827 0.018449 -0.997726
vn 0.000000 0.760439 -0.649409
vn -0.021508 0.754888 -0.655501
vn -0.000000 -0.309018 -0.951056
vn -0.175422 0.703288 -0.688922
vn -0.010513 -0.329500 0.944097
vn -0.005996 -0.314401 0.949271
vn -0.295881 -0.510713 0.807234
vn -0.305275 -0.519195 0.798276
vn -0.717932 -0.666766 0.199993
vn -0.675452 -0.703717 0.220335
vn -0.762317 -0.630161 -0.147543
vn -0.777599 -0.609800 -0.153245
vn -0.017663 -0.963287 -0.267892
vn 0.048126 -0.960778 -0.273112
vn 0.020414 -0.991741 0.126625
vn -0.013158 -0.992994 0.117434
vn -0.007510 -0.639098 0.769089
vn 0.047943 -0.601641 0.797327
vn 0.078408 -0.286193 0.954958
vn -0.777588 -0.583511 -0.234247
vn -0.440113 -0.844101 -0.306257
vn -0.439681 -0.862985 -0.248873
vn -0.017555 -0.936728 -0.349618
vn 0.798108 0.560952 0.219902
vn 0.778253 0.587116 0.222749
vn 0.708469 0.403982 0.578680
vn 0.719585 0.393211 0.572349
vn 0.275208 -0.106827 0.955431
vn 0.251611 -0.087381 0.963876
vn 0.102028 -0.229861 0.967861
vn 0.047701 -0.937525 -0.344632
vn 0.537076 -0.790421 -0.294591
vn 0.539303 -0.809113 -0.233427
vn 0.991798 0.108102 0.068203
vn 0.992039 0.125806 0.005652
vn 0.797968 0.583375 0.151395
vn -0.762206 -0.596590 -0.251242
vn -0.675442 -0.439941 -0.591802
vn -0.717075 -0.422821 -0.554100
vn -0.304130 0.048710 -0.951384
vn -0.295065 0.061220 -0.953514
vn -0.005990 0.303623 -0.952773
vn -0.010406 0.288136 -0.957533
vn 0.079499 0.330268 -0.940533
vn 0.046665 -0.031558 -0.998412
vn -0.006835 -0.074504 -0.997197
vn -0.011873 -0.738774 -0.673849
vn 0.022462 -0.732880 -0.679987
vn 0.102221 0.383225 -0.917981
vn 0.252278 0.496358 -0.830653
vn 0.275261 0.474723 -0.835984
vn 0.720053 0.654492 -0.230574
vn 0.708738 0.667234 -0.229106
vn 0.778239 0.605993 0.164672
vn 0.762325 -0.596650 -0.250738
vn 0.777554 -0.583569 -0.234217
vn 0.718663 -0.423765 -0.551313
vn 0.676580 -0.441766 -0.589137
vn 0.297288 0.059549 -0.952929
vn 0.306420 0.047427 -0.950714
vn 0.010471 0.288397 -0.957454
vn 0.005976 0.303622 -0.952774
vn -0.437945 -0.854751 -0.278575
vn -0.437945 -0.854751 -0.278575
vn 0.444450 -0.851829 -0.277221
vn 0.444450 -0.851829 -0.277221
vn 0.762442 -0.629958 -0.147768
vn -0.103307 0.383993 -0.917539
vn 0.001555 0.348341 -0.937367
vn -0.000005 0.295167 -0.955446
vn -0.079489 0.330633 -0.940406
vn -0.278929 0.477609 -0.833120
vn -0.255471 0.498634 -0.828311
vn -0.709594 0.667319 -0.226189
vn -0.720795 0.654753 -0.227493
vn -0.798108 0.583122 0.151632
vn -0.778320 0.605993 0.164286
vn -0.778282 0.586906 0.223200
vn -0.444428 0.852215 0.276070
vn -0.444428 0.852214 0.276070
vn 0.432026 0.858185 0.277258
vn 0.432026 0.858185 0.277258
vn 0.006000 -0.314415 0.949267
vn 0.010452 -0.329689 0.944032
vn 0.306296 -0.520724 0.796887
vn 0.297221 -0.511963 0.805948
vn 0.676184 -0.704070 0.216937
vn 0.718457 -0.667162 0.196762
vn 0.777582 -0.609768 -0.153461
vn -0.000959 -0.270057 0.962844
vn 0.000019 -0.323025 0.946391
vn -0.103093 -0.228946 0.967965
vn -0.798006 0.560967 0.220230
vn -0.721132 0.395483 0.568825
vn -0.709988 0.406674 0.574920
vn -0.256711 -0.083506 0.962874
vn -0.278949 -0.104603 0.954592
vn -0.079725 -0.285547 0.955043
vn 0.017561 -0.963326 -0.267760
vn 0.017665 -0.936776 -0.349484
vn 0.439670 -0.844451 -0.305930
vn 0.440116 -0.862910 -0.248365
vn -0.046648 -0.612387 0.789180
vn 0.006834 -0.646394 0.762973
vn 0.011872 -0.993770 0.110821
vn -0.022447 -0.992612 0.119242
vn -0.047705 -0.961039 -0.272266
vn -0.991796 0.127554 0.008352
vn -0.992040 0.105091 0.069379
vn -0.537083 -0.812615 -0.226272
vn -0.539305 -0.791785 -0.286750
vn -0.048135 -0.937813 -0.343788
vn -0.020394 -0.727824 -0.685460
vn 0.013164 -0.734229 -0.678774
vn 0.007500 -0.064952 -0.997860
vn -0.047937 -0.018036 -0.998688
vn -0.014265 -0.320555 0.947122
vn -0.007938 -0.314980 0.949065
vn -0.304915 -0.512472 0.802745
vn -0.305328 -0.512836 0.802356
vn -0.721147 -0.661703 0.205174
vn -0.719358 -0.663385 0.206022
vn -0.784918 -0.603265 -0.141334
vn -0.785830 -0.599961 -0.150065
vn -0.013917 -0.963327 -0.267970
vn 0.039984 -0.961000 -0.273642
vn 0.017021 -0.991749 0.127063
vn -0.010220 -0.992766 0.119634
vn -0.005788 -0.638604 0.769514
vn 0.040102 -0.607561 0.793260
vn 0.054926 -0.270814 0.961063
vn -0.785838 -0.573680 -0.230979
vn -0.436395 -0.845876 -0.306682
vn -0.435947 -0.864679 -0.249562
vn -0.013827 -0.936802 -0.349585
vn 0.787756 0.573830 0.223966
vn 0.785584 0.578842 0.218633
vn 0.712775 0.401890 0.574835
vn 0.714050 0.400659 0.574113
vn 0.273455 -0.088367 0.957817
vn 0.270598 -0.086153 0.958830
vn 0.078507 -0.248878 0.965348
vn 0.039648 -0.938026 -0.344289
vn 0.537754 -0.790166 -0.294038
vn 0.539956 -0.808615 -0.233645
vn 0.991676 0.109248 0.068143
vn 0.991919 0.126712 0.006399
vn 0.787727 0.596018 0.155719
vn -0.784920 -0.571174 -0.240125
vn -0.719334 -0.415557 -0.556660
vn -0.721087 -0.414730 -0.555007
vn -0.305068 0.056903 -0.950629
vn -0.304670 0.057442 -0.950724
vn -0.007904 0.303047 -0.952943
vn -0.014160 0.297427 -0.954640
vn 0.055653 0.346304 -0.936470
vn 0.038968 -0.038309 -0.998506
vn -0.005239 -0.074008 -0.997244
vn -0.009150 -0.737489 -0.675297
vn 0.018691 -0.732737 -0.680255
vn 0.079104 0.366501 -0.927049
vn 0.271126 0.494205 -0.825986
vn 0.273917 0.491716 -0.826550
vn 0.714530 0.661556 -0.227577
vn 0.713234 0.663010 -0.227409
vn 0.785577 0.596860 0.163178
vn 0.784929 -0.571225 -0.239977
vn 0.785839 -0.573700 -0.230922
vn 0.722180 -0.416471 -0.552275
vn 0.720407 -0.417337 -0.553936
vn 0.306587 0.055702 -0.950211
vn 0.306987 0.055179 -0.950113
vn 0.014252 0.297379 -0.954653
vn 0.007895 0.303054 -0.952941
vn -0.434572 -0.856323 -0.279032
vn -0.434572 -0.856323 -0.279032
vn 0.440830 -0.853536 -0.277749
vn 0.440830 -0.853536 -0.277749
vn 0.784933 -0.603181 -0.141610
vn -0.079359 0.366681 -0.926956
vn 0.001269 0.341673 -0.939818
vn -0.000019 0.297665 -0.954670
vn -0.055754 0.346403 -0.936428
vn -0.277543 0.493957 -0.824000
vn -0.274706 0.496382 -0.823493
vn -0.714254 0.662927 -0.224431
vn -0.715537 0.661491 -0.224580
vn -0.787750 0.595929 0.155946
vn -0.785578 0.596973 0.162761
vn -0.785574 0.578639 0.219205
vn -0.443767 0.852520 0.276189
vn -0.443767 0.852520 0.276189
vn 0.431470 0.858428 0.277373
vn 0.431470 0.858428 0.277373
vn 0.007896 -0.314950 0.949075
vn 0.014250 -0.320563 0.947120
vn 0.306966 -0.513831 0.801093
vn 0.306568 -0.513455 0.801486
vn 0.720392 -0.663247 0.202826
vn 0.722175 -0.661563 0.201984
vn 0.785840 -0.599865 -0.150391
vn -0.000785 -0.276753 0.960941
vn 0.000020 -0.320517 0.947243
vn -0.079334 -0.248224 0.965449
vn -0.787738 0.573789 0.224131
vn -0.715593 0.403090 0.570477
vn -0.714316 0.404369 0.571173
vn -0.274826 -0.082469 0.957951
vn -0.277518 -0.084871 0.956964
vn -0.055765 -0.270198 0.961189
vn -0.108226 -0.399064 0.910513
vn -0.106478 -0.355926 0.928428
vn -0.268520 -0.457902 0.847480
vn -0.229207 -0.474087 0.850121
vn -0.729076 -0.629878 0.267772
vn -0.737341 -0.619738 0.268799
vn -0.827160 -0.545015 -0.136986
vn -0.818467 -0.555171 -0.147978
vn 0.999228 -0.017489 0.035188
vn 0.998887 0.002282 0.047104
vn 0.895925 -0.123171 0.426787
vn 0.886961 -0.162408 0.432347
vn 0.219619 -0.387237 0.895441
vn 0.363399 -0.285973 0.886657
vn 0.034812 -0.292675 0.955578
vn -0.354454 -0.890553 -0.285091
vn -0.354454 -0.890554 -0.285091
vn -0.354454 -0.890553 -0.285091
vn -0.354454 -0.890554 -0.285091
vn 0.774644 -0.604720 -0.185043
vn 0.774644 -0.604720 -0.185043
vn 0.774644 -0.604720 -0.185043
vn 0.774644 -0.604720 -0.185043
vn 0.841836 0.497448 0.209424
vn 0.834046 0.509136 0.212482
vn 0.764452 0.349318 0.541840
vn 0.768730 0.341765 0.540602
vn 0.348546 -0.070371 0.934646
vn 0.343490 -0.064172 0.936962
vn 0.036676 -0.275883 0.960491
vn 0.998866 0.029926 -0.037043
vn 0.958884 0.278614 0.053991
vn 0.958798 0.257208 0.120623
vn 0.841834 0.525526 0.123041
vn -0.818554 -0.536069 -0.206396
vn -0.827230 -0.521594 -0.208878
vn -0.735137 -0.341320 -0.585726
vn -0.727678 -0.349691 -0.590085
vn -0.230419 0.118836 -0.965808
vn -0.263391 0.132108 -0.955601
vn -0.105460 0.258355 -0.960277
vn -0.106013 0.214458 -0.970963
vn 0.034777 0.325053 -0.945056
vn 0.349033 0.293657 -0.889911
vn 0.182948 0.212469 -0.959889
vn 0.886770 0.153017 -0.436147
vn 0.890106 0.158656 -0.427246
vn 0.999554 0.010147 -0.028101
vn 0.036795 0.341506 -0.939159
vn 0.345291 0.499784 -0.794349
vn 0.350173 0.493386 -0.796209
vn 0.769323 0.594334 -0.234329
vn 0.765107 0.601162 -0.230683
vn 0.834054 0.536769 0.127407
vn -0.996038 -0.088655 0.006951
vn -0.996384 -0.067644 -0.051412
vn -0.526324 0.817433 0.234066
vn -0.528029 0.797351 0.292260
vn -0.084618 0.935369 0.343401
vn -0.085235 0.958406 0.272384
vn 0.030678 0.962210 0.270576
vn 0.022817 0.994307 -0.104079
vn -0.039603 0.992014 -0.119752
vn -0.072763 0.592558 -0.802235
vn 0.015897 0.645766 -0.763370
vn 0.030745 0.937457 0.346740
vn 0.476046 0.827191 0.298554
vn 0.476031 0.844920 0.243937
vn 0.015263 0.070896 0.997367
vn -0.076941 0.003106 0.997031
vn -0.042766 0.730231 0.681861
vn 0.021637 0.741254 0.670876
vn -0.101035 -0.382508 0.918411
vn -0.079354 -0.355273 0.931388
vn -0.266256 -0.470520 0.841260
vn -0.255515 -0.475291 0.841909
vn -0.723665 -0.636400 0.267029
vn -0.725999 -0.633591 0.267372
vn -0.813454 -0.563844 -0.142733
vn -0.811072 -0.565068 -0.151197
vn 0.999278 -0.019863 0.032393
vn 0.998952 -0.005783 0.045402
vn 0.896576 -0.130446 0.423245
vn 0.890083 -0.160024 0.426783
vn 0.256436 -0.367400 0.894012
vn 0.363767 -0.287542 0.885999
vn 0.021070 -0.296259 0.954875
vn -0.344740 -0.893955 -0.286356
vn -0.344740 -0.893955 -0.286356
vn -0.344740 -0.893954 -0.286356
vn -0.344740 -0.893954 -0.286356
vn 0.777710 -0.600912 -0.184586
vn 0.777710 -0.600912 -0.184586
vn 0.777710 -0.600912 -0.184586
vn 0.777710 -0.600912 -0.184586
vn 0.819630 0.528981 0.219968
vn 0.817814 0.531613 0.220383
vn 0.747204 0.370969 0.551424
vn 0.748217 0.369369 0.551124
vn 0.338229 -0.057624 0.939298
vn 0.337084 -0.056277 0.939791
vn 0.025313 -0.289639 0.956801
vn 0.998946 0.022260 -0.040154
vn 0.954369 0.292721 0.059122
vn 0.954269 0.271676 0.124752
vn 0.819631 0.557231 0.133040
vn -0.811098 -0.546056 -0.209625
vn -0.813491 -0.540277 -0.215251
vn -0.724040 -0.352932 -0.592626
vn -0.721931 -0.355288 -0.593790
vn -0.252283 0.113925 -0.960924
vn -0.261369 0.117922 -0.958009
vn -0.078775 0.260434 -0.962273
vn -0.099176 0.231889 -0.967673
vn 0.021153 0.321681 -0.946612
vn 0.349188 0.291392 -0.890595
vn 0.224560 0.227911 -0.947433
vn 0.888326 0.144568 -0.435864
vn 0.890882 0.149621 -0.428886
vn 0.999534 0.005430 -0.030025
vn 0.025381 0.328126 -0.944293
vn 0.339027 0.507858 -0.791922
vn 0.340131 0.506472 -0.792336
vn 0.748968 0.622692 -0.226498
vn 0.747972 0.624158 -0.225753
vn 0.817816 0.559609 0.134221
vn -0.995197 -0.097782 0.004734
vn -0.995595 -0.076350 -0.054415
vn -0.525107 0.818201 0.234115
vn -0.526932 0.797862 0.292848
vn -0.051737 0.937627 0.343771
vn -0.052186 0.960505 0.273325
vn 0.026453 0.962694 0.269296
vn 0.020845 0.993703 -0.110093
vn -0.019860 0.992487 -0.120729
vn -0.050164 0.604706 -0.794868
vn 0.012013 0.643269 -0.765546
vn 0.026485 0.937099 0.348058
vn 0.463586 0.833296 0.301175
vn 0.463573 0.851408 0.245367
vn 0.011566 0.067661 0.997641
vn -0.053301 0.017720 0.998421
vn -0.022094 0.730022 0.683067
vn 0.020012 0.737219 0.675357
vn -0.112110 -0.393680 0.912385
vn -0.095043 -0.363201 0.926851
vn -0.264493 -0.470303 0.841938
vn -0.247843 -0.477796 0.842784
vn -0.719272 -0.642770 0.263620
vn -0.723005 -0.638334 0.264184
vn -0.810046 -0.568268 -0.144560
vn -0.806075 -0.571648 -0.153173
vn 0.999240 -0.017366 0.034900
vn 0.998896 0.001692 0.046936
vn 0.897371 -0.123492 0.423645
vn 0.889262 -0.161260 0.428029
vn 0.238063 -0.380112 0.893779
vn 0.364928 -0.285323 0.886238
vn 0.027791 -0.292447 0.955878
vn -0.337582 -0.896413 -0.287197
vn -0.337582 -0.896413 -0.287197
vn -0.337582 -0.896413 -0.287197
vn -0.337582 -0.896413 -0.287197
vn 0.781664 -0.596182 -0.183217
vn 0.781664 -0.596182 -0.183217
vn 0.781664 -0.596182 -0.183217
vn 0.781664 -0.596182 -0.183217
vn 0.817485 0.531978 0.220720
vn 0.814468 0.536215 0.221620
vn 0.744990 0.375624 0.551268
vn 0.746690 0.372981 0.550763
vn 0.337510 -0.056417 0.939630
vn 0.335613 -0.054204 0.940439
vn 0.032114 -0.283230 0.958514
vn 0.998882 0.029274 -0.037112
vn 0.953070 0.296626 0.060586
vn 0.952967 0.275696 0.125881
vn 0.817486 0.560097 0.134193
vn -0.806114 -0.552526 -0.211883
vn -0.810094 -0.544920 -0.216358
vn -0.720957 -0.358686 -0.592930
vn -0.717584 -0.362420 -0.594748
vn -0.245347 0.112383 -0.962899
vn -0.259438 0.118778 -0.958428
vn -0.094209 0.251522 -0.963256
vn -0.109922 0.219654 -0.969366
vn 0.027880 0.325387 -0.945170
vn 0.350841 0.293630 -0.889209
vn 0.204433 0.217293 -0.954458
vn 0.888803 0.149731 -0.433139
vn 0.891918 0.155948 -0.424456
vn 0.999535 0.009766 -0.028904
vn 0.032202 0.334344 -0.941901
vn 0.337513 0.509935 -0.791234
vn 0.339344 0.507659 -0.791915
vn 0.747421 0.625421 -0.224077
vn 0.745747 0.627852 -0.222855
vn 0.814472 0.564056 0.135927
vn -0.994496 -0.104738 0.002667
vn -0.994918 -0.083202 -0.056710
vn -0.529027 0.815935 0.233197
vn -0.530883 0.795451 0.292269
vn -0.069104 0.936571 0.343598
vn -0.069675 0.959512 0.272916
vn 0.028921 0.962469 0.269845
vn 0.022504 0.993803 -0.108851
vn -0.028776 0.992046 -0.122543
vn -0.063466 0.595032 -0.801193
vn 0.013735 0.644168 -0.764761
vn 0.028967 0.937237 0.347488
vn 0.460162 0.835015 0.301663
vn 0.460146 0.853082 0.246000
vn 0.013176 0.068747 0.997547
vn -0.067438 0.005624 0.997708
vn -0.031634 0.728540 0.684272
vn 0.021466 0.738001 0.674458
vn -0.086524 -0.372043 0.924174
vn -0.064918 -0.350431 0.934336
vn -0.263860 -0.476514 0.838637
vn -0.258770 -0.478895 0.838867
vn -0.715659 -0.646365 0.264659
vn -0.716828 -0.644993 0.264845
vn -0.803193 -0.577274 -0.147088
vn -0.802079 -0.576883 -0.154516
vn 0.999323 -0.017804 0.032185
vn 0.998940 -0.007069 0.045494
vn 0.896966 -0.131349 0.422137
vn 0.891924 -0.155443 0.424629
vn 0.279148 -0.353592 0.892776
vn 0.364312 -0.287288 0.885857
vn 0.015883 -0.298581 0.954252
vn -0.332558 -0.898083 -0.287840
vn -0.332558 -0.898083 -0.287840
vn -0.332558 -0.898083 -0.287840
vn -0.332558 -0.898083 -0.287840
vn 0.782711 -0.594818 -0.183181
vn 0.782711 -0.594818 -0.183181
vn 0.782711 -0.594818 -0.183181
vn 0.782711 -0.594818 -0.183181
vn 0.806954 0.545873 0.225494
vn 0.806080 0.547140 0.225550
vn 0.736048 0.385196 0.556648
vn 0.736541 0.384464 0.556502
vn 0.332874 -0.050653 0.941610
vn 0.332329 -0.050030 0.941836
vn 0.019320 -0.294379 0.955494
vn 0.998940 0.021195 -0.040858
vn 0.951017 0.302726 0.062637
vn 0.950910 0.281852 0.127787
vn 0.806956 0.574144 0.138496
vn -0.802095 -0.557584 -0.213878
vn -0.803225 -0.553722 -0.219594
vn -0.714902 -0.363462 -0.597336
vn -0.713845 -0.364626 -0.597890
vn -0.254595 0.109565 -0.960821
vn -0.258922 0.111622 -0.959427
vn -0.064489 0.265996 -0.961815
vn -0.084923 0.243501 -0.966176
vn 0.015964 0.319416 -0.947480
vn 0.349709 0.291165 -0.890465
vn 0.250603 0.238519 -0.938247
vn 0.889358 0.143141 -0.434227
vn 0.891413 0.147567 -0.428493
vn 0.999527 0.006368 -0.030104
vn 0.019365 0.323504 -0.946029
vn 0.334258 0.514135 -0.789897
vn 0.334783 0.513495 -0.790091
vn 0.737315 0.638047 -0.221952
vn 0.736830 0.638723 -0.221617
vn 0.806082 0.575209 0.139166
vn -0.993911 -0.110177 0.001155
vn -0.994359 -0.088505 -0.058451
vn -0.530799 0.814875 0.232876
vn -0.532687 0.794355 0.291967
vn -0.043018 0.938103 0.343674
vn -0.043384 0.960854 0.273637
vn 0.018237 0.963046 0.268718
vn 0.014134 0.993485 -0.113085
vn -0.017104 0.992440 -0.121536
vn -0.041296 0.610310 -0.791086
vn 0.008169 0.642016 -0.766648
vn 0.018258 0.937045 0.348732
vn 0.452834 0.838475 0.303153
vn 0.452824 0.856758 0.246812
vn 0.007838 0.066026 0.997787
vn -0.043886 0.024697 0.998731
vn -0.018882 0.729517 0.683702
vn 0.013484 0.735305 0.677602
vn -0.091705 -0.375704 0.922191
vn -0.069266 -0.351418 0.933653
vn -0.265354 -0.473468 0.839890
vn -0.258113 -0.476690 0.840324
vn -0.720349 -0.640426 0.266370
vn -0.721942 -0.638531 0.266604
vn -0.808952 -0.569830 -0.144536
vn -0.807390 -0.569933 -0.152634
vn 0.999335 -0.016386 0.032565
vn 0.998925 -0.005332 0.046047
vn 0.896472 -0.129985 0.423605
vn 0.891199 -0.154663 0.426431
vn 0.272656 -0.356116 0.893779
vn 0.363539 -0.286906 0.886298
vn 0.017463 -0.297973 0.954415
vn -0.339358 -0.895808 -0.286993
vn -0.339358 -0.895808 -0.286993
vn -0.339358 -0.895808 -0.286993
vn -0.339358 -0.895808 -0.286993
vn 0.780525 -0.597540 -0.183649
vn 0.780525 -0.597540 -0.183649
vn 0.780525 -0.597540 -0.183649
vn 0.780525 -0.597540 -0.183649
vn 0.812373 0.538737 0.223187
vn 0.811157 0.540492 0.223368
vn 0.740769 0.379017 0.554623
vn 0.741450 0.377975 0.554425
vn 0.335152 -0.053600 0.940638
vn 0.334389 -0.052719 0.940959
vn 0.021194 -0.292917 0.955903
vn 0.998923 0.022946 -0.040322
vn 0.952142 0.299430 0.061377
vn 0.952039 0.278438 0.126864
vn 0.812375 0.567014 0.136167
vn -0.807410 -0.550846 -0.211325
vn -0.808985 -0.546187 -0.217309
vn -0.720025 -0.357312 -0.594889
vn -0.718584 -0.358904 -0.595672
vn -0.254390 0.111975 -0.960598
vn -0.260529 0.114683 -0.958630
vn -0.068809 0.264809 -0.961843
vn -0.090048 0.239435 -0.966728
vn 0.017542 0.320010 -0.947252
vn 0.348769 0.291801 -0.890625
vn 0.242853 0.236955 -0.940678
vn 0.888584 0.145342 -0.435079
vn 0.890719 0.149761 -0.429175
vn 0.999541 0.007819 -0.029266
vn 0.021248 0.324934 -0.945498
vn 0.336260 0.511404 -0.790819
vn 0.336996 0.510498 -0.791091
vn 0.742234 0.631572 -0.224065
vn 0.741564 0.632529 -0.223582
vn 0.811159 0.568547 0.137022
vn -0.994615 -0.103596 0.002889
vn -0.995029 -0.082144 -0.056295
vn -0.529774 0.815441 0.233228
vn -0.531592 0.795100 0.291937
vn -0.049991 0.937741 0.343719
vn -0.050385 0.960581 0.273396
vn 0.018368 0.962961 0.269014
vn 0.013873 0.993694 -0.111262
vn -0.021459 0.992473 -0.120570
vn -0.045931 0.608599 -0.792148
vn 0.008553 0.642839 -0.765953
vn 0.018394 0.937152 0.348437
vn 0.455910 0.837034 0.302522
vn 0.455901 0.855221 0.246477
vn 0.008186 0.067113 0.997712
vn -0.048685 0.022657 0.998557
vn -0.023401 0.730114 0.682925
vn 0.013152 0.736537 0.676269
vn 0.013828 -0.963370 -0.267821
vn 0.013917 -0.936857 -0.349437
vn 0.435948 -0.846228 -0.306345
vn 0.436399 -0.864590 -0.249079
vn -0.038970 -0.617865 0.785318
vn 0.005238 -0.646003 0.763317
vn 0.009151 -0.993575 0.112802
vn -0.018688 -0.992646 0.119606
vn -0.039647 -0.961247 -0.272824
vn -0.991675 0.128444 0.009087
vn -0.991918 0.106278 0.069304
vn -0.537754 -0.812089 -0.226566
vn -0.539956 -0.791516 -0.286268
vn -0.039985 -0.938308 -0.343480
vn -0.017023 -0.727646 -0.685741
vn 0.010218 -0.732837 -0.680328
vn 0.005787 -0.064336 -0.997912
vn -0.040105 -0.025268 -0.998876
vn 0.818566 -0.555034 -0.147942
vn 0.827215 -0.544951 -0.136908
vn 0.737570 -0.619397 0.268957
vn 0.729696 -0.629225 0.267616
vn 0.234532 -0.473642 0.848915
vn 0.268529 -0.457198 0.847857
vn 0.106660 -0.355777 0.928465
vn 0.108354 -0.398564 0.910718
vn -0.774647 -0.597993 -0.205736
vn -0.774647 -0.597993 -0.205736
vn -0.774647 -0.597993 -0.205736
vn -0.774647 -0.597993 -0.205736
vn 0.354470 -0.888039 -0.292809
vn 0.354470 -0.888039 -0.292809
vn 0.354470 -0.888039 -0.292809
vn 0.354470 -0.888039 -0.292809
vn -0.034608 -0.292635 0.955598
vn -0.349019 -0.285502 0.892566
vn -0.182923 -0.392291 0.901470
vn -0.886772 -0.132570 0.442787
vn -0.890108 -0.122769 0.438903
vn -0.998865 0.002435 0.047561
vn -0.999554 -0.008308 0.028698
vn -0.036662 -0.275729 0.960536
vn -0.343435 -0.064061 0.936989
vn -0.348437 -0.070316 0.934691
vn -0.768647 0.341858 0.540661
vn -0.764390 0.349437 0.541851
vn -0.834030 0.509152 0.212503
vn -0.841841 0.497448 0.209401
vn -0.841829 0.525538 0.123022
vn -0.958801 0.278979 0.053590
vn -0.958888 0.257132 0.120076
vn -0.998887 0.029535 -0.036766
vn 0.105879 0.213941 -0.971092
vn 0.105453 0.258380 -0.960270
vn 0.263395 0.132103 -0.955600
vn 0.225085 0.119198 -0.967021
vn 0.727041 -0.350136 -0.590607
vn 0.735131 -0.341335 -0.585724
vn 0.827358 -0.521426 -0.208793
vn 0.818454 -0.536202 -0.206448
vn -0.999228 0.006531 -0.038751
vn -0.895925 0.151207 -0.417678
vn -0.886961 0.122731 -0.445239
vn -0.219620 0.213015 -0.952046
vn -0.363394 0.289801 -0.885415
vn -0.034984 0.325008 -0.945064
vn -0.834029 0.536804 0.127423
vn -0.765109 0.601160 -0.230684
vn -0.769405 0.594225 -0.234335
vn -0.350279 0.493299 -0.796216
vn -0.345291 0.499774 -0.794355
vn -0.036794 0.341510 -0.939158
vn 0.085957 0.958335 0.272407
vn 0.084739 0.935117 0.344056
vn 0.517437 0.802419 0.297292
vn 0.517484 0.821777 0.238520
vn 0.997194 -0.058199 -0.047088
vn 0.996965 -0.077042 0.011180
vn -0.015886 0.645774 -0.763364
vn 0.072879 0.592443 -0.802309
vn 0.039680 0.992028 -0.119611
vn -0.022849 0.994314 -0.104010
vn -0.030946 0.962284 0.270281
vn -0.475375 0.827465 0.298864
vn -0.474888 0.845448 0.244333
vn -0.030919 0.937341 0.347039
vn -0.019834 0.745294 0.666441
vn 0.046049 0.735009 0.676491
vn 0.075725 0.015814 0.997003
vn -0.014193 0.078918 0.996780
vn 0.811098 -0.565033 -0.151187
vn 0.813471 -0.563826 -0.142709
vn 0.726063 -0.633495 0.267426
vn 0.723830 -0.636225 0.266997
vn 0.256878 -0.475155 0.841571
vn 0.266260 -0.470306 0.841379
vn 0.079396 -0.355223 0.931404
vn 0.101114 -0.382393 0.918451
vn -0.777706 -0.594649 -0.203875
vn -0.777706 -0.594649 -0.203875
vn -0.777706 -0.594649 -0.203875
vn -0.777706 -0.594649 -0.203875
vn 0.344734 -0.891543 -0.293785
vn 0.344734 -0.891543 -0.293785
vn 0.344734 -0.891543 -0.293785
vn 0.344734 -0.891543 -0.293785
vn -0.021017 -0.296252 0.954879
vn -0.349198 -0.287731 0.891780
vn -0.224577 -0.372497 0.900451
vn -0.888322 -0.139234 0.437604
vn -0.890879 -0.131040 0.434929
vn -0.998946 -0.005592 0.045569
vn -0.999534 -0.013256 0.027483
vn -0.025314 -0.289598 0.956814
vn -0.337087 -0.056240 0.939792
vn -0.338217 -0.057602 0.939304
vn -0.748190 0.369396 0.551143
vn -0.747182 0.371002 0.551432
vn -0.817810 0.531616 0.220388
vn -0.819631 0.528982 0.219962
vn -0.819629 0.557234 0.133036
vn -0.954270 0.293115 0.058757
vn -0.954369 0.271565 0.124225
vn -0.998952 0.022009 -0.040130
vn 0.099096 0.231775 -0.967709
vn 0.078774 0.260444 -0.962270
vn 0.261370 0.117920 -0.958009
vn 0.250917 0.114018 -0.961270
vn 0.721753 -0.355411 -0.593933
vn 0.724035 -0.352936 -0.592629
vn 0.813531 -0.540227 -0.215227
vn 0.811071 -0.546091 -0.209639
vn -0.999278 0.002970 -0.037881
vn -0.896570 0.143247 -0.419097
vn -0.890078 0.121401 -0.439344
vn -0.256451 0.228244 -0.939222
vn -0.363778 0.288145 -0.885798
vn -0.021208 0.321675 -0.946613
vn -0.817810 0.559616 0.134225
vn -0.747972 0.624158 -0.225753
vn -0.748989 0.622667 -0.226499
vn -0.340157 0.506454 -0.792337
vn -0.339028 0.507857 -0.791923
vn -0.025380 0.328129 -0.944292
vn 0.052695 0.960500 0.273246
vn 0.051818 0.937332 0.344562
vn 0.515330 0.803392 0.298323
vn 0.515412 0.822951 0.238961
vn 0.996570 -0.066153 -0.049730
vn 0.996313 -0.085279 0.009347
vn -0.011998 0.643330 -0.765495
vn 0.050257 0.604673 -0.794887
vn 0.019922 0.992497 -0.120634
vn -0.020861 0.993708 -0.110039
vn -0.026608 0.962766 0.269023
vn -0.462919 0.833555 0.301485
vn -0.462445 0.851905 0.245769
vn -0.026543 0.936967 0.348409
vn -0.018676 0.741530 0.670660
vn 0.024387 0.734913 0.677722
vn 0.052099 0.030235 0.998184
vn -0.010856 0.076410 0.997017
vn 0.806118 -0.571591 -0.153156
vn 0.810073 -0.568238 -0.144521
vn 0.723115 -0.638177 0.264261
vn 0.719542 -0.642492 0.263560
vn 0.249930 -0.477598 0.842280
vn 0.264497 -0.469954 0.842131
vn 0.095122 -0.363132 0.926869
vn 0.112172 -0.393485 0.912462
vn -0.781650 -0.590029 -0.202210
vn -0.781650 -0.590029 -0.202210
vn -0.781650 -0.590029 -0.202210
vn -0.781650 -0.590029 -0.202210
vn 0.337570 -0.894026 -0.294557
vn 0.337570 -0.894026 -0.294557
vn 0.337570 -0.894026 -0.294557
vn 0.337570 -0.894026 -0.294557
vn -0.027709 -0.292434 0.955884
vn -0.350836 -0.285110 0.891979
vn -0.204443 -0.385204 0.899900
vn -0.888804 -0.133454 0.438426
vn -0.891919 -0.123318 0.435054
vn -0.998882 0.001870 0.047233
vn -0.999534 -0.009085 0.029126
vn -0.032108 -0.283165 0.958533
vn -0.335592 -0.054153 0.940449
vn -0.337468 -0.056389 0.939647
vn -0.746657 0.373013 0.550785
vn -0.744966 0.375667 0.551272
vn -0.814462 0.536220 0.221628
vn -0.817488 0.531978 0.220711
vn -0.817484 0.560102 0.134186
vn -0.952967 0.297033 0.060208
vn -0.953070 0.275586 0.125337
vn -0.998897 0.028958 -0.036977
vn 0.109856 0.219452 -0.969419
vn 0.094207 0.251534 -0.963253
vn 0.259440 0.118772 -0.958428
vn 0.243252 0.112523 -0.963414
vn 0.717306 -0.362616 -0.594964
vn 0.720955 -0.358694 -0.592927
vn 0.810158 -0.544840 -0.216317
vn 0.806072 -0.552581 -0.211903
vn -0.999240 0.006466 -0.038441
vn -0.897368 0.149104 -0.415329
vn -0.889259 0.121122 -0.441077
vn -0.238089 0.217818 -0.946504
vn -0.364948 0.290077 -0.884686
vn -0.027962 0.325373 -0.945172
vn -0.814463 0.564068 0.135933
vn -0.745751 0.627846 -0.222856
vn -0.747457 0.625377 -0.224080
vn -0.339383 0.507637 -0.791912
vn -0.337512 0.509941 -0.791231
vn -0.032201 0.334347 -0.941900
vn 0.070340 0.959469 0.272895
vn 0.069199 0.936282 0.344366
vn 0.519095 0.801138 0.297857
vn 0.519169 0.820820 0.238155
vn 0.995993 -0.072809 -0.051933
vn 0.995733 -0.091992 0.007368
vn -0.013719 0.644218 -0.764719
vn 0.063578 0.594959 -0.801238
vn 0.028853 0.992055 -0.122448
vn -0.022527 0.993807 -0.108811
vn -0.029143 0.962548 0.269539
vn -0.459484 0.835275 0.301976
vn -0.459005 0.853582 0.246398
vn -0.029084 0.937107 0.347828
vn -0.019772 0.742308 0.669767
vn 0.034635 0.733559 0.678743
vn 0.066113 0.019016 0.997631
vn -0.012228 0.077437 0.996922
vn 0.801400 -0.577761 -0.154758
vn 0.802514 -0.578143 -0.147384
vn 0.716235 -0.645737 0.264633
vn 0.715114 -0.647072 0.264404
vn 0.259198 -0.479133 0.838599
vn 0.263653 -0.476702 0.838596
vn 0.064949 -0.350523 0.934299
vn 0.086359 -0.371997 0.924208
vn -0.783055 -0.588491 -0.201255
vn -0.783055 -0.588491 -0.201255
vn -0.783055 -0.588491 -0.201255
vn -0.783055 -0.588491 -0.201255
vn 0.331645 -0.896061 -0.295105
vn 0.331645 -0.896061 -0.295105
vn 0.331645 -0.896061 -0.295105
vn 0.331645 -0.896061 -0.295105
vn -0.015855 -0.298553 0.954261
vn -0.349793 -0.287827 0.891516
vn -0.251129 -0.358378 0.899166
vn -0.889447 -0.139400 0.435261
vn -0.891500 -0.132429 0.433232
vn -0.998941 -0.006849 0.045506
vn -0.999525 -0.012558 0.028133
vn -0.019275 -0.294358 0.955501
vn -0.332002 -0.049618 0.941973
vn -0.332540 -0.050247 0.941750
vn -0.735862 0.385373 0.556772
vn -0.735371 0.386107 0.556912
vn -0.805331 0.548113 0.225864
vn -0.806208 0.546847 0.225801
vn -0.806208 0.575117 0.138816
vn -0.950712 0.303710 0.062500
vn -0.950820 0.282316 0.127429
vn -0.998940 0.021036 -0.040945
vn 0.084650 0.243469 -0.966208
vn 0.064501 0.265880 -0.961846
vn 0.258712 0.111342 -0.959516
vn 0.253790 0.109324 -0.961061
vn 0.713142 -0.365474 -0.598211
vn 0.714284 -0.364254 -0.597593
vn 0.802558 -0.554589 -0.219846
vn 0.801390 -0.558469 -0.214212
vn -0.999323 0.004522 -0.036525
vn -0.897036 0.141828 -0.418583
vn -0.892003 0.123761 -0.434758
vn -0.279585 0.238763 -0.929959
vn -0.364386 0.288277 -0.885505
vn -0.015994 0.319440 -0.947471
vn -0.805331 0.576182 0.139486
vn -0.736156 0.639609 -0.221305
vn -0.736651 0.638922 -0.221640
vn -0.334509 0.513913 -0.789935
vn -0.333972 0.514560 -0.789741
vn -0.019325 0.323508 -0.946028
vn 0.043825 0.960870 0.273511
vn 0.043109 0.937786 0.344526
vn 0.520765 0.800097 0.297739
vn 0.520871 0.819802 0.237948
vn 0.995448 -0.078657 -0.053820
vn 0.995174 -0.097956 0.005776
vn -0.008145 0.642071 -0.766602
vn 0.041448 0.610157 -0.791196
vn 0.017131 0.992436 -0.121566
vn -0.014142 0.993480 -0.113130
vn -0.018325 0.963120 0.268447
vn -0.451572 0.839008 0.303559
vn -0.451102 0.857530 0.247284
vn -0.018256 0.936904 0.349109
vn -0.012358 0.739704 0.672819
vn 0.020718 0.734391 0.678411
vn 0.042891 0.036899 0.998398
vn -0.007222 0.075119 0.997148
vn 0.805528 -0.572383 -0.153305
vn 0.807094 -0.572249 -0.145363
vn 0.720299 -0.640648 0.265969
vn 0.718773 -0.642483 0.265673
vn 0.258587 -0.477457 0.839742
vn 0.264849 -0.474174 0.839651
vn 0.069331 -0.351731 0.933530
vn 0.091168 -0.375658 0.922263
vn -0.781483 -0.590266 -0.202166
vn -0.781483 -0.590266 -0.202166
vn -0.781483 -0.590266 -0.202166
vn -0.781483 -0.590266 -0.202166
vn 0.336865 -0.894275 -0.294610
vn 0.336865 -0.894275 -0.294610
vn 0.336865 -0.894275 -0.294610
vn 0.336865 -0.894275 -0.294610
vn -0.017418 -0.297891 0.954441
vn -0.349061 -0.287346 0.891958
vn -0.244403 -0.360816 0.900044
vn -0.888849 -0.138062 0.436906
vn -0.890976 -0.130969 0.434752
vn -0.998924 -0.005078 0.046089
vn -0.999538 -0.010912 0.028374
vn -0.021057 -0.292886 0.955915
vn -0.333518 -0.051568 0.941332
vn -0.334271 -0.052455 0.941016
vn -0.739576 0.380558 0.555161
vn -0.738896 0.381598 0.555353
vn -0.809070 0.543245 0.224255
vn -0.810294 0.541500 0.224059
vn -0.810293 0.569767 0.137078
vn -0.951497 0.301425 0.061612
vn -0.951602 0.279954 0.126806
vn -0.998926 0.022793 -0.040342
vn 0.089350 0.239385 -0.966805
vn 0.068837 0.264464 -0.961936
vn 0.259974 0.113866 -0.958879
vn 0.253022 0.111199 -0.961049
vn 0.716783 -0.361128 -0.596497
vn 0.718341 -0.359459 -0.595630
vn 0.807143 -0.548618 -0.218031
vn 0.805512 -0.553269 -0.212235
vn -0.999333 0.005914 -0.036035
vn -0.896654 0.143719 -0.418756
vn -0.891407 0.125301 -0.435539
vn -0.273959 0.237392 -0.931982
vn -0.363819 0.288858 -0.885549
vn -0.017580 0.320088 -0.947225
vn -0.809071 0.571298 0.137926
vn -0.739693 0.635034 -0.222677
vn -0.740380 0.634066 -0.223156
vn -0.336218 0.511661 -0.790671
vn -0.335466 0.512573 -0.790400
vn -0.021117 0.324945 -0.945497
vn 0.050930 0.960578 0.273306
vn 0.050154 0.937437 0.344525
vn 0.520649 0.800279 0.297451
vn 0.520743 0.819875 0.237976
vn 0.995870 -0.074184 -0.052343
vn 0.995608 -0.093365 0.006897
vn -0.008493 0.642781 -0.766003
vn 0.046209 0.608097 -0.792517
vn 0.021437 0.992441 -0.120838
vn -0.013868 0.993667 -0.111509
vn -0.018429 0.963040 0.268726
vn -0.453646 0.838050 0.303114
vn -0.453174 0.856494 0.247085
vn -0.018361 0.937008 0.348825
vn -0.011918 0.740656 0.671779
vn 0.025374 0.734709 0.677908
vn 0.047832 0.034371 0.998264
vn -0.007466 0.075866 0.997090
vn -0.014073 -0.323502 0.946123
vn -0.008303 -0.315699 0.948823
vn -0.299212 -0.518763 0.800848
vn -0.300784 -0.520179 0.799339
vn -0.708453 -0.676772 0.200186
vn -0.701649 -0.682925 0.203231
vn -0.768904 -0.622256 -0.146913
vn -0.771528 -0.617027 -0.154994
vn -0.014681 -0.963492 -0.267334
vn 0.041989 -0.960931 -0.273584
vn 0.016698 -0.991251 0.130932
vn -0.011113 -0.992396 0.122585
vn -0.005935 -0.636911 0.770914
vn 0.043603 -0.600686 0.798295
vn 0.066458 -0.267870 0.961160
vn -0.771533 -0.590379 -0.237044
vn -0.427458 -0.849735 -0.308594
vn -0.427026 -0.868909 -0.250291
vn -0.014575 -0.936556 -0.350214
vn 0.769665 0.595274 0.230793
vn 0.762133 0.605470 0.229258
vn 0.696390 0.433007 0.572317
vn 0.700421 0.429009 0.570405
vn 0.274034 -0.078308 0.958527
vn 0.266352 -0.069907 0.961337
vn 0.085589 -0.238467 0.967372
vn 0.041557 -0.937891 -0.344433
vn 0.545887 -0.784536 -0.294127
vn 0.548401 -0.803567 -0.231380
vn 0.987868 0.134584 0.077491
vn 0.988214 0.152501 0.013301
vn 0.769603 0.617393 0.162901
vn -0.768900 -0.589810 -0.246814
vn -0.701644 -0.433020 -0.565852
vn -0.708313 -0.429961 -0.559845
vn -0.300410 0.049099 -0.952546
vn -0.298893 0.051196 -0.952912
vn -0.008273 0.302323 -0.953170
vn -0.013967 0.294396 -0.955581
vn 0.067040 0.348587 -0.934876
vn 0.042278 -0.031272 -0.998616
vn -0.005306 -0.072461 -0.997357
vn -0.009865 -0.735711 -0.677224
vn 0.018648 -0.730381 -0.682785
vn 0.085862 0.375925 -0.922664
vn 0.266543 0.508667 -0.818666
vn 0.274105 0.499803 -0.821623
vn 0.700741 0.682254 -0.208547
vn 0.696611 0.686743 -0.207649
vn 0.762124 0.624627 0.170318
vn 0.768914 -0.589863 -0.246643
vn 0.771532 -0.590401 -0.236990
vn 0.709367 -0.431515 -0.557309
vn 0.702617 -0.434716 -0.563339
vn 0.300695 0.049547 -0.952433
vn 0.302223 0.047516 -0.952052
vn 0.014054 0.294411 -0.955576
vn 0.008265 0.302326 -0.953169
vn -0.425737 -0.860349 -0.280263
vn -0.425737 -0.860349 -0.280263
vn 0.431393 -0.857897 -0.279128
vn 0.431393 -0.857897 -0.279128
vn 0.768932 -0.622164 -0.147160
vn -0.086169 0.376155 -0.922541
vn 0.001058 0.349276 -0.937019
vn -0.000013 0.294919 -0.955522
vn -0.067082 0.348742 -0.934815
vn -0.276609 0.501768 -0.819583
vn -0.268947 0.510286 -0.816869
vn -0.697232 0.686724 -0.205615
vn -0.701283 0.682338 -0.206439
vn -0.769661 0.617275 0.163077
vn -0.762138 0.624681 0.170057
vn -0.762129 0.605353 0.229581
vn -0.426149 0.860517 0.279118
vn -0.426149 0.860517 0.279118
vn 0.418748 0.863922 0.279804
vn 0.418748 0.863921 0.279804
vn 0.008268 -0.315676 0.948831
vn 0.014048 -0.323559 0.946104
vn 0.302217 -0.521219 0.798120
vn 0.300699 -0.519754 0.799647
vn 0.702561 -0.682876 0.200220
vn 0.709339 -0.676721 0.197196
vn 0.771538 -0.616941 -0.155287
vn -0.000583 -0.268830 0.963187
vn 0.000034 -0.323251 0.946314
vn -0.086124 -0.238002 0.967439
vn -0.769615 0.595274 0.230959
vn -0.701422 0.430487 0.568057
vn -0.697327 0.434655 0.569921
vn -0.269231 -0.067332 0.960719
vn -0.276602 -0.076382 0.957944
vn -0.067155 -0.267430 0.961235
vn 0.014576 -0.963540 -0.267166
vn 0.014682 -0.936616 -0.350051
vn 0.427030 -0.850077 -0.308245
vn 0.427461 -0.868836 -0.249801
vn -0.042268 -0.612269 0.789519
vn 0.005304 -0.644845 0.764295
vn 0.009865 -0.993264 0.115450
vn -0.018646 -0.992222 0.123080
vn -0.041558 -0.961221 -0.272630
vn -0.987867 0.154431 0.016412
vn -0.988214 0.131191 0.078878
vn -0.545882 -0.807588 -0.223190
vn -0.548397 -0.786102 -0.285140
vn -0.041990 -0.938218 -0.343489
vn -0.016693 -0.724952 -0.688598
vn 0.011118 -0.730783 -0.682519
vn 0.005937 -0.062156 -0.998049
vn -0.043602 -0.016750 -0.998909
vn -0.410718 -0.907842 0.084462
vn -0.229932 -0.709498 0.666141
vn 0.274550 -0.397658 0.875494
vn 0.878538 0.038051 0.476155
vn 0.446884 -0.872200 0.198900
vn -0.227181 -0.187647 -0.955603
vn -0.406341 -0.688510 -0.600700
vn 0.885299 0.279996 -0.371280
vn 0.272799 0.168562 -0.947189
vn 0.425506 -0.615211 -0.663672
vn 0.000216 0.072621 -0.997360
vn 0.374546 -0.559909 -0.739065
vn 0.374546 -0.559909 -0.739065
vn -0.370262 -0.558247 -0.742473
vn -0.370262 -0.558247 -0.742473
vn -0.361940 0.886266 -0.289018
vn -0.361940 0.886266 -0.289018
vn 0.005948 0.515771 -0.856706
vn 0.368045 0.881919 -0.294553
vn 0.368045 0.881919 -0.294553
vn 0.373648 -0.887944 0.268220
vn 0.373648 -0.887945 0.268220
vn 0.001387 -0.527666 0.849451
vn -0.371869 -0.887505 0.272119
vn -0.371869 -0.887505 0.272119
vn -0.004940 -0.087009 0.996195
vn -0.382162 0.541734 0.748650
vn -0.382162 0.541734 0.748650
vn 0.347307 0.543487 0.764199
vn 0.347307 0.543487 0.764199
vn 0.227124 -0.713379 0.662952
vn 0.406319 -0.910101 0.081374
vn -0.885280 0.008230 0.464985
vn -0.272795 -0.420418 0.865351
vn -0.425482 -0.887835 0.175254
vn 0.410571 -0.684751 -0.602119
vn 0.229880 -0.182579 -0.955939
vn -0.274451 0.192944 -0.942046
vn -0.878508 0.310777 -0.362824
vn -0.446777 -0.588745 -0.673624
vn -0.406741 -0.909505 0.085812
vn -0.227820 -0.710596 0.665696
vn 0.274383 -0.397278 0.875719
vn 0.878213 0.039157 0.476664
vn 0.447364 -0.871863 0.199300
vn -0.225071 -0.188597 -0.955915
vn -0.402478 -0.689078 -0.602647
vn 0.885037 0.281041 -0.371115
vn 0.272644 0.168842 -0.947184
vn 0.425962 -0.614850 -0.663714
vn 0.000214 0.069692 -0.997569
vn 0.373429 -0.564288 -0.736295
vn 0.373429 -0.564288 -0.736295
vn -0.369327 -0.562629 -0.739626
vn -0.369327 -0.562629 -0.739626
vn -0.361411 0.886669 -0.288446
vn -0.361411 0.886668 -0.288446
vn 0.005894 0.516110 -0.856502
vn 0.367552 0.882328 -0.293944
vn 0.367552 0.882328 -0.293944
vn 0.372359 -0.889886 0.263536
vn 0.372359 -0.889886 0.263536
vn 0.001367 -0.530096 0.847936
vn -0.370534 -0.889541 0.267249
vn -0.370534 -0.889541 0.267249
vn -0.004910 -0.086607 0.996230
vn -0.381404 0.542480 0.748497
vn -0.381404 0.542480 0.748497
vn 0.346776 0.544227 0.763913
vn 0.346776 0.544227 0.763913
vn -0.338938 -0.887067 0.313421
vn -0.338938 -0.887067 0.313421
vn 0.057420 -0.480483 0.875122
vn 0.703933 -0.572663 0.420160
vn 0.703933 -0.572663 0.420160
vn 0.513177 -0.125149 0.849110
vn 0.883661 0.117468 0.453149
vn 0.006800 0.124087 -0.992248
vn -0.408921 -0.511859 -0.755503
vn -0.408921 -0.511859 -0.755503
vn 0.614964 -0.247139 -0.748827
vn 0.614964 -0.247139 -0.748827
vn 0.614964 -0.247139 -0.748827
vn 0.614964 -0.247139 -0.748827
vn 0.881191 0.366671 -0.298419
vn 0.508820 0.402164 -0.761161
vn -0.416610 0.892338 -0.173695
vn -0.890999 0.022679 -0.453438
vn -0.271676 0.426681 -0.862633
vn 0.665967 0.737588 -0.111584
vn 0.191965 0.980750 -0.035769
vn 0.247873 0.702230 -0.667407
vn -0.287803 -0.174062 0.941739
vn -0.894502 -0.265789 0.359474
vn -0.441678 0.608375 0.659394
vn 0.665516 0.527923 0.527624
vn 0.245117 0.169685 0.954528
vn 0.190683 0.769653 0.609322
vn -0.332091 -0.893881 0.301152
vn -0.332091 -0.893881 0.301152
vn 0.060624 -0.486399 0.871631
vn 0.708731 -0.575697 0.407766
vn 0.708731 -0.575697 0.407766
vn 0.510319 -0.116707 0.852029
vn 0.880783 0.133209 0.454397
vn 0.011614 0.117500 -0.993005
vn -0.399834 -0.524939 -0.751380
vn -0.399834 -0.524939 -0.751380
vn 0.627846 -0.255428 -0.735232
vn 0.627846 -0.255427 -0.735232
vn 0.627846 -0.255428 -0.735232
vn 0.627846 -0.255428 -0.735232
vn 0.878204 0.380141 -0.290259
vn 0.505814 0.410579 -0.758668
vn -0.411814 0.893160 -0.180759
vn -0.886022 0.017854 -0.463299
vn -0.265315 0.424000 -0.865928
vn 0.648417 0.752921 -0.112536
vn 0.188593 0.981220 -0.040496
vn 0.243114 0.706801 -0.664325
vn -0.282143 -0.179101 0.942506
vn -0.889675 -0.277090 0.362905
vn -0.438758 0.603754 0.665562
vn 0.647897 0.539726 0.537518
vn 0.240252 0.174889 0.954826
vn 0.187241 0.767152 0.613530
vn -0.327154 -0.897053 0.297096
vn -0.327154 -0.897053 0.297096
vn 0.062078 -0.487202 0.871080
vn 0.711913 -0.572373 0.406901
vn 0.711913 -0.572373 0.406901
vn 0.509983 -0.115071 0.852453
vn 0.880291 0.136751 0.454299
vn 0.013640 0.116464 -0.993101
vn -0.394423 -0.530381 -0.750418
vn -0.394423 -0.530381 -0.750418
vn 0.633010 -0.253071 -0.731610
vn 0.633010 -0.253071 -0.731610
vn 0.633010 -0.253071 -0.731610
vn 0.633010 -0.253071 -0.731610
vn 0.877706 0.382966 -0.288044
vn 0.505565 0.412130 -0.757993
vn -0.414310 0.891382 -0.183808
vn -0.884092 0.011895 -0.467161
vn -0.264408 0.421634 -0.867360
vn 0.429296 0.899791 -0.077978
vn 0.241003 0.707986 -0.663832
vn -0.281463 -0.182194 0.942117
vn -0.887680 -0.284431 0.362111
vn -0.441700 0.600141 0.666882
vn 0.644886 0.543109 0.537731
vn 0.238173 0.176074 0.955129
vn 0.184018 0.767928 0.613534
vn -0.323201 -0.900456 0.291068
vn -0.323201 -0.900456 0.291068
vn 0.064157 -0.490561 0.869042
vn 0.714387 -0.574499 0.399502
vn 0.714387 -0.574499 0.399502
vn 0.508300 -0.110993 0.853998
vn 0.878311 0.143776 0.455958
vn 0.016480 0.112587 -0.993505
vn -0.389062 -0.536928 -0.748558
vn -0.389062 -0.536928 -0.748558
vn 0.639258 -0.258645 -0.724191
vn 0.639258 -0.258645 -0.724191
vn 0.639258 -0.258645 -0.724191
vn 0.639258 -0.258645 -0.724191
vn 0.875681 0.389566 -0.285345
vn 0.503586 0.416280 -0.757042
vn -0.414933 0.890596 -0.186196
vn -0.882006 0.008732 -0.471157
vn -0.262559 0.420523 -0.868460
vn 0.422628 0.902797 -0.079647
vn 0.238066 0.710026 -0.662713
vn -0.279839 -0.184126 0.942225
vn -0.885541 -0.290028 0.362906
vn -0.442901 0.597658 0.668314
vn 0.421776 0.680419 0.599279
vn 0.235240 0.178328 0.955438
vn -0.327854 -0.896332 0.298496
vn -0.327854 -0.896332 0.298496
vn 0.062160 -0.487341 0.870996
vn 0.711293 -0.573868 0.405879
vn 0.711293 -0.573868 0.405879
vn 0.508985 -0.112818 0.853350
vn 0.878875 0.140038 0.456035
vn 0.013413 0.116150 -0.993141
vn -0.395130 -0.528800 -0.751161
vn -0.395130 -0.528800 -0.751161
vn 0.631953 -0.255183 -0.731790
vn 0.631953 -0.255183 -0.731790
vn 0.631953 -0.255183 -0.731790
vn 0.631953 -0.255183 -0.731790
vn 0.876247 0.386624 -0.287600
vn 0.504325 0.414413 -0.757574
vn -0.416081 0.890973 -0.181779
vn -0.885010 0.013039 -0.465389
vn -0.265694 0.422612 -0.866491
vn 0.425609 0.901459 -0.078921
vn 0.239294 0.708931 -0.663442
vn -0.282502 -0.180740 0.942086
vn -0.888524 -0.282351 0.361667
vn -0.442971 0.601248 0.665039
vn 0.424719 0.679769 0.597936
vn 0.236535 0.177056 0.955355
vn 0.225092 -0.714430 0.662513
vn 0.402481 -0.911701 0.082527
vn -0.885029 0.009191 0.465446
vn -0.272657 -0.420119 0.865539
vn -0.425968 -0.887544 0.175547
vn 0.406725 -0.685370 -0.604022
vn 0.227859 -0.183596 -0.956228
vn -0.274384 0.193311 -0.941989
vn -0.878221 0.311844 -0.362604
vn -0.447373 -0.588171 -0.673730
vn -0.006759 -0.482791 0.875710
vn 0.409075 -0.858101 0.310355
vn 0.409075 -0.858101 0.310355
vn -0.615061 -0.639956 0.460604
vn -0.615061 -0.639956 0.460604
vn -0.615061 -0.639956 0.460604
vn -0.615061 -0.639956 0.460604
vn -0.881194 0.121253 0.456942
vn -0.508881 -0.122021 0.852145
vn 0.338798 -0.533495 -0.774984
vn 0.338798 -0.533495 -0.774984
vn -0.057438 0.125619 -0.990415
vn -0.703862 -0.216475 -0.676548
vn -0.703862 -0.216475 -0.676548
vn -0.513115 0.397862 -0.760538
vn -0.883661 0.361373 -0.297576
vn 0.891158 0.022069 -0.453156
vn 0.417036 0.892306 -0.172832
vn 0.271777 0.426359 -0.862760
vn -0.192002 0.980742 -0.035788
vn -0.666011 0.737550 -0.111582
vn -0.247967 0.702188 -0.667417
vn 0.899347 -0.240208 0.365343
vn 0.286492 -0.153622 0.945686
vn 0.424837 0.629737 0.650342
vn -0.242637 0.174135 0.954361
vn -0.663020 0.531095 0.527582
vn -0.187030 0.772591 0.606731
vn -0.011636 -0.488610 0.872425
vn 0.399873 -0.866308 0.299353
vn 0.399873 -0.866308 0.299353
vn -0.627826 -0.638801 0.444711
vn -0.627826 -0.638801 0.444711
vn -0.627826 -0.638801 0.444711
vn -0.627826 -0.638801 0.444711
vn -0.878208 0.136939 0.458256
vn -0.505780 -0.113782 0.855126
vn 0.332098 -0.546156 -0.769041
vn 0.332098 -0.546156 -0.769041
vn -0.060645 0.118811 -0.991063
vn -0.708712 -0.226088 -0.668289
vn -0.708712 -0.226088 -0.668289
vn -0.510342 0.406410 -0.757880
vn -0.880785 0.374844 -0.289326
vn 0.886187 0.017180 -0.463009
vn 0.412249 0.893134 -0.179896
vn 0.265390 0.423708 -0.866048
vn -0.188584 0.981223 -0.040466
vn -0.648471 0.752880 -0.112502
vn -0.243150 0.706728 -0.664390
vn 0.895049 -0.249804 0.369438
vn 0.280595 -0.157369 0.946838
vn 0.420277 0.627021 0.655906
vn -0.237705 0.179580 0.954593
vn -0.645157 0.543062 0.537454
vn -0.183682 0.770192 0.610790
vn -0.013662 -0.489477 0.871909
vn 0.394521 -0.870122 0.295364
vn 0.394521 -0.870122 0.295364
vn -0.633070 -0.634698 0.443149
vn -0.633070 -0.634698 0.443149
vn -0.633070 -0.634698 0.443149
vn -0.633070 -0.634698 0.443149
vn -0.877715 0.140511 0.458119
vn -0.505526 -0.112101 0.855498
vn 0.327050 -0.551128 -0.767657
vn 0.327050 -0.551128 -0.767657
vn -0.062099 0.117829 -0.991090
vn -0.711875 -0.223958 -0.665640
vn -0.711875 -0.223958 -0.665640
vn -0.509914 0.407970 -0.757330
vn -0.880282 0.377684 -0.287157
vn 0.884260 0.011210 -0.466861
vn 0.414766 0.891353 -0.182917
vn 0.264484 0.421314 -0.867492
vn -0.429352 0.899766 -0.077959
vn -0.241069 0.707928 -0.663871
vn 0.893358 -0.256669 0.368827
vn 0.280034 -0.160139 0.946539
vn 0.423135 0.623922 0.657022
vn -0.235585 0.180727 0.954902
vn -0.642172 0.546395 0.537651
vn -0.180303 0.770951 0.610840
vn -0.016857 -0.493188 0.869760
vn 0.388250 -0.874987 0.289240
vn 0.388250 -0.874987 0.289240
vn -0.640118 -0.634602 0.433046
vn -0.640118 -0.634602 0.433046
vn -0.640118 -0.634602 0.433046
vn -0.640118 -0.634602 0.433046
vn -0.875561 0.148059 0.459861
vn -0.503486 -0.107856 0.857245
vn 0.322542 -0.558314 -0.764364
vn 0.322542 -0.558314 -0.764364
vn -0.064428 0.113582 -0.991437
vn -0.714809 -0.230298 -0.660311
vn -0.714809 -0.230298 -0.660311
vn -0.508173 0.412500 -0.756045
vn -0.878208 0.384801 -0.284040
vn 0.881821 0.007386 -0.471527
vn 0.415430 0.890450 -0.185788
vn 0.262421 0.419930 -0.868789
vn -0.422134 0.903028 -0.079641
vn -0.237817 0.710174 -0.662643
vn 0.891157 -0.262642 0.369944
vn 0.277977 -0.162004 0.946828
vn 0.423699 0.621924 0.658551
vn -0.232364 0.183332 0.955195
vn -0.417108 0.684315 0.598108
vn -0.014401 -0.490696 0.871212
vn 0.392998 -0.871020 0.294749
vn 0.392998 -0.871020 0.294749
vn -0.634428 -0.635749 0.439686
vn -0.634428 -0.635749 0.439686
vn -0.634428 -0.635749 0.439686
vn -0.634428 -0.635749 0.439686
vn -0.875923 0.145442 0.460006
vn -0.504078 -0.109136 0.856735
vn 0.326098 -0.552207 -0.767286
vn 0.326098 -0.552207 -0.767286
vn -0.062842 0.116579 -0.991191
vn -0.712436 -0.226648 -0.664127
vn -0.712436 -0.226648 -0.664127
vn -0.508701 0.411184 -0.756406
vn -0.878558 0.382764 -0.285704
vn 0.884247 0.010558 -0.466901
vn 0.416649 0.890607 -0.182271
vn 0.265030 0.421521 -0.867225
vn -0.424129 0.902153 -0.078962
vn -0.238605 0.709343 -0.663249
vn 0.893268 -0.257485 0.368475
vn 0.280326 -0.159910 0.946491
vn 0.424740 0.623746 0.656153
vn -0.233194 0.182404 0.955170
vn -0.419081 0.684034 0.597050
vn -0.398127 -0.913263 0.086293
vn -0.223507 -0.713351 0.664210
vn 0.266127 -0.387124 0.882786
vn 0.866205 0.061149 0.495934
vn 0.451106 -0.865786 0.216605
vn -0.220704 -0.191693 -0.956318
vn -0.393771 -0.691833 -0.605237
vn 0.874604 0.306851 -0.375381
vn 0.264416 0.178889 -0.947672
vn 0.427234 -0.603853 -0.672928
vn 0.000182 0.063426 -0.997987
vn 0.367514 -0.574735 -0.731173
vn 0.367514 -0.574735 -0.731173
vn -0.363919 -0.573149 -0.734209
vn -0.363919 -0.573149 -0.734209
vn -0.359380 0.900756 -0.243895
vn -0.359380 0.900756 -0.243895
vn 0.004473 0.536898 -0.843635
vn 0.363831 0.897927 -0.247698
vn 0.363832 0.897927 -0.247698
vn 0.366632 -0.895236 0.253247
vn 0.366632 -0.895236 0.253247
vn 0.001307 -0.535427 0.844580
vn -0.364978 -0.894910 0.256765
vn -0.364978 -0.894909 0.256765
vn -0.003371 -0.061671 0.998091
vn -0.372255 0.582076 0.722920
vn -0.372255 0.582076 0.722920
vn 0.350849 0.583672 0.732278
vn 0.350849 0.583672 0.732278
vn 0.220689 -0.717185 0.661016
vn 0.393787 -0.915444 0.083033
vn -0.874598 0.027587 0.484063
vn -0.264364 -0.412338 0.871831
vn -0.427201 -0.884084 0.189463
vn 0.398081 -0.688119 -0.606650
vn 0.223519 -0.186709 -0.956650
vn -0.266130 0.205716 -0.941730
vn -0.866193 0.341005 -0.365274
vn -0.451099 -0.573108 -0.684147
vn 0.000000 0.309017 -0.951057
vn 0.000000 0.309017 -0.951057
vn 0.000000 0.309017 -0.951057
vn 0.000000 0.309017 -0.951057
vn 0.000000 0.309017 -0.951057
vn 0.000000 0.309017 -0.951057
vn 0.000000 0.309017 -0.951056
vn 0.000000 0.309016 -0.951057
vn -0.000000 0.309017 -0.951057
vn -0.000000 0.309017 -0.951057
vn 0.000000 0.309017 -0.951056
vn 0.000000 0.309017 -0.951056
vn 0.000000 0.309017 -0.951057
vn 0.000000 0.309017 -0.951057
vn 0.000000 0.309017 -0.951056
vn 0.000000 0.309017 -0.951056
vn 0.000000 0.309018 -0.951056
vn 0.000000 0.309017 -0.951057
vn 0.000000 0.309017 -0.951057
vn 0.000000 0.309016 -0.951057
vn 0.000000 0.309017 -0.951057
vn 0.000000 0.309017 -0.951057
vn 0.000000 0.309017 -0.951057
vn 0.000000 0.309017 -0.951057
vn 0.000000 0.309018 -0.951056
vn 0.000000 0.309017 -0.951056
vn 0.000000 0.309017 -0.951057
vn 0.000000 0.309017 -0.951057
vn 0.000000 0.309017 -0.951056
vn -0.000000 0.309018 -0.951056
vn 0.000000 0.309017 -0.951057
vn 0.000000 0.309017 -0.951057
vn 0.000000 0.309017 -0.951057
vn 0.000000 0.309017 -0.951057
vn -0.000000 0.309016 -0.951057
vn -0.000000 0.309017 -0.951056
vn -0.000000 0.309018 -0.951056
vn 0.000000 0.309018 -0.951056
vn 0.000000 0.309017 -0.951056
vn -0.000000 0.309017 -0.951057
vn 0.000000 0.309017 -0.951057
vn 0.000000 0.309017 -0.951057
vn -0.000000 0.309017 -0.951056
vn 0.000000 0.309017 -0.951057
vn 0.000000 0.309017 -0.951057
vn 0.000000 0.309017 -0.951056
vn -0.000000 0.309017 -0.951056
vn 0.000000 0.309018 -0.951056
vn 0.000000 0.309017 -0.951057
vn 0.000000 0.309016 -0.951057
vn 0.000000 0.309017 -0.951057
vn 0.000000 0.309017 -0.951057
vn 0.000000 0.309017 -0.951056
vn 0.000000 0.309017 -0.951057
vn 0.000000 0.309018 -0.951056
vn -0.000000 -0.309017 0.951057
vn -0.000000 -0.309017 0.951057
vn 0.000000 -0.309017 0.951056
vn 0.000000 -0.309017 0.951056
vn 0.000000 -0.309017 0.951056
vn 0.000000 -0.309017 0.951056
vn 0.000000 -0.309017 0.951057
vn 0.000000 -0.309017 0.951057
vn 0.000000 -0.309017 0.951057
vn 0.000000 -0.309017 0.951056
vn 0.000000 -0.309017 0.951057
vn 0.000000 -0.309017 0.951056
vn 0.000000 -0.309017 0.951057
vn 0.000000 -0.309017 0.951057
vn 0.000000 -0.309017 0.951056
vn 0.000000 -0.309017 0.951057
vn 0.000000 -0.309016 0.951057
vn 0.000000 -0.309017 0.951056
vn 0.000000 -0.309017 0.951056
vn 0.000000 -0.309017 0.951057
vn 0.000000 -0.309017 0.951057
vn 0.000000 -0.309017 0.951057
vn 0.000000 -0.309017 0.951056
vn 0.000000 -0.309017 0.951057
vn 0.000000 -0.309016 0.951057
vn 0.000000 -0.309017 0.951057
vn 0.000000 -0.309017 0.951056
vn 0.000000 -0.309017 0.951056
vn 0.000000 -0.309017 0.951057
vn 0.000000 -0.309017 0.951057
vn 0.000000 -0.309017 0.951057
vn 0.000000 -0.309017 0.951057
vn 0.000000 -0.309017 0.951057
vn 0.000000 -0.309017 0.951057
vn 0.000000 -0.309017 0.951057
vn 0.000000 -0.309017 0.951056
vn 0.000000 -0.309017 0.951056
vn 0.000000 -0.309017 0.951057
vn 0.000000 -0.309017 0.951057
vn 0.000000 -0.309017 0.951057
vn 0.000000 -0.309017 0.951056
vn 0.000000 -0.309017 0.951056
vn 0.000000 -0.309017 0.951057
vn 0.000000 -0.309017 0.951057
vn -0.000000 -0.309017 0.951057
vn -0.000000 -0.309017 0.951057
vn -0.000000 -0.309017 0.951057
vn -0.000000 -0.309016 0.951057
vn -0.000000 -0.309017 0.951057
vn 0.000000 -0.309017 0.951057
vn -0.000000 -0.309017 0.951056
vn -0.000000 -0.309017 0.951057
vn 0.000000 -0.309017 0.951057
vn 0.000000 -0.309017 0.951056
vn -0.000000 -0.309017 0.951057
vn 0.000000 -0.309017 0.951057
vn 0.000000 -0.309017 0.951056
vn 0.000000 -0.309017 0.951056
vn 0.000000 -0.309016 0.951057
vn 0.000000 -0.309016 0.951057
vn 0.000000 -0.309017 0.951057
vn 0.000000 -0.309016 0.951057
vn 0.000000 -0.309017 0.951056
vn 0.000000 -0.309017 0.951056
vn 0.000000 -0.309017 0.951057
vn 0.000000 -0.309017 0.951057
vn 0.000000 -0.309017 0.951057
vn 0.000000 -0.309017 0.951056
vn 0.000000 -0.309017 0.951057
vn 0.000000 0.309018 -0.951056
vn 0.000000 0.309018 -0.951056
vn 0.000000 0.309018 -0.951056
vn 0.000000 0.309018 -0.951056
vn 0.000000 0.309018 -0.951056
vn 0.000000 0.309018 -0.951056
vn 0.000000 0.309018 -0.951056
vn 0.000000 0.309017 -0.951057
vn 0.000000 0.309017 -0.951057
vn 0.000000 0.309016 -0.951057
vn 0.000000 0.309016 -0.951057
vn 0.000000 -0.309017 0.951057
vn 0.000000 -0.309017 0.951057
vn 0.000000 -0.309017 0.951057
vn 0.000000 -0.309017 0.951057
vn 0.000000 -0.309017 0.951057
vn 0.000000 -0.309017 0.951057
vn 0.000000 -0.309017 0.951057
vn 0.000000 0.309017 -0.951057
vn 0.000000 0.309017 -0.951057
vn 0.000000 0.309017 -0.951057
vn 0.000000 0.951056 0.309018
vn 0.000000 0.951054 0.309026
vn 0.000000 0.951054 0.309026
vn 0.000000 0.951056 0.309018
vn 0.000000 -0.951057 -0.309017
vn 0.000000 -0.951057 -0.309015
vn 0.000000 -0.951057 -0.309015
vn 0.000000 -0.951057 -0.309017
vn 0.000000 0.951056 0.309020
vn 0.000000 0.951052 0.309032
vn 0.000000 0.951052 0.309032
vn 0.000000 0.951056 0.309020
vn 0.000000 -0.951057 -0.309014
vn 0.000000 -0.951061 -0.309003
vn 0.000000 -0.951061 -0.309003
vn 0.000000 -0.951057 -0.309014
vn 0.000000 -0.951057 -0.309015
vn 0.000000 -0.951055 -0.309023
vn 0.000000 -0.951058 -0.309011
vn 0.000000 -0.951057 -0.309017
vn 0.000000 0.951053 0.309027
vn 0.000000 0.951051 0.309034
vn 0.000000 0.951056 0.309019
vn 0.000000 0.951056 0.309019
vn -1.000000 0.000001 0.000000
vn -1.000000 0.000001 0.000000
vn -1.000000 0.000000 0.000000
vn -1.000000 0.000001 0.000000
vn 0.000000 0.951056 0.309019
vn 0.000000 0.951053 0.309029
vn 0.000000 0.951053 0.309029
vn 0.000000 0.951056 0.309019
vn 0.000000 -0.951056 -0.309019
vn 0.000000 -0.951054 -0.309023
vn 0.000000 -0.951054 -0.309023
vn 0.000000 -0.951056 -0.309019
vn 1.000000 0.000001 0.000000
vn 1.000000 0.000000 0.000000
vn 1.000000 -0.000000 0.000000
vn 1.000000 -0.000000 0.000000
vn 0.000000 0.951055 0.309022
vn 0.000000 0.951056 0.309020
vn 0.000000 0.951057 0.309017
vn 0.000000 0.951057 0.309017
vn 0.000000 -0.951057 -0.309015
vn 0.000000 -0.951058 -0.309013
vn 0.000000 -0.951057 -0.309015
vn 0.000000 -0.951057 -0.309016
vn 0.000000 -0.309017 0.951057
vn 0.000000 -0.309017 0.951056
vn -0.000000 -0.309017 0.951057
vn -0.000000 -0.309017 0.951057
vn -0.000000 -0.309017 0.951057
vn 0.000000 0.309017 -0.951056
vn -0.000000 0.309017 -0.951056
vn -0.000000 0.309017 -0.951056
vn -0.000000 0.309017 -0.951057
vn -0.000000 0.309017 -0.951057
vn -0.000001 -0.309016 0.951057
vn 0.000001 0.309014 -0.951058
vn 0.000001 -0.309016 0.951057
vn -0.000001 0.309014 -0.951057
vn 0.000002 -0.309017 0.951056
vn 0.000000 0.309019 -0.951056
vn -0.000002 -0.309018 0.951056
vn -0.000000 0.309019 -0.951056
vn -0.994200 -0.033235 0.102288
vn -0.994200 -0.033236 0.102287
vn -0.923878 -0.118258 0.363958
vn -0.923878 -0.118256 0.363958
vn -0.382690 -0.285494 0.878659
vn -0.382687 -0.285493 0.878661
vn -0.051827 -0.308601 0.949778
vn -0.051829 -0.308602 0.949778
vn -0.994200 0.033235 -0.102288
vn -0.994200 0.033235 -0.102287
vn -0.923880 0.118255 -0.363954
vn -0.923879 0.118256 -0.363955
vn -0.382684 0.285494 -0.878662
vn -0.382683 0.285495 -0.878662
vn -0.051827 0.308602 -0.949778
vn -0.051827 0.308602 -0.949778
vn -0.051827 0.308602 -0.949778
vn -0.048069 0.308659 -0.949957
vn -0.382687 0.285494 -0.878660
vn -0.382688 0.285494 -0.878660
vn -0.923880 0.118256 -0.363952
vn -0.923880 0.118256 -0.363951
vn -0.994278 0.033012 -0.101599
vn -0.994200 0.033236 -0.102287
vn 0.000000 0.367823 -0.929896
vn 0.000000 0.367823 -0.929896
vn 0.000000 0.649461 -0.760395
vn 0.000000 0.649460 -0.760396
vn 0.000000 0.996914 -0.078508
vn 0.000000 0.996914 -0.078500
vn 0.000000 0.978776 0.204933
vn 0.000000 0.978776 0.204934
vn 0.994200 0.033235 -0.102288
vn 0.994275 0.033018 -0.101620
vn 0.923878 0.118257 -0.363958
vn 0.923878 0.118258 -0.363958
vn 0.382695 0.285492 -0.878657
vn 0.382696 0.285492 -0.878657
vn 0.046395 0.308684 -0.950033
vn 0.049947 0.308632 -0.949869
vn 0.049945 0.308632 -0.949869
vn 0.049946 0.308631 -0.949870
vn 0.382689 0.285494 -0.878659
vn 0.382683 0.285495 -0.878662
vn 0.923878 0.118258 -0.363957
vn 0.923879 0.118257 -0.363956
vn 0.994199 0.033236 -0.102288
vn 0.994200 0.033235 -0.102287
vn 0.994128 0.033438 -0.102911
vn 0.994278 0.033011 -0.101599
vn 0.923881 0.118255 -0.363950
vn 0.923881 0.118255 -0.363950
vn 0.382688 0.285494 -0.878660
vn 0.382687 0.285494 -0.878660
vn 0.050372 0.308624 -0.949849
vn 0.050713 0.308619 -0.949833
vn 0.000000 0.309017 -0.951057
vn 0.000000 0.309017 -0.951057
vn 0.000000 0.309017 -0.951056
vn 0.000000 0.309017 -0.951057
vn 0.000000 0.309017 -0.951056
vn 0.000000 0.309017 -0.951056
vn -0.043106 0.308730 -0.950172
vn -0.017819 0.307972 -0.951229
vn 0.000001 0.309017 -0.951056
vn -0.051827 0.308602 -0.949778
vn 0.000000 0.309017 -0.951057
vn -0.051826 0.308602 -0.949778
vn -0.051826 0.308602 -0.949778
vn 0.000000 0.309018 -0.951056
vn 0.000000 0.309017 -0.951057
vn 0.000000 0.367823 -0.929896
vn -0.051828 0.308602 -0.949778
vn -0.047573 0.308668 -0.949980
vn 0.000000 0.309017 -0.951056
vn 0.000000 0.309017 -0.951057
vn -0.051828 0.308601 -0.949778
vn 0.000000 0.309017 -0.951057
vn -0.051826 0.308602 -0.949778
vn 0.000000 0.309017 -0.951057
vn -0.000000 0.309017 -0.951057
vn -0.042944 0.308732 -0.950179
vn 0.049945 0.308632 -0.949870
vn 0.049945 0.308631 -0.949870
vn 0.049945 0.308631 -0.949870
vn 0.049945 0.308632 -0.949870
vn 0.049945 0.308631 -0.949870
vn 0.000000 0.309017 -0.951057
vn 0.049946 0.308631 -0.949870
vn 0.045806 0.308693 -0.950058
vn 0.000000 0.367823 -0.929896
vn -0.000000 0.360609 -0.932717
vn 0.000000 0.254255 -0.967137
vn 0.000000 0.246555 -0.969129
vn 0.000000 0.309018 -0.951056
vn -0.000000 0.309017 -0.951056
vn 0.000000 0.367823 -0.929896
vn 0.000000 0.367823 -0.929896
vn 0.000000 0.248108 -0.968732
vn 0.000000 0.245092 -0.969500
vn -0.051827 -0.308600 0.949779
vn 0.000000 -0.309016 0.951057
vn 0.000000 -0.309017 0.951057
vn -0.051826 -0.308602 0.949778
vn 0.000000 -0.309017 0.951057
vn -0.051827 -0.308602 0.949778
vn -0.048069 -0.308660 0.949957
vn 0.000000 -0.309017 0.951056
vn -0.000000 -0.309016 0.951057
vn -0.000000 -0.309016 0.951057
vn -0.017819 -0.309964 0.950581
vn -0.043104 -0.308730 0.950173
vn 0.000000 -0.309017 0.951056
vn 0.000000 -0.309017 0.951056
vn -0.051826 -0.308602 0.949778
vn -0.051827 -0.308601 0.949779
vn 0.000000 -0.309017 0.951057
vn 0.000000 -0.309017 0.951057
vn -0.051827 -0.308601 0.949778
vn -0.000000 -0.309019 0.951056
vn -0.000000 -0.309019 0.951056
vn 0.000000 -0.309019 0.951056
vn -0.051828 -0.308602 0.949778
vn 0.000000 -0.309017 0.951057
vn -0.000000 -0.309017 0.951057
vn -0.048021 -0.308660 0.949959
vn 0.000000 -0.309017 0.951056
vn 0.000000 -0.309017 0.951057
vn -0.042942 -0.308732 0.950179
vn 0.000000 -0.309017 0.951057
vn 0.049945 -0.308632 0.949870
vn 0.046393 -0.308684 0.950033
vn 0.049946 -0.308631 0.949870
vn 0.049945 -0.308631 0.949870
vn 0.049945 -0.308632 0.949870
vn 0.049946 -0.308631 0.949870
vn 0.049946 -0.308631 0.949870
vn 0.049946 -0.308631 0.949870
vn 0.049947 -0.308631 0.949869
vn 0.049947 -0.308632 0.949869
vn 0.046247 -0.308686 0.950039
vn 0.000000 -0.370172 0.928963
vn 0.000000 -0.362772 0.931878
vn 0.050713 -0.308619 0.949833
vn 0.050371 -0.308625 0.949849
vn 0.000000 -0.309016 0.951057
vn 0.000000 -0.309017 0.951057
vn 0.000000 -0.371575 0.928403
vn 0.000000 -0.368684 0.929555
vn -0.994200 -0.033235 0.102287
vn -0.994200 -0.033236 0.102287
vn -0.994200 -0.033235 0.102288
vn -0.994278 -0.033011 0.101600
vn -0.994200 -0.033235 0.102287
vn -0.994200 0.033235 -0.102287
vn -0.994200 -0.033236 0.102287
vn -0.994200 0.033234 -0.102288
vn -0.994200 0.033235 -0.102288
vn -0.994200 -0.033235 0.102287
vn 0.000000 0.912700 0.408630
vn 0.000000 0.912701 0.408629
vn 0.000000 0.978776 0.204933
vn 0.000000 0.912700 0.408629
vn -0.994288 -0.032981 0.101505
vn -0.994288 0.032981 -0.101506
vn -0.994200 0.033235 -0.102287
vn -0.994200 -0.033235 0.102288
vn -0.994200 0.033236 -0.102288
vn -0.994200 0.033235 -0.102287
vn -0.994128 -0.033439 0.102915
vn -0.994128 0.033440 -0.102916
vn -0.994275 0.033018 -0.101620
vn -0.994275 -0.033018 0.101620
vn 0.994275 -0.033019 0.101620
vn 0.994200 -0.033236 0.102287
vn 0.994200 0.033236 -0.102288
vn 0.994200 -0.033235 0.102287
vn 0.994200 0.033235 -0.102287
vn 0.994200 -0.033235 0.102287
vn 0.994200 0.033235 -0.102287
vn 0.994200 -0.033235 0.102287
vn 0.994200 -0.033234 0.102286
vn 0.994200 0.033235 -0.102287
vn 0.994200 0.033235 -0.102288
vn 0.994200 -0.033235 0.102287
vn 0.994200 -0.033235 0.102287
vn 0.994200 -0.033235 0.102288
vn 0.994200 0.033235 -0.102288
vn 0.994200 -0.033235 0.102288
vn 0.994288 0.032981 -0.101506
vn 0.994288 -0.032981 0.101505
vn 0.000000 0.913241 0.407420
vn 0.000000 0.978497 0.206259
vn 0.000000 0.978776 0.204934
vn 0.000000 0.912700 0.408631
vn 0.000000 -0.978774 -0.204941
vn 0.000000 -0.912305 -0.409511
vn 0.000000 -0.912858 -0.408278
vn 0.000000 -0.978497 -0.206263
vn 0.994278 -0.033012 0.101599
vn 0.994128 -0.033438 0.102912
vn 0.000000 0.978775 0.204936
vn 0.000000 0.912700 0.408631
vn 0.000000 0.978775 0.204936
vn 0.000000 0.912700 0.408631
vn 0.000000 -0.978774 -0.204941
vn 0.000000 -0.912307 -0.409507
vn -0.000000 -0.912513 -0.409049
vn -0.000000 -0.978671 -0.205433
vn -0.051826 0.308602 -0.949778
vn 0.000000 0.309017 -0.951056
vn -0.994200 -0.033235 0.102287
vn -0.994200 0.033235 -0.102288
vn 0.000000 -0.309017 0.951057
vn -0.051827 -0.308602 0.949778
vn 0.049945 -0.308631 0.949870
vn 0.994200 0.033235 -0.102287
vn 0.994200 -0.033235 0.102287
vn 0.049945 0.308632 -0.949869
vn -0.382682 -0.285496 0.878662
vn -0.382685 -0.285492 0.878661
vn -0.923880 -0.118257 0.363952
vn -0.923878 -0.118257 0.363957
vn 0.382682 -0.285494 0.878662
vn 0.382685 -0.285493 0.878661
vn 0.923880 -0.118256 0.363952
vn 0.923880 -0.118257 0.363951
vn 0.923878 -0.118257 0.363956
vn 0.382682 -0.285495 0.878662
vn -0.923879 -0.118257 0.363953
vn -0.382688 -0.285492 0.878660
vn 0.382686 -0.285494 0.878661
vn 0.382686 -0.285494 0.878661
vn 0.923880 -0.118255 0.363952
vn 0.923880 -0.118256 0.363952
vn 0.382680 -0.285495 0.878663
vn 0.923881 -0.118257 0.363951
vn 0.923878 -0.118257 0.363957
vn 0.382682 -0.285495 0.878662
vn -0.382682 -0.285496 0.878662
vn -0.923878 -0.118257 0.363957
vn 0.923879 -0.118256 0.363956
vn 0.382685 -0.285495 0.878661
vn 0.923878 -0.118257 0.363957
vn 0.923878 -0.118257 0.363956
vn 0.382689 -0.285494 0.878660
vn 0.382686 -0.285494 0.878661
vn -0.382685 -0.285494 0.878661
vn -0.923879 -0.118256 0.363956
vn -0.382685 -0.285493 0.878661
vn -0.382689 -0.285491 0.878660
vn -0.923878 -0.118257 0.363958
vn -0.923878 -0.118257 0.363957
vn 0.382689 -0.285493 0.878660
vn 0.382685 -0.285494 0.878661
vn 0.923880 -0.118255 0.363953
vn 0.923879 -0.118256 0.363956
vn 0.382690 -0.285493 0.878659
vn 0.923878 -0.118257 0.363958
vn -0.923879 -0.118255 0.363956
vn -0.923880 -0.118255 0.363953
vn -0.382685 -0.285494 0.878661
vn -0.382689 -0.285494 0.878659
vn 0.382687 -0.285494 0.878660
vn 0.923878 -0.118256 0.363958
vn -0.923882 -0.118254 0.363949
vn -0.923881 -0.118254 0.363949
vn -0.382679 -0.285496 0.878663
vn -0.382679 -0.285496 0.878663
vn -0.923879 -0.118256 0.363955
vn -0.382687 -0.285493 0.878660
vn 0.000000 -0.996917 0.078459
vn 0.000000 -0.996917 0.078459
vn 0.000000 -0.649451 0.760404
vn 0.000000 -0.649451 0.760404
vn -0.000001 -0.996918 0.078446
vn 0.000000 -0.996919 0.078444
vn 0.000000 -0.649451 0.760404
vn 0.000000 -0.649451 0.760404
vn 0.000000 0.760441 0.649407
vn 0.000000 0.760435 0.649414
vn -0.382695 0.285493 -0.878657
vn -0.382695 0.285493 -0.878657
vn -0.923878 0.118257 -0.363956
vn -0.923879 0.118257 -0.363956
vn -0.923879 0.118255 -0.363954
vn -0.382683 0.285495 -0.878662
vn -0.923878 0.118256 -0.363956
vn -0.382682 0.285495 -0.878662
vn -0.923878 0.118256 -0.363958
vn -0.923879 0.118256 -0.363954
vn -0.382681 0.285495 -0.878663
vn -0.382682 0.285497 -0.878661
vn 0.000000 0.649461 -0.760395
vn 0.000000 0.996914 -0.078501
vn 0.000000 0.649461 -0.760395
vn 0.000000 0.996914 -0.078508
vn -0.382690 0.285493 -0.878659
vn -0.382690 0.285495 -0.878659
vn -0.923879 0.118255 -0.363955
vn -0.923879 0.118256 -0.363956
vn -0.382689 0.285493 -0.878660
vn -0.923879 0.118256 -0.363956
vn -0.382682 0.285497 -0.878661
vn -0.923878 0.118258 -0.363957
vn 0.382685 0.285495 -0.878661
vn 0.923879 0.118257 -0.363956
vn 0.382683 0.285494 -0.878662
vn 0.923879 0.118255 -0.363954
vn 0.382683 0.285495 -0.878662
vn 0.923879 0.118255 -0.363954
vn 0.382682 0.285496 -0.878662
vn 0.923880 0.118254 -0.363954
vn 0.382683 0.285495 -0.878662
vn 0.382681 0.285493 -0.878663
vn 0.923880 0.118254 -0.363954
vn 0.923877 0.118258 -0.363959
vn 0.382690 0.285494 -0.878659
vn 0.923878 0.118257 -0.363956
vn 0.382691 0.285494 -0.878659
vn 0.923879 0.118257 -0.363956
vn 0.000000 0.996913 -0.078508
vn 0.000000 0.996913 -0.078510
vn 0.000000 0.649461 -0.760395
vn 0.000000 0.649460 -0.760396
vn 0.000000 -0.078443 -0.996919
vn 0.000000 -0.078443 -0.996919
vn 0.000000 -0.760413 -0.649440
vn 0.000000 -0.760413 -0.649440
vn 0.000000 0.996914 -0.078507
vn 0.000000 0.649461 -0.760395
vn 0.000000 -0.078443 -0.996919
vn 0.000000 -0.078443 -0.996919
vn 0.000000 -0.760415 -0.649437
vn 0.000000 -0.760415 -0.649437
vn 0.021256 -0.310049 0.950483
vn 0.000263 -0.331617 0.943414
vn -0.000263 -0.331649 0.943403
vn -0.000000 -0.309016 0.951057
vn 0.021256 0.307844 -0.951199
vn 0.000000 0.309018 -0.951056
vn -0.000263 0.286208 -0.958167
vn 0.000263 0.286241 -0.958158
vn -0.356025 -0.259287 0.897784
vn -0.032334 -0.308153 0.950787
vn -0.013552 -0.304277 0.952487
vn -0.267489 -0.173294 0.947850
vn -0.010028 -0.299514 0.954039
vn -0.199430 -0.108165 0.973924
vn -0.004245 -0.302967 0.952992
vn -0.151633 -0.062883 0.986435
vn -0.147955 -0.059414 0.987208
vn -0.064824 0.018451 0.997726
vn 0.000743 -0.648924 0.760853
vn 0.048955 -0.404249 0.913338
vn 0.105466 -0.568626 0.815808
vn 0.091114 -0.393097 0.914972
vn 0.198756 -0.485586 0.851294
vn 0.101596 -0.353319 0.929970
vn 0.288699 -0.394361 0.872429
vn 0.378830 -0.290267 0.878768
vn -0.378436 -0.290753 0.878777
vn -0.100875 -0.353019 0.930162
vn -0.288695 -0.394363 0.872429
vn -0.090897 -0.392903 0.915077
vn -0.198754 -0.485587 0.851295
vn -0.048816 -0.403987 0.913461
vn -0.105466 -0.568625 0.815808
vn -0.000743 -0.648924 0.760853
vn -0.025523 -0.631127 0.775259
vn -0.000742 -0.350458 0.936578
vn -0.005123 -0.322321 0.946616
vn -0.128091 -0.549513 0.825608
vn -0.010507 -0.318975 0.947705
vn -0.198766 -0.485588 0.851291
vn -0.014025 -0.313855 0.949367
vn -0.267497 -0.416936 0.868683
vn -0.030210 -0.309608 0.950384
vn -0.354255 -0.320049 0.878676
vn -0.022772 -0.633140 0.773703
vn -0.000631 -0.350640 0.936510
vn -0.004385 -0.320407 0.947270
vn -0.128091 -0.549513 0.825608
vn -0.008999 -0.317549 0.948199
vn -0.198766 -0.485587 0.851292
vn -0.012004 -0.313161 0.949624
vn -0.267497 -0.416934 0.868684
vn -0.026979 -0.309531 0.950507
vn -0.354917 -0.319260 0.878696
vn 0.147954 -0.059415 0.987208
vn 0.151631 -0.062884 0.986435
vn 0.004068 -0.303219 0.952912
vn 0.009620 -0.299902 0.953921
vn 0.199429 -0.108165 0.973924
vn 0.013000 -0.304472 0.952433
vn 0.267489 -0.173293 0.947850
vn 0.031064 -0.308194 0.950816
vn 0.356025 -0.259285 0.897785
vn 0.019221 -0.996129 0.085774
vn 0.031801 -0.975666 -0.216944
vn 0.385053 -0.910043 -0.153480
vn 0.318553 -0.927573 0.195274
vn 0.699714 -0.710037 -0.079045
vn 0.610135 -0.736462 0.292161
vn 0.912930 -0.408003 0.009644
vn 0.821830 -0.448928 0.350798
vn 0.994254 -0.071630 0.079547
vn 0.919493 -0.147120 0.364540
vn 0.021387 -0.996014 0.086596
vn 0.035043 -0.975720 -0.216203
vn 0.385051 -0.910044 -0.153481
vn 0.318553 -0.927574 0.195273
vn 0.699715 -0.710036 -0.079045
vn 0.610137 -0.736461 0.292161
vn 0.912930 -0.408003 0.009643
vn 0.821831 -0.448927 0.350797
vn 0.994172 -0.072898 0.079424
vn 0.919337 -0.148058 0.364553
vn 0.378830 0.281694 -0.881554
vn 0.101598 0.260780 -0.960037
vn 0.288696 0.193755 -0.937611
vn 0.091118 0.219781 -0.971285
vn 0.198764 0.107526 -0.974131
vn 0.048958 0.209798 -0.976518
vn 0.105470 0.019481 -0.994232
vn 0.000743 -0.077785 -0.996970
vn -0.917164 0.084435 -0.389461
vn -0.991693 0.011723 -0.128092
vn -0.916531 -0.310048 -0.252668
vn -0.801683 -0.190857 -0.566461
vn -0.698228 -0.615239 -0.366004
vn -0.610132 -0.424075 -0.669252
vn -0.372950 -0.827022 -0.420646
vn -0.356558 -0.614188 -0.704017
vn -0.004090 -0.904859 -0.425691
vn -0.006385 -0.758798 -0.651294
vn -0.020155 -0.755226 -0.655155
vn -0.033205 -0.916676 -0.398248
vn -0.385052 -0.826453 -0.410744
vn -0.318553 -0.635634 -0.703202
vn -0.699713 -0.620896 -0.353399
vn -0.610127 -0.424079 -0.669255
vn -0.912927 -0.324417 -0.247623
vn -0.821827 -0.156998 -0.547679
vn -0.994172 -0.012290 -0.107104
vn -0.919337 0.094499 -0.381955
vn -0.919745 0.145584 -0.364519
vn -0.994387 0.069533 -0.079747
vn -0.912930 0.408002 -0.009645
vn -0.821824 0.448928 -0.350812
vn -0.699716 0.710035 0.079045
vn -0.610132 0.736456 -0.292184
vn -0.385051 0.910045 0.153476
vn -0.318550 0.927567 -0.195309
vn -0.033208 0.975692 0.216618
vn -0.020156 0.996078 -0.086157
vn -0.017468 -0.755938 -0.654410
vn -0.029127 -0.917162 -0.397449
vn -0.385052 -0.826453 -0.410744
vn -0.318553 -0.635634 -0.703202
vn -0.699713 -0.620895 -0.353399
vn -0.610128 -0.424080 -0.669254
vn -0.912929 -0.324414 -0.247623
vn -0.821828 -0.156996 -0.547678
vn -0.994254 -0.011193 -0.106457
vn -0.919492 0.095249 -0.381394
vn 0.019223 0.996125 -0.085826
vn 0.031804 0.975666 0.216941
vn 0.385050 0.910046 0.153471
vn 0.318547 0.927564 -0.195326
vn 0.699716 0.710035 0.079043
vn 0.610128 0.736458 -0.292189
vn 0.912931 0.408001 -0.009644
vn 0.821827 0.448925 -0.350809
vn 0.994387 0.069533 -0.079748
vn 0.919745 0.145586 -0.364519
vn 0.919492 0.095249 -0.381396
vn 0.994254 -0.011193 -0.106457
vn 0.912929 -0.324413 -0.247624
vn 0.821826 -0.156994 -0.547681
vn 0.699712 -0.620896 -0.353399
vn 0.610125 -0.424079 -0.669256
vn 0.385053 -0.826453 -0.410743
vn 0.318555 -0.635635 -0.703201
vn 0.031801 -0.916845 -0.397974
vn 0.019223 -0.755474 -0.654897
vn 0.919338 0.094498 -0.381953
vn 0.994172 -0.012291 -0.107103
vn 0.912928 -0.324415 -0.247624
vn 0.821827 -0.156997 -0.547680
vn 0.699713 -0.620896 -0.353399
vn 0.610126 -0.424081 -0.669255
vn 0.385049 -0.826454 -0.410744
vn 0.318549 -0.635639 -0.703200
vn 0.035044 -0.916452 -0.398607
vn 0.021389 -0.754902 -0.655489
vn -0.000743 -0.077785 -0.996970
vn 0.006385 -0.758798 -0.651294
vn 0.004090 -0.904859 -0.425691
vn 0.000000 0.361029 -0.932555
vn -0.000692 0.347690 -0.937609
vn -0.025525 0.631127 -0.775259
vn 0.000000 0.649457 -0.760399
vn 0.000000 0.996915 -0.078495
vn 0.000000 0.978515 0.206177
vn 0.004090 -0.982261 -0.187476
vn -0.004090 -0.982261 -0.187476
vn -0.991693 -0.065806 0.110519
vn 0.000000 0.913209 0.407492
vn -0.033270 0.916937 0.397642
vn -0.994387 0.009378 0.105388
vn 0.994387 0.009378 0.105388
vn 0.031864 0.917107 0.397366
vn -0.994254 -0.071630 0.079546
vn -0.029127 -0.975614 -0.217554
vn 0.000000 -0.912508 -0.409059
vn 0.000000 -0.978673 -0.205425
vn 0.991778 0.014358 -0.127166
vn 0.991778 -0.063130 0.111319
vn -0.994172 -0.072898 0.079425
vn -0.033205 -0.975691 -0.216622
vn 0.000001 -0.912825 -0.408352
vn 0.000001 -0.978514 -0.206181
vn 0.917822 -0.156906 0.364669
vn -0.006385 -0.996702 0.080894
vn 0.006385 -0.996702 0.080894
vn -0.919336 -0.148057 0.364556
vn 0.000001 -0.996918 0.078450
vn -0.020154 -0.996080 0.086128
vn 0.000000 -0.649451 0.760404
vn 0.000000 -0.364507 0.931201
vn -0.917166 -0.160608 0.364708
vn -0.919493 -0.147119 0.364538
vn 0.000000 -0.996917 0.078459
vn -0.017467 -0.996219 0.085108
vn 0.000000 -0.649451 0.760404
vn 0.000000 -0.367366 0.930077
vn 0.919747 -0.096475 0.380471
vn -0.919747 -0.096474 0.380471
vn 0.029326 -0.309565 0.950426
vn 0.354918 -0.319260 0.878696
vn 0.031791 -0.309631 0.950325
vn 0.354253 -0.320049 0.878677
vn 0.000692 -0.349841 0.936809
vn 0.024587 -0.631813 0.774731
vn 0.000000 0.760443 0.649404
vn 0.020522 0.755158 0.655222
vn 0.000786 -0.349892 0.936790
vn 0.026734 -0.630239 0.775941
vn -0.378444 0.281306 -0.881843
vn -0.030210 0.308141 -0.950861
vn -0.354245 0.257552 -0.898987
vn -0.031111 0.309544 -0.950376
vn -0.356036 0.317937 -0.878723
vn -0.026980 0.308274 -0.950915
vn -0.354912 0.258200 -0.898538
vn 0.029868 0.309529 -0.950421
vn 0.356036 0.317936 -0.878724
vn 0.000661 0.348100 -0.937457
vn 0.024589 0.631821 -0.774725
vn -0.000632 0.266791 -0.963754
vn -0.000000 0.249479 -0.968380
vn 0.000000 -0.078443 -0.996919
vn -0.022774 -0.057436 -0.998089
vn 0.000000 -0.760413 -0.649440
vn 0.000692 0.267614 -0.963526
vn 0.024588 -0.055759 -0.998142
vn 0.354909 0.258198 -0.898540
vn 0.029326 0.308199 -0.950870
vn 0.917822 0.087406 -0.387250
vn -0.000743 0.266980 -0.963702
vn 0.000000 0.252454 -0.967609
vn 0.000000 -0.078443 -0.996919
vn -0.025525 -0.054893 -0.998166
vn 0.000001 -0.760414 -0.649438
vn 0.000786 0.267562 -0.963540
vn 0.026735 -0.053774 -0.998195
vn 0.354242 0.257551 -0.898989
vn 0.031791 0.308088 -0.950827
vn 0.000000 -0.309018 0.951056
vn 0.004779 -0.321427 0.946922
vn 0.009804 -0.318310 0.947936
vn 0.013083 -0.313531 0.949488
vn 0.005401 -0.323039 0.946370
vn 0.011073 -0.319509 0.947518
vn 0.014784 -0.314115 0.949270
vn -0.005124 0.295642 -0.955285
vn -0.010507 0.298988 -0.954199
vn -0.014025 0.304107 -0.952535
vn -0.013020 0.313511 -0.949495
vn -0.009756 0.318268 -0.947951
vn -0.004755 0.321370 -0.946942
vn -0.004386 0.297573 -0.954689
vn -0.009000 0.300431 -0.953761
vn -0.012004 0.304819 -0.952335
vn 0.004559 0.320860 -0.947116
vn 0.009354 0.317888 -0.948082
vn 0.012481 0.313327 -0.949563
vn 0.013081 0.304440 -0.952442
vn 0.009803 0.299661 -0.953995
vn 0.004779 0.296543 -0.955007
vn 0.014783 0.303840 -0.952608
vn 0.011072 0.298447 -0.954362
vn 0.005401 0.294917 -0.955508
vn -0.821829 0.157000 0.547675
vn -0.912930 0.324410 0.247623
vn -0.610137 0.424083 0.669243
vn -0.699718 0.620891 0.353397
vn -0.318641 0.635606 0.703188
vn -0.385076 0.826459 0.410709
vn 0.356567 -0.910697 0.208545
vn 0.372952 -0.916323 -0.145804
vn 0.610136 -0.736460 0.292168
vn 0.698229 -0.712869 -0.065526
vn 0.916530 -0.399350 0.022170
vn 0.801681 -0.487367 0.346093
vn -0.801681 -0.487368 0.346094
vn -0.916530 -0.399350 0.022170
vn -0.610135 -0.736461 0.292167
vn -0.698229 -0.712869 -0.065526
vn -0.372952 -0.916323 -0.145804
vn -0.356566 -0.910697 0.208544
vn -0.318553 -0.927573 0.195274
vn -0.385053 -0.910043 -0.153480
vn -0.610135 -0.736462 0.292162
vn -0.699714 -0.710037 -0.079045
vn -0.912928 -0.408007 0.009644
vn -0.821828 -0.448932 0.350798
vn -0.318553 -0.927574 0.195273
vn -0.385052 -0.910043 -0.153480
vn -0.610136 -0.736461 0.292162
vn -0.699715 -0.710036 -0.079045
vn -0.912929 -0.408004 0.009644
vn -0.821830 -0.448929 0.350798
vn 0.318638 0.635607 0.703188
vn 0.385075 0.826459 0.410709
vn 0.175425 0.703296 0.688913
vn 0.610135 0.424083 0.669245
vn 0.699719 0.620890 0.353398
vn 0.912931 0.324408 0.247623
vn 0.821830 0.156996 0.547675
vn 0.128090 -0.549514 0.825607
vn 0.198763 -0.485587 0.851292
vn 0.267494 -0.416933 0.868685
vn 0.128090 -0.549512 0.825609
vn 0.198763 -0.485587 0.851292
vn 0.267494 -0.416936 0.868684
vn 0.801684 -0.190856 -0.566460
vn 0.916531 -0.310048 -0.252668
vn 0.610133 -0.424074 -0.669252
vn 0.698228 -0.615239 -0.366004
vn 0.372950 -0.827022 -0.420646
vn 0.356559 -0.614187 -0.704017
vn -0.288700 0.193754 -0.937610
vn -0.100879 0.261136 -0.960016
vn -0.198764 0.107526 -0.974131
vn -0.090900 0.220001 -0.971255
vn -0.105470 0.019481 -0.994232
vn -0.048822 0.210083 -0.976464
vn -0.128096 0.040720 -0.990926
vn -0.198755 0.107531 -0.974132
vn -0.267473 0.173294 -0.947854
vn -0.267489 0.416937 -0.868685
vn -0.198754 0.485591 -0.851292
vn -0.128088 0.549514 -0.825607
vn -0.128096 0.040720 -0.990925
vn -0.198754 0.107531 -0.974132
vn -0.267472 0.173294 -0.947854
vn 0.128089 0.549515 -0.825607
vn 0.198754 0.485589 -0.851293
vn 0.267488 0.416934 -0.868686
vn 0.267468 0.173293 -0.947856
vn 0.198750 0.107531 -0.974133
vn 0.128093 0.040719 -0.990926
vn 0.267468 0.173294 -0.947856
vn 0.198750 0.107532 -0.974133
vn 0.128093 0.040720 -0.990926
vn -0.000005 -0.309017 0.951056
vn -0.000008 -0.309017 0.951057
vn -0.000005 -0.309018 0.951056
vn 0.000003 -0.309017 0.951057
vn 0.000001 -0.309018 0.951056
vn 0.000002 -0.309019 0.951056
vn -0.000004 0.309018 -0.951056
vn -0.000003 0.309017 -0.951057
vn -0.000004 0.309014 -0.951057
vn -0.000005 0.309020 -0.951056
vn -0.000001 0.309020 -0.951056
vn 0.000005 0.309015 -0.951057
vn -0.000433 -0.322043 0.946725
vn 0.000433 -0.322043 0.946725
vn 0.011999 -0.647703 0.761799
vn -0.011999 -0.647703 0.761799
vn -0.026045 -0.996427 0.080340
vn 0.026045 -0.996427 0.080340
vn 0.027319 -0.979373 -0.200206
vn -0.027319 -0.979373 -0.200206
vn -0.027319 -0.910009 -0.413687
vn 0.027320 -0.910009 -0.413687
vn 0.026044 -0.758863 -0.650729
vn -0.026044 -0.758863 -0.650729
vn -0.011999 -0.076271 -0.997015
vn 0.011999 -0.076271 -0.997015
vn 0.000433 0.295932 -0.955209
vn -0.000433 0.295932 -0.955209
vn -0.992442 -0.080613 0.092524
vn -0.992442 0.010834 0.122236
vn -0.921580 -0.075667 0.380744
vn -0.921579 -0.162582 0.352505
vn -0.379075 -0.305621 0.873440
vn -0.379074 -0.266144 0.886268
vn -0.022634 -0.307759 0.951195
vn -0.022634 -0.310117 0.950429
vn -0.027319 0.910005 0.413696
vn 0.027319 0.910005 0.413696
vn 0.026044 0.758862 0.650731
vn -0.026044 0.758862 0.650730
vn -0.011999 0.076241 0.997017
vn 0.011999 0.076241 0.997017
vn 0.001064 -0.276735 0.960946
vn -0.001064 -0.276735 0.960946
vn -0.001064 0.340944 -0.940083
vn 0.001064 0.340944 -0.940083
vn 0.011998 0.647700 -0.761801
vn -0.011998 0.647701 -0.761800
vn -0.026044 0.996427 -0.080344
vn 0.026044 0.996427 -0.080342
vn 0.027319 0.979371 0.200214
vn -0.027319 0.979371 0.200214
vn -0.022635 0.307759 -0.951195
vn -0.022635 0.310116 -0.950429
vn -0.379071 0.305621 -0.873442
vn -0.379070 0.266144 -0.886270
vn -0.921579 0.075664 -0.380746
vn -0.921579 0.162582 -0.352504
vn -0.992442 0.080613 -0.092524
vn -0.992442 -0.010833 -0.122238
vn 0.026945 -0.310308 0.950254
vn 0.026945 -0.307502 0.951166
vn 0.379075 -0.266144 0.886267
vn 0.379075 -0.305620 0.873441
vn 0.921579 -0.162582 0.352504
vn 0.921580 -0.075667 0.380743
vn 0.992442 0.010834 0.122236
vn 0.992442 -0.080613 0.092524
vn 0.992442 -0.010834 -0.122238
vn 0.992442 0.080613 -0.092524
vn 0.921579 0.162582 -0.352504
vn 0.921579 0.075664 -0.380745
vn 0.379070 0.266144 -0.886269
vn 0.379072 0.305621 -0.873442
vn 0.026946 0.310307 -0.950254
vn 0.026946 0.307501 -0.951166
vn -0.379989 -0.835845 -0.396197
vn -0.379991 -0.909090 -0.170770
vn -0.917368 -0.398013 -0.004705
vn -0.917367 -0.324765 -0.230142
vn 0.917367 -0.324765 -0.230142
vn 0.917368 -0.398013 -0.004706
vn 0.379991 -0.909090 -0.170770
vn 0.379989 -0.835845 -0.396197
vn -0.917366 0.398017 0.004704
vn -0.917367 0.324770 0.230135
vn -0.379991 0.835846 0.396192
vn -0.379988 0.909091 0.170770
vn 0.379987 0.909091 0.170775
vn 0.379990 0.835844 0.396196
vn 0.917367 0.324769 0.230136
vn 0.917366 0.398016 0.004704
vn -0.067093 -0.371432 0.926033
vn -0.067090 0.243812 -0.967499
vn 0.067093 -0.371431 0.926033
vn 0.067090 0.243812 -0.967499
vn -0.067090 -0.243814 0.967499
vn -0.067091 0.371432 -0.926033
vn 0.067091 -0.243815 0.967498
vn 0.067091 0.371432 -0.926033
vn -0.353560 -0.930034 0.100165
vn -0.252724 -0.528963 0.810141
vn 0.353548 -0.693518 -0.627723
vn 0.252721 0.048249 -0.966335
vn -0.853557 0.218000 0.473199
vn -0.252723 -0.048254 0.966335
vn 0.353559 0.693525 0.627710
vn 0.252725 -0.048255 0.966334
vn -0.353550 0.930036 -0.100181
vn -0.252719 0.528958 -0.810146
vn -0.853552 -0.217996 -0.473210
vn -0.252723 0.048249 -0.966335
vn 0.853554 -0.454505 0.254696
vn 0.252723 -0.528960 0.810143
vn 0.853551 0.454507 -0.254703
vn 0.252718 0.528957 -0.810147
vn -0.853553 -0.454506 0.254700
vn -0.353548 -0.693518 -0.627723
vn 0.353559 -0.930034 0.100165
vn 0.853552 -0.217995 -0.473210
vn -0.353563 0.693532 0.627699
vn -0.853550 0.454509 -0.254703
vn 0.853556 0.217999 0.473200
vn 0.353550 0.930037 -0.100163
vn 0.049945 0.308631 -0.949870
vn 0.382681 0.285493 -0.878663
vn 0.923880 0.118254 -0.363953
vn 0.994200 0.033235 -0.102287
vn 0.994200 -0.033234 0.102286
vn 0.923878 -0.118257 0.363956
vn 0.382689 -0.285494 0.878660
vn 0.049946 -0.308631 0.949870
vn 0.000000 -0.309017 0.951057
vn 0.000000 -0.309017 0.951057
vn 0.000000 -0.309017 0.951057
vn 0.000000 -0.309017 0.951057
vn 0.000000 -0.309017 0.951057
vn 0.000000 -0.309017 0.951057
vn 0.000000 -0.309017 0.951057
vn 0.000000 -0.309017 0.951056
vn -0.051828 -0.308601 0.949778
vn -0.382689 -0.285491 0.878660
vn -0.923878 -0.118257 0.363958
vn -0.994200 -0.033235 0.102287
vn -0.994200 0.033235 -0.102288
vn -0.923879 0.118256 -0.363955
vn -0.382681 0.285495 -0.878663
vn -0.051826 0.308602 -0.949778
vn 0.000000 0.309017 -0.951057
vn 1.000000 -0.000000 0.000000
vn 1.000000 0.000003 0.000000
vn 1.000000 0.000001 0.000000
vn 1.000000 -0.000000 0.000000
vn -1.000000 -0.000001 0.000000
vn -1.000000 -0.000002 0.000000
vn -1.000000 0.000001 0.000000
vn -1.000000 0.000001 0.000000
vn 0.000000 0.309017 -0.951057
vn 0.000000 -0.951059 -0.309008
vn 0.000000 -0.951056 -0.309018
vn 0.000000 0.951056 0.309019
vn 0.000000 0.951054 0.309025
vn 0.000000 -0.951055 -0.309023
vn 0.000000 -0.951056 -0.309018
vn 0.000000 0.951056 0.309018
vn 0.000000 0.951053 0.309029
vn 1.000000 0.000000 0.000000
vn 1.000000 0.000000 0.000000
vn 0.000000 0.951058 0.309013
vn 0.000000 0.951057 0.309016
vn 0.000000 0.951057 0.309017
vn 0.000000 0.951058 0.309013
vn 0.000000 0.951058 0.309013
vn 0.000000 0.951057 0.309014
vn 0.000000 0.951057 0.309014
vn 0.000000 0.951057 0.309015
vn 0.000000 0.951057 0.309015
vn 0.000000 0.951057 0.309015
vn 0.000000 0.951057 0.309015
vn 0.000000 0.951057 0.309014
vn -1.000000 -0.000001 0.000000
vn -1.000000 0.000001 0.000000
vn -1.000000 0.000001 0.000000
vn -1.000000 0.000002 0.000000
vn 0.000000 -0.951058 -0.309014
vn 0.000000 -0.951057 -0.309014
vn 0.000000 -0.951057 -0.309014
vn 0.000000 -0.951057 -0.309016
vn 0.000000 -0.951057 -0.309016
vn 0.000000 -0.951056 -0.309018
vn 0.000000 -0.951056 -0.309018
vn 0.000000 -0.951057 -0.309015
vn 0.000000 -0.951057 -0.309015
vn 0.000000 -0.951057 -0.309015
vn 0.000000 -0.951057 -0.309015
vn 0.000000 -0.951058 -0.309013
vn 1.000000 0.000001 0.000000
vn 1.000000 0.000000 0.000000
vn 1.000000 0.000001 0.000000
vn 1.000000 0.000000 0.000000
vn 0.000000 0.951059 0.309008
vn 0.000000 0.951057 0.309016
vn 0.000000 0.951056 0.309019
vn 0.000000 0.951061 0.309004
vn 0.000000 0.951061 0.309004
vn 0.000000 0.951060 0.309008
vn 0.000000 0.951060 0.309008
vn 0.000000 0.951058 0.309012
vn 0.000000 0.951058 0.309012
vn 0.000000 0.951060 0.309008
vn 0.000000 0.951059 0.309009
vn 0.000000 0.951057 0.309015
vn -1.000000 0.000000 0.000000
vn -1.000000 0.000000 0.000000
vn -1.000000 0.000000 0.000000
vn -1.000000 0.000002 0.000000
vn 0.000000 -0.951056 -0.309019
vn 0.000000 -0.951063 -0.308997
vn 0.000000 -0.951065 -0.308991
vn 0.000000 -0.951059 -0.309010
vn 0.000000 -0.951059 -0.309010
vn 0.000000 -0.951056 -0.309018
vn 0.000000 -0.951056 -0.309018
vn 0.000000 -0.951059 -0.309009
vn 0.000000 -0.951059 -0.309009
vn 0.000000 -0.951058 -0.309013
vn 0.000000 -0.951058 -0.309011
vn 0.000000 -0.951061 -0.309004
vn 1.000000 0.000000 0.000000
vn 1.000000 0.000000 0.000000
vn 0.000000 0.309017 -0.951057
vn 0.000000 0.309017 -0.951057
vn 0.000000 0.309017 -0.951057
vn 0.000000 0.309017 -0.951057
vn 0.000000 0.309017 -0.951057
vn 0.000000 0.309017 -0.951057
vn 0.000000 0.309017 -0.951057
vn 0.000000 0.309017 -0.951057
vn 0.000000 0.309017 -0.951057
vn 0.000000 0.309017 -0.951057
vn 0.000000 0.309018 -0.951056
vn -0.000000 0.309017 -0.951057
vn 0.000000 0.309018 -0.951056
vn 0.000000 0.309017 -0.951057
vn -0.000000 0.309017 -0.951057
vn 0.000000 0.309017 -0.951056
vn 0.000000 0.309017 -0.951056
vn -0.000000 0.309017 -0.951057
vn 0.000000 0.309017 -0.951057
vn 0.000000 0.309017 -0.951057
vn 0.000000 0.309017 -0.951057
vn 0.000000 0.309017 -0.951057
vn 0.000000 0.309017 -0.951057
vn 0.000000 0.309017 -0.951056
vn 0.000000 0.309017 -0.951057
vn 0.000000 0.309017 -0.951057
vn 0.000000 0.309017 -0.951057
vn 0.000000 0.309017 -0.951057
vn -0.000000 0.309018 -0.951056
vn 0.000001 0.309017 -0.951057
vn 0.000001 0.309017 -0.951057
vn 0.000000 0.309017 -0.951057
vn 0.000000 -0.309018 0.951056
vn 0.000000 -0.309018 0.951056
vn 0.000000 -0.309018 0.951056
vn 0.000000 0.760441 0.649407
vn 0.000000 0.760436 0.649414
vn 0.000000 0.760439 0.649410
vn 0.000000 0.760438 0.649410
vn 0.064826 0.018449 0.997726
vn 0.000000 0.760439 0.649409
vn -0.021509 0.754889 0.655500
vn -0.000000 -0.309018 0.951056
vn -0.175424 0.703295 0.688915
vn 0.000000 0.309017 -0.951057
vn 0.000000 0.309017 -0.951057
vn 0.000000 0.309017 -0.951057
vn 0.000000 0.309017 -0.951057
vn 0.000000 0.309017 -0.951056
vn 0.000000 0.309017 -0.951057
vn 0.000000 0.309017 -0.951057
vn 0.000000 0.309017 -0.951057
vn 0.000000 0.309017 -0.951057
vn 0.000000 0.309017 -0.951056
vn 0.000000 0.309017 -0.951057
vn 0.000000 0.309017 -0.951057
vn 0.000000 0.309017 -0.951057
vn 0.000000 0.309017 -0.951057
vn 0.000000 0.309021 -0.951055
vn 0.000000 0.309022 -0.951055
vn 0.000000 0.309017 -0.951057
vn 0.000000 0.309017 -0.951057
vn 0.000000 0.309017 -0.951057
vn 0.000000 0.309017 -0.951057
vn 0.000000 0.309022 -0.951055
vn 0.000000 0.309022 -0.951055
vn 0.000000 0.309017 -0.951057
vn 0.000000 0.309022 -0.951055
vn 0.000000 0.309021 -0.951055
vn 0.000000 0.309017 -0.951057
vn 0.000000 0.309021 -0.951055
vn 0.000000 0.309017 -0.951057
vn 0.000000 0.309017 -0.951057
vn 0.000000 0.309017 -0.951057
vn 0.000000 0.309022 -0.951055
vn 0.000000 0.309017 -0.951057
s 1
g Safety_signal
usemtl lambert3SG
f 2/1/1 1/361/2 45/400/3 44/237/4
s 2
f 1/362/5 6/238/6 46/8/7 45/399/8
f 4/2/9 3/363/10 11/370/11 10/234/12
s 1
f 3/364/13 2/1/1 12/3/14 11/369/15
s 2
f 6/238/6 5/365/16 15/373/17 14/239/18
f 5/365/16 4/2/9 16/5/19 15/373/17
s 4
f 8/4/20 7/366/21 53/408/22 52/13/23
s 1
f 7/367/24 12/3/14 54/15/25 53/407/26
s 2
f 10/234/12 9/368/27 23/378/28 22/6/29
s 4
f 9/368/30 8/4/20 24/7/31 23/378/32
s 2
f 14/239/18 13/371/33 29/384/34 28/240/35
s 5
f 13/372/36 18/235/37 30/10/38 29/383/39
f 18/235/37 17/374/40 21/377/41 20/236/42
s 2
f 17/374/43 16/5/19 22/6/29 21/377/44
s 5
f 20/236/42 19/375/45 37/392/46 36/11/47
s 4
f 19/376/48 24/7/31 38/12/49 37/391/50
s 6
f 26/9/51 25/379/52 69/422/53 74/19/54
s 5
f 25/380/55 32/242/56 70/25/57 69/421/58
s 2
f 28/240/35 27/381/59 47/402/60 46/8/7
s 6
f 27/382/61 26/9/51 48/14/62 47/401/63
s 5
f 32/242/56 31/385/64 35/390/65 34/243/66
f 31/386/64 30/10/38 36/11/47 35/389/65
f 34/243/66 33/387/67 75/426/68 80/26/69
s 8
f 33/388/70 40/246/71 76/22/72 75/425/73
f 40/246/71 39/393/74 51/406/75 50/247/76
s 4
f 39/394/77 38/12/49 52/13/23 51/405/78
s 1
f 42/16/79 41/395/80 57/412/81 62/244/82
s 6
f 41/396/83 48/14/62 58/18/84 57/411/85
s 1
f 44/237/4 43/397/86 55/410/87 54/15/25
f 43/398/86 42/16/79 56/17/88 55/409/87
s 8
f 50/247/76 49/403/89 63/417/90 68/245/91
s 1
f 49/404/92 56/17/88 64/20/93 63/416/94
s 6
f 60/21/95 59/413/96 73/424/97 72/241/98
f 59/413/96 58/18/84 74/19/54 73/424/97
s 1
f 62/244/82 61/414/99 65/419/100 64/20/93
s 6
f 61/415/101 60/21/95 66/23/102 65/418/103
s 8
f 68/245/91 67/420/104 77/427/105 76/22/72
s 6
f 67/420/106 66/23/102 78/24/107 77/427/108
f 72/241/98 71/423/109 79/428/110 78/24/107
s 5
f 71/423/111 70/25/57 80/26/69 79/428/112
s 13
f 82/27/113 81/429/114 125/468/115 124/251/116
s 14
f 81/430/117 86/252/118 126/34/119 125/467/120
f 84/28/121 83/431/122 91/438/123 90/248/124
s 13
f 83/432/125 82/27/113 92/29/126 91/437/127
s 14
f 86/252/118 85/433/128 95/441/129 94/253/130
f 85/433/128 84/28/121 96/31/131 95/441/129
s 16
f 88/30/132 87/434/133 133/476/134 132/39/135
s 13
f 87/435/136 92/29/126 134/41/137 133/475/138
s 14
f 90/248/124 89/436/139 103/446/140 102/32/141
s 16
f 89/436/142 88/30/132 104/33/143 103/446/144
s 14
f 94/253/130 93/439/145 109/452/146 108/254/147
s 17
f 93/440/148 98/249/149 110/36/150 109/451/151
f 98/249/149 97/442/152 101/445/153 100/250/154
s 14
f 97/442/155 96/31/131 102/32/141 101/445/156
s 17
f 100/250/154 99/443/157 117/460/158 116/37/159
s 16
f 99/444/160 104/33/143 118/38/161 117/459/162
s 18
f 106/35/163 105/447/164 389/680/165 394/120/166
s 17
f 105/448/167 112/301/168 390/126/169 389/679/170
s 14
f 108/254/147 107/449/171 127/470/172 126/34/119
s 18
f 107/450/173 106/35/163 128/40/174 127/469/175
s 17
f 112/301/168 111/453/176 115/458/177 114/302/178
f 111/454/176 110/36/150 116/37/159 115/457/177
f 114/302/178 113/455/179 395/684/180 400/127/181
s 20
f 113/456/182 120/305/183 396/123/184 395/683/185
f 120/305/183 119/461/186 131/474/187 130/306/188
s 16
f 119/462/189 118/38/161 132/39/135 131/473/190
s 13
f 122/42/191 121/463/192 377/670/193 382/303/194
s 18
f 121/464/195 128/40/174 378/119/196 377/669/197
s 13
f 124/251/116 123/465/198 135/478/199 134/41/137
f 123/466/198 122/42/191 136/43/200 135/477/199
s 20
f 130/306/188 129/471/201 383/675/202 388/304/203
s 13
f 129/472/204 136/43/200 384/121/205 383/674/206
s 24
f 138/44/207 137/479/208 173/508/209 178/260/210
s 25
f 137/480/211 142/261/212 174/51/213 173/507/214
s 26
f 140/45/215 139/481/216 147/488/217 146/255/218
s 24
f 139/482/219 138/44/207 148/46/220 147/487/221
s off
f 142/261/222 141/483/223 151/491/224 150/262/225
f 141/483/226 140/45/227 152/48/228 151/491/229
s 26
f 144/47/230 143/484/231 179/513/232 184/55/233
s 24
f 143/485/234 148/46/220 180/56/235 179/512/236
s 26
f 146/255/218 145/486/237 159/496/238 158/49/239
f 145/486/237 144/47/230 160/50/240 159/496/238
s 25
f 150/262/241 149/489/242 163/500/243 162/263/244
s 29
f 149/490/245 154/256/246 164/52/247 163/499/248
f 154/256/246 153/492/249 157/495/250 156/257/251
s 26
f 153/492/252 152/48/253 158/49/239 157/495/254
s 29
f 156/257/251 155/493/255 171/506/256 170/53/257
s 26
f 155/494/258 160/50/240 172/54/259 171/505/260
s 25
f 162/263/244 161/497/261 175/510/262 174/51/213
s 26
f 161/498/263 166/258/264 176/57/265 175/509/266
f 166/258/264 165/501/267 169/504/268 168/259/269
s 29
f 165/501/270 164/52/247 170/53/257 169/504/271
s 26
f 168/259/269 167/502/272 183/516/273 182/58/274
f 167/503/272 172/54/259 184/55/233 183/515/273
s 24
f 178/260/210 177/511/275 181/514/276 180/56/235
s 26
f 177/511/277 176/57/265 182/58/274 181/514/278
s 31
f 186/59/279 185/517/280 221/546/281 226/269/282
s 32
f 185/518/283 190/270/284 222/66/285 221/545/286
s 33
f 188/60/287 187/519/288 195/526/289 194/264/290
s 31
f 187/520/291 186/59/279 196/61/292 195/525/293
s off
f 190/270/294 189/521/295 199/529/296 198/271/297
f 189/521/298 188/60/299 200/63/300 199/529/301
s 33
f 192/62/302 191/522/303 227/551/304 232/70/305
s 31
f 191/523/306 196/61/292 228/71/307 227/550/308
s 33
f 194/264/290 193/524/309 207/534/310 206/64/311
f 193/524/309 192/62/302 208/65/312 207/534/310
s 32
f 198/271/313 197/527/314 211/538/315 210/272/316
s 36
f 197/528/317 202/265/318 212/67/319 211/537/320
f 202/265/318 201/530/321 205/533/322 204/266/323
s 33
f 201/530/324 200/63/325 206/64/311 205/533/326
s 36
f 204/266/323 203/531/327 219/544/328 218/68/329
s 33
f 203/532/330 208/65/312 220/69/331 219/543/332
s 32
f 210/272/316 209/535/333 223/548/334 222/66/285
s 33
f 209/536/335 214/267/336 224/72/337 223/547/338
f 214/267/336 213/539/339 217/542/340 216/268/341
s 36
f 213/539/342 212/67/319 218/68/329 217/542/343
s 33
f 216/268/341 215/540/344 231/554/345 230/73/346
f 215/541/344 220/69/331 232/70/305 231/553/345
s 31
f 226/269/282 225/549/347 229/552/348 228/71/307
s 33
f 225/549/349 224/72/337 230/73/346 229/552/350
s 38
f 234/74/351 233/555/352 269/584/353 274/278/354
s 39
f 233/556/355 238/279/356 270/81/357 269/583/358
s 40
f 236/75/359 235/557/360 243/564/361 242/273/362
s 38
f 235/558/363 234/74/351 244/76/364 243/563/365
s off
f 238/279/366 237/559/367 247/567/368 246/280/369
f 237/559/370 236/75/371 248/78/372 247/567/373
s 40
f 240/77/374 239/560/375 275/589/376 280/85/377
s 38
f 239/561/378 244/76/364 276/86/379 275/588/380
s 40
f 242/273/362 241/562/381 255/572/382 254/79/383
f 241/562/381 240/77/374 256/80/384 255/572/382
s 39
f 246/280/385 245/565/386 259/576/387 258/281/388
s 43
f 245/566/389 250/274/390 260/82/391 259/575/392
f 250/274/390 249/568/393 253/571/394 252/275/395
s 40
f 249/568/396 248/78/397 254/79/383 253/571/398
s 43
f 252/275/395 251/569/399 267/582/400 266/83/401
s 40
f 251/570/402 256/80/384 268/84/403 267/581/404
s 39
f 258/281/388 257/573/405 271/586/406 270/81/357
s 40
f 257/574/407 262/276/408 272/87/409 271/585/410
f 262/276/408 261/577/411 265/580/412 264/277/413
s 43
f 261/577/414 260/82/391 266/83/401 265/580/415
s 40
f 264/277/413 263/578/416 279/592/417 278/88/418
f 263/579/416 268/84/403 280/85/377 279/591/417
s 38
f 274/278/354 273/587/419 277/590/420 276/86/379
s 40
f 273/587/421 272/87/409 278/88/418 277/590/422
s 45
f 282/89/423 281/593/424 317/622/425 322/287/426
s 46
f 281/594/427 286/288/428 318/96/429 317/621/430
s 47
f 284/90/431 283/595/432 291/602/433 290/282/434
s 45
f 283/596/435 282/89/423 292/91/436 291/601/437
s off
f 286/288/438 285/597/439 295/605/440 294/289/441
f 285/597/442 284/90/443 296/93/444 295/605/445
s 47
f 288/92/446 287/598/447 323/627/448 328/100/449
s 45
f 287/599/450 292/91/436 324/101/451 323/626/452
s 47
f 290/282/434 289/600/453 303/610/454 302/94/455
f 289/600/453 288/92/446 304/95/456 303/610/454
s 46
f 294/289/457 293/603/458 307/614/459 306/290/460
s 50
f 293/604/461 298/283/462 308/97/463 307/613/464
f 298/283/462 297/606/465 301/609/466 300/284/467
s 47
f 297/606/468 296/93/469 302/94/455 301/609/470
s 50
f 300/284/467 299/607/471 315/620/472 314/98/473
s 47
f 299/608/474 304/95/456 316/99/475 315/619/476
s 46
f 306/290/460 305/611/477 319/624/478 318/96/429
s 47
f 305/612/479 310/285/480 320/102/481 319/623/482
f 310/285/480 309/615/483 313/618/484 312/286/485
s 50
f 309/615/486 308/97/463 314/98/473 313/618/487
s 47
f 312/286/485 311/616/488 327/630/489 326/103/490
f 311/617/488 316/99/475 328/100/449 327/629/489
s 45
f 322/287/426 321/625/491 325/628/492 324/101/451
s 47
f 321/625/493 320/102/481 326/103/490 325/628/494
s 52
f 330/104/495 329/631/496 365/660/497 370/296/498
s 53
f 329/632/499 334/297/500 366/111/501 365/659/502
s 54
f 332/105/503 331/633/504 339/640/505 338/291/506
s 52
f 331/634/507 330/104/495 340/106/508 339/639/509
s off
f 334/297/510 333/635/511 343/643/512 342/298/513
f 333/635/514 332/105/515 344/108/516 343/643/517
s 54
f 336/107/518 335/636/519 371/665/520 376/115/521
s 52
f 335/637/522 340/106/508 372/116/523 371/664/524
s 54
f 338/291/506 337/638/525 351/648/526 350/109/527
f 337/638/525 336/107/518 352/110/528 351/648/526
s 53
f 342/298/529 341/641/530 355/652/531 354/299/532
s 57
f 341/642/533 346/292/534 356/112/535 355/651/536
f 346/292/534 345/644/537 349/647/538 348/293/539
s 54
f 345/644/540 344/108/541 350/109/527 349/647/542
s 57
f 348/293/539 347/645/543 363/658/544 362/113/545
s 54
f 347/646/546 352/110/528 364/114/547 363/657/548
s 53
f 354/299/532 353/649/549 367/662/550 366/111/501
s 54
f 353/650/551 358/294/552 368/117/553 367/661/554
f 358/294/552 357/653/555 361/656/556 360/295/557
s 57
f 357/653/558 356/112/535 362/113/545 361/656/559
s 54
f 360/295/557 359/654/560 375/668/561 374/118/562
f 359/655/560 364/114/547 376/115/521 375/667/561
s 52
f 370/296/498 369/663/563 373/666/564 372/116/523
s 54
f 369/663/565 368/117/553 374/118/562 373/666/566
s 18
f 380/122/567 379/671/568 393/682/569 392/300/570
f 379/671/568 378/119/196 394/120/166 393/682/569
s 13
f 382/303/194 381/672/571 385/677/572 384/121/205
s 18
f 381/673/573 380/122/567 386/124/574 385/676/575
s 20
f 388/304/203 387/678/576 397/685/577 396/123/184
s 18
f 387/678/578 386/124/574 398/125/579 397/685/580
f 392/300/570 391/681/581 399/686/582 398/125/579
s 17
f 391/681/583 390/126/169 400/127/181 399/686/584
s 60
f 402/128/585 401/687/586 437/716/587 442/136/588
s 61
f 401/688/589 406/310/590 438/142/591 437/715/592
s off
f 404/129/593 403/689/594 417/700/595 416/307/596
f 403/689/597 402/128/598 418/131/599 417/700/600
s 61
f 406/310/590 405/690/601 409/695/602 408/311/603
s 62
f 405/691/604 404/129/605 410/130/606 409/694/607
s 61
f 408/311/603 407/692/608 443/721/609 448/143/610
s 62
f 407/693/611 412/312/612 444/139/613 443/720/614
f 412/312/612 411/696/615 421/703/616 420/313/617
f 411/696/615 410/130/606 422/132/618 421/703/616
s 64
f 414/133/619 413/697/620 429/709/621 428/308/622
s 60
f 413/698/623 418/131/624 430/135/625 429/708/626
s 62
f 416/307/627 415/699/628 423/704/629 422/132/618
s 64
f 415/699/630 414/133/619 424/134/631 423/704/632
s 62
f 420/313/617 419/701/633 433/713/634 432/314/635
s 64
f 419/702/636 424/134/631 434/137/637 433/712/638
s 62
f 426/138/639 425/705/640 441/719/641 440/309/642
s 60
f 425/706/643 430/135/625 442/136/588 441/718/644
s 64
f 428/308/622 427/707/645 435/714/646 434/137/637
s 62
f 427/707/647 426/138/639 436/140/648 435/714/649
f 432/314/635 431/710/650 445/723/651 444/139/613
f 431/711/650 436/140/648 446/141/652 445/722/651
f 440/309/642 439/717/653 447/724/654 446/141/652
s 61
f 439/717/655 438/142/591 448/143/610 447/724/656
s 68
f 450/144/657 449/725/658 485/754/659 490/152/660
s 69
f 449/726/661 454/318/662 486/158/663 485/753/664
s off
f 452/145/665 451/727/666 465/738/667 464/315/668
f 451/727/669 450/144/670 466/147/671 465/738/672
s 69
f 454/318/662 453/728/673 457/733/674 456/319/675
s 70
f 453/729/676 452/145/677 458/146/678 457/732/679
s 69
f 456/319/675 455/730/680 491/759/681 496/159/682
s 70
f 455/731/683 460/320/684 492/155/685 491/758/686
f 460/320/684 459/734/687 469/741/688 468/321/689
f 459/734/687 458/146/678 470/148/690 469/741/688
s 72
f 462/149/691 461/735/692 477/747/693 476/316/694
s 68
f 461/736/695 466/147/696 478/151/697 477/746/698
s 70
f 464/315/699 463/737/700 471/742/701 470/148/690
s 72
f 463/737/702 462/149/691 472/150/703 471/742/704
s 70
f 468/321/689 467/739/705 481/751/706 480/322/707
s 72
f 467/740/708 472/150/703 482/153/709 481/750/710
s 70
f 474/154/711 473/743/712 489/757/713 488/317/714
s 68
f 473/744/715 478/151/697 490/152/660 489/756/716
s 72
f 476/316/694 475/745/717 483/752/718 482/153/709
s 70
f 475/745/719 474/154/711 484/156/720 483/752/721
f 480/322/707 479/748/722 493/761/723 492/155/685
f 479/749/722 484/156/720 494/157/724 493/760/723
f 488/317/714 487/755/725 495/762/726 494/157/724
s 69
f 487/755/727 486/158/663 496/159/682 495/762/728
s 76
f 498/160/729 497/763/730 533/792/731 538/168/732
s 77
f 497/764/733 502/326/734 534/174/735 533/791/736
s off
f 500/161/737 499/765/738 513/776/739 512/323/740
f 499/765/741 498/160/742 514/163/743 513/776/744
s 77
f 502/326/734 501/766/745 505/771/746 504/327/747
s 78
f 501/767/748 500/161/749 506/162/750 505/770/751
s 77
f 504/327/747 503/768/752 539/797/753 544/175/754
s 78
f 503/769/755 508/328/756 540/171/757 539/796/758
f 508/328/756 507/772/759 517/779/760 516/329/761
f 507/772/759 506/162/750 518/164/762 517/779/760
s 80
f 510/165/763 509/773/764 525/785/765 524/324/766
s 76
f 509/774/767 514/163/768 526/167/769 525/784/770
s 78
f 512/323/771 511/775/772 519/780/773 518/164/762
s 80
f 511/775/774 510/165/763 520/166/775 519/780/776
s 78
f 516/329/761 515/777/777 529/789/778 528/330/779
s 80
f 515/778/780 520/166/775 530/169/781 529/788/782
s 78
f 522/170/783 521/781/784 537/795/785 536/325/786
s 76
f 521/782/787 526/167/769 538/168/732 537/794/788
s 80
f 524/324/766 523/783/789 531/790/790 530/169/781
s 78
f 523/783/791 522/170/783 532/172/792 531/790/793
f 528/330/779 527/786/794 541/799/795 540/171/757
f 527/787/794 532/172/792 542/173/796 541/798/795
f 536/325/786 535/793/797 543/800/798 542/173/796
s 77
f 535/793/799 534/174/735 544/175/754 543/800/800
s 84
f 546/176/801 545/801/802 581/830/803 586/184/804
s 85
f 545/802/805 550/334/806 582/190/807 581/829/808
s off
f 548/177/809 547/803/810 561/814/811 560/331/812
f 547/803/813 546/176/814 562/179/815 561/814/816
s 85
f 550/334/806 549/804/817 553/809/818 552/335/819
s 86
f 549/805/820 548/177/821 554/178/822 553/808/823
s 85
f 552/335/819 551/806/824 587/835/825 592/191/826
s 86
f 551/807/827 556/336/828 588/187/829 587/834/830
f 556/336/828 555/810/831 565/817/832 564/337/833
f 555/810/831 554/178/822 566/180/834 565/817/832
s 88
f 558/181/835 557/811/836 573/823/837 572/332/838
s 84
f 557/812/839 562/179/840 574/183/841 573/822/842
s 86
f 560/331/843 559/813/844 567/818/845 566/180/834
s 88
f 559/813/846 558/181/835 568/182/847 567/818/848
s 86
f 564/337/833 563/815/849 577/827/850 576/338/851
s 88
f 563/816/852 568/182/847 578/185/853 577/826/854
s 86
f 570/186/855 569/819/856 585/833/857 584/333/858
s 84
f 569/820/859 574/183/841 586/184/804 585/832/860
s 88
f 572/332/838 571/821/861 579/828/862 578/185/853
s 86
f 571/821/863 570/186/855 580/188/864 579/828/865
f 576/338/851 575/824/866 589/837/867 588/187/829
f 575/825/866 580/188/864 590/189/868 589/836/867
f 584/333/858 583/831/869 591/838/870 590/189/868
s 85
f 583/831/871 582/190/807 592/191/826 591/838/872
s 92
f 594/192/873 593/839/874 629/868/875 634/200/876
s 93
f 593/840/877 598/342/878 630/206/879 629/867/880
s off
f 596/193/881 595/841/882 609/852/883 608/339/884
f 595/841/885 594/192/886 610/195/887 609/852/888
s 93
f 598/342/878 597/842/889 601/847/890 600/343/891
s 94
f 597/843/892 596/193/893 602/194/894 601/846/895
s 93
f 600/343/891 599/844/896 635/873/897 640/207/898
s 94
f 599/845/899 604/344/900 636/203/901 635/872/902
f 604/344/900 603/848/903 613/855/904 612/345/905
f 603/848/903 602/194/894 614/196/906 613/855/904
s 96
f 606/197/907 605/849/908 621/861/909 620/340/910
s 92
f 605/850/911 610/195/912 622/199/913 621/860/914
s 94
f 608/339/915 607/851/916 615/856/917 614/196/906
s 96
f 607/851/918 606/197/907 616/198/919 615/856/920
s 94
f 612/345/905 611/853/921 625/865/922 624/346/923
s 96
f 611/854/924 616/198/919 626/201/925 625/864/926
s 94
f 618/202/927 617/857/928 633/871/929 632/341/930
s 92
f 617/858/931 622/199/913 634/200/876 633/870/932
s 96
f 620/340/910 619/859/933 627/866/934 626/201/925
s 94
f 619/859/935 618/202/927 628/204/936 627/866/937
f 624/346/923 623/862/938 637/875/939 636/203/901
f 623/863/938 628/204/936 638/205/940 637/874/939
f 632/341/930 631/869/941 639/876/942 638/205/940
s 93
f 631/869/943 630/206/879 640/207/898 639/876/944
s 100
f 642/208/945 641/877/946 685/916/947 684/350/948
s 101
f 641/878/949 646/351/950 686/215/951 685/915/952
f 644/209/953 643/879/954 651/886/955 650/347/956
s 100
f 643/880/957 642/208/945 652/210/958 651/885/959
s 101
f 646/351/950 645/881/960 655/889/961 654/352/962
f 645/881/960 644/209/953 656/212/963 655/889/961
s 103
f 648/211/964 647/882/965 693/924/966 692/220/967
s 100
f 647/883/968 652/210/958 694/222/969 693/923/970
s 101
f 650/347/956 649/884/971 663/894/972 662/213/973
s 103
f 649/884/974 648/211/964 664/214/975 663/894/976
s 101
f 654/352/962 653/887/977 669/900/978 668/353/979
s 104
f 653/888/980 658/348/981 670/217/982 669/899/983
f 658/348/981 657/890/984 661/893/985 660/349/986
s 101
f 657/890/987 656/212/963 662/213/973 661/893/988
s 104
f 660/349/986 659/891/989 677/908/990 676/218/991
s 103
f 659/892/992 664/214/975 678/219/993 677/907/994
s 105
f 666/216/995 665/895/996 709/938/997 714/226/998
s 104
f 665/896/999 672/355/1000 710/232/1001 709/937/1002
s 101
f 668/353/979 667/897/1003 687/918/1004 686/215/951
s 105
f 667/898/1005 666/216/995 688/221/1006 687/917/1007
s 104
f 672/355/1000 671/901/1008 675/906/1009 674/356/1010
f 671/902/1008 670/217/982 676/218/991 675/905/1009
f 674/356/1010 673/903/1011 715/942/1012 720/233/1013
s 107
f 673/904/1014 680/359/1015 716/229/1016 715/941/1017
f 680/359/1015 679/909/1018 691/922/1019 690/360/1020
s 103
f 679/910/1021 678/219/993 692/220/967 691/921/1022
s 100
f 682/223/1023 681/911/1024 697/928/1025 702/357/1026
s 105
f 681/912/1027 688/221/1006 698/225/1028 697/927/1029
s 100
f 684/350/948 683/913/1030 695/926/1031 694/222/969
f 683/914/1030 682/223/1023 696/224/1032 695/925/1031
s 107
f 690/360/1020 689/919/1033 703/933/1034 708/358/1035
s 100
f 689/920/1036 696/224/1032 704/227/1037 703/932/1038
s 105
f 700/228/1039 699/929/1040 713/940/1041 712/354/1042
f 699/929/1040 698/225/1028 714/226/998 713/940/1041
s 100
f 702/357/1026 701/930/1043 705/935/1044 704/227/1037
s 105
f 701/931/1045 700/228/1039 706/230/1046 705/934/1047
s 107
f 708/358/1035 707/936/1048 717/943/1049 716/229/1016
s 105
f 707/936/1050 706/230/1046 718/231/1051 717/943/1052
f 712/354/1042 711/939/1053 719/944/1054 718/231/1051
s 104
f 711/939/1055 710/232/1001 720/233/1013 719/944/1056
s 2
f 4/2/9 10/234/12 22/6/29 16/5/19
s 5
f 18/235/37 20/236/42 36/11/47 30/10/38
s 1
f 44/237/4 54/15/25 12/3/14 2/1/1
s 4
f 8/4/20 52/13/23 38/12/49 24/7/31
s 2
f 46/8/7 6/238/6 14/239/18 28/240/35
s 6
f 60/21/95 72/241/98 78/24/107 66/23/102
s 5
f 70/25/57 32/242/56 34/243/66 80/26/69
s 1
f 42/16/79 62/244/82 64/20/93 56/17/88
s 8
f 68/245/91 76/22/72 40/246/71 50/247/76
s 6
f 48/14/62 26/9/51 74/19/54 58/18/84
s 14
f 84/28/121 90/248/124 102/32/141 96/31/131
s 17
f 98/249/149 100/250/154 116/37/159 110/36/150
s 13
f 124/251/116 134/41/137 92/29/126 82/27/113
s 16
f 88/30/132 132/39/135 118/38/161 104/33/143
s 14
f 126/34/119 86/252/118 94/253/130 108/254/147
s 26
f 140/45/215 146/255/218 158/49/239 152/48/253
s 29
f 154/256/246 156/257/251 170/53/257 164/52/247
s 26
f 166/258/264 168/259/269 182/58/274 176/57/265
s 24
f 178/260/210 180/56/235 148/46/220 138/44/207
s 26
f 144/47/230 184/55/233 172/54/259 160/50/240
s 25
f 174/51/213 142/261/212 150/262/241 162/263/244
s 33
f 188/60/287 194/264/290 206/64/311 200/63/325
s 36
f 202/265/318 204/266/323 218/68/329 212/67/319
s 33
f 214/267/336 216/268/341 230/73/346 224/72/337
s 31
f 226/269/282 228/71/307 196/61/292 186/59/279
s 33
f 192/62/302 232/70/305 220/69/331 208/65/312
s 32
f 222/66/285 190/270/284 198/271/313 210/272/316
s 40
f 236/75/359 242/273/362 254/79/383 248/78/397
s 43
f 250/274/390 252/275/395 266/83/401 260/82/391
s 40
f 262/276/408 264/277/413 278/88/418 272/87/409
s 38
f 274/278/354 276/86/379 244/76/364 234/74/351
s 40
f 240/77/374 280/85/377 268/84/403 256/80/384
s 39
f 270/81/357 238/279/356 246/280/385 258/281/388
s 47
f 284/90/431 290/282/434 302/94/455 296/93/469
s 50
f 298/283/462 300/284/467 314/98/473 308/97/463
s 47
f 310/285/480 312/286/485 326/103/490 320/102/481
s 45
f 322/287/426 324/101/451 292/91/436 282/89/423
s 47
f 288/92/446 328/100/449 316/99/475 304/95/456
s 46
f 318/96/429 286/288/428 294/289/457 306/290/460
s 54
f 332/105/503 338/291/506 350/109/527 344/108/541
s 57
f 346/292/534 348/293/539 362/113/545 356/112/535
s 54
f 358/294/552 360/295/557 374/118/562 368/117/553
s 52
f 370/296/498 372/116/523 340/106/508 330/104/495
s 54
f 336/107/518 376/115/521 364/114/547 352/110/528
s 53
f 366/111/501 334/297/500 342/298/529 354/299/532
s 18
f 380/122/567 392/300/570 398/125/579 386/124/574
s 17
f 390/126/169 112/301/168 114/302/178 400/127/181
s 13
f 122/42/191 382/303/194 384/121/205 136/43/200
s 20
f 388/304/203 396/123/184 120/305/183 130/306/188
s 18
f 128/40/174 106/35/163 394/120/166 378/119/196
s 62
f 404/129/605 416/307/627 422/132/618 410/130/606
s 64
f 414/133/619 428/308/622 434/137/637 424/134/631
s 62
f 426/138/639 440/309/642 446/141/652 436/140/648
s 61
f 438/142/591 406/310/590 408/311/603 448/143/610
s 62
f 412/312/612 420/313/617 432/314/635 444/139/613
s 60
f 442/136/588 430/135/625 418/131/624 402/128/585
s 70
f 452/145/677 464/315/699 470/148/690 458/146/678
s 72
f 462/149/691 476/316/694 482/153/709 472/150/703
s 70
f 474/154/711 488/317/714 494/157/724 484/156/720
s 69
f 486/158/663 454/318/662 456/319/675 496/159/682
s 70
f 460/320/684 468/321/689 480/322/707 492/155/685
s 68
f 490/152/660 478/151/697 466/147/696 450/144/657
s 78
f 500/161/749 512/323/771 518/164/762 506/162/750
s 80
f 510/165/763 524/324/766 530/169/781 520/166/775
s 78
f 522/170/783 536/325/786 542/173/796 532/172/792
s 77
f 534/174/735 502/326/734 504/327/747 544/175/754
s 78
f 508/328/756 516/329/761 528/330/779 540/171/757
s 76
f 538/168/732 526/167/769 514/163/768 498/160/729
s 86
f 548/177/821 560/331/843 566/180/834 554/178/822
s 88
f 558/181/835 572/332/838 578/185/853 568/182/847
s 86
f 570/186/855 584/333/858 590/189/868 580/188/864
s 85
f 582/190/807 550/334/806 552/335/819 592/191/826
s 86
f 556/336/828 564/337/833 576/338/851 588/187/829
s 84
f 586/184/804 574/183/841 562/179/840 546/176/801
s 94
f 596/193/893 608/339/915 614/196/906 602/194/894
s 96
f 606/197/907 620/340/910 626/201/925 616/198/919
s 94
f 618/202/927 632/341/930 638/205/940 628/204/936
s 93
f 630/206/879 598/342/878 600/343/891 640/207/898
s 94
f 604/344/900 612/345/905 624/346/923 636/203/901
s 92
f 634/200/876 622/199/913 610/195/912 594/192/873
s 101
f 644/209/953 650/347/956 662/213/973 656/212/963
s 104
f 658/348/981 660/349/986 676/218/991 670/217/982
s 100
f 684/350/948 694/222/969 652/210/958 642/208/945
s 103
f 648/211/964 692/220/967 678/219/993 664/214/975
s 101
f 686/215/951 646/351/950 654/352/962 668/353/979
s 105
f 700/228/1039 712/354/1042 718/231/1051 706/230/1046
s 104
f 710/232/1001 672/355/1000 674/356/1010 720/233/1013
s 100
f 682/223/1023 702/357/1026 704/227/1037 696/224/1032
s 107
f 708/358/1035 716/229/1016 680/359/1015 690/360/1020
s 105
f 688/221/1006 666/216/995 714/226/998 698/225/1028
s 2
f 5/365/16 6/238/6 1/362/5 721/946/1057
s 1
f 1/361/2 2/1/1 3/364/13 721/945/1058
s 2
f 3/363/10 4/2/9 5/365/16 721/946/1057
s 1
f 11/369/15 12/3/14 7/367/24 722/948/1059
s 4
f 7/366/21 8/4/20 9/368/30 722/947/1060
s 2
f 9/368/27 10/234/12 11/370/11 722/947/1061
s 5
f 17/374/40 18/235/37 13/372/36 723/949/1062
s 2
f 13/371/33 14/239/18 15/373/17 723/949/1063
f 15/373/17 16/5/19 17/374/43 723/949/1063
s 4
f 23/378/32 24/7/31 19/376/48 724/950/1064
s 5
f 19/375/45 20/236/42 21/377/41 724/950/1065
s 2
f 21/377/44 22/6/29 23/378/28 724/950/1066
s 5
f 31/385/64 32/242/56 25/380/55 725/953/1067
s 6
f 25/379/52 26/9/51 27/382/1068 725/954/1069
s 2
f 27/381/1070 28/240/35 29/384/34 725/951/1071
s 5
f 29/383/39 30/10/38 31/386/64 725/952/1067
s 8
f 39/393/1072 40/246/71 33/388/70 726/957/1073
s 5
f 33/387/67 34/243/66 35/390/65 726/958/1074
f 35/389/65 36/11/47 37/392/46 726/955/1074
s 4
f 37/391/50 38/12/49 39/394/1075 726/956/1076
s 6
f 47/401/1077 48/14/62 41/396/83 727/961/1078
s 1
f 41/395/80 42/16/79 43/398/86 727/962/1079
f 43/397/86 44/237/4 45/400/3 727/959/1079
s 2
f 45/399/8 46/8/7 47/402/1080 727/960/1081
s 1
f 55/409/87 56/17/88 49/404/92 728/965/1082
s 8
f 49/403/89 50/247/76 51/406/1083 728/966/1084
s 4
f 51/405/1085 52/13/23 53/408/22 728/963/1086
s 1
f 53/407/26 54/15/25 55/410/87 728/964/1082
f 61/414/99 62/244/82 57/412/81 729/968/1087
s 6
f 57/411/85 58/18/84 59/413/96 729/967/1088
f 59/413/96 60/21/95 61/415/101 729/967/1088
s 8
f 67/420/104 68/245/91 63/417/90 730/970/1089
s 1
f 63/416/94 64/20/93 65/419/100 730/969/1090
s 6
f 65/418/103 66/23/102 67/420/106 730/970/1091
f 73/424/97 74/19/54 69/422/53 731/971/1092
s 5
f 69/421/58 70/25/57 71/423/111 731/971/1093
s 6
f 71/423/109 72/241/98 73/424/97 731/971/1092
s 5
f 79/428/112 80/26/69 75/426/68 732/972/1094
s 8
f 75/425/73 76/22/72 77/427/105 732/972/1095
s 6
f 77/427/108 78/24/107 79/428/110 732/972/1096
s 14
f 85/433/128 86/252/118 81/430/117 733/974/1097
s 13
f 81/429/114 82/27/113 83/432/125 733/973/1098
s 14
f 83/431/122 84/28/121 85/433/128 733/974/1097
s 13
f 91/437/127 92/29/126 87/435/136 734/976/1099
s 16
f 87/434/133 88/30/132 89/436/142 734/975/1100
s 14
f 89/436/139 90/248/124 91/438/123 734/975/1101
s 17
f 97/442/152 98/249/149 93/440/148 735/977/1102
s 14
f 93/439/145 94/253/130 95/441/129 735/977/1103
f 95/441/129 96/31/131 97/442/155 735/977/1103
s 16
f 103/446/144 104/33/143 99/444/160 736/978/1104
s 17
f 99/443/157 100/250/154 101/445/153 736/978/1105
s 14
f 101/445/156 102/32/141 103/446/140 736/978/1106
s 17
f 111/453/176 112/301/168 105/448/167 737/981/1107
s 18
f 105/447/164 106/35/163 107/450/1108 737/982/1109
s 14
f 107/449/1110 108/254/147 109/452/146 737/979/1111
s 17
f 109/451/151 110/36/150 111/454/176 737/980/1107
s 20
f 119/461/1112 120/305/183 113/456/182 738/985/1113
s 17
f 113/455/179 114/302/178 115/458/177 738/986/1114
f 115/457/177 116/37/159 117/460/158 738/983/1114
s 16
f 117/459/162 118/38/161 119/462/1115 738/984/1116
s 18
f 127/469/1117 128/40/174 121/464/195 739/989/1118
s 13
f 121/463/192 122/42/191 123/466/198 739/990/1119
f 123/465/198 124/251/116 125/468/115 739/987/1119
s 14
f 125/467/120 126/34/119 127/470/1120 739/988/1121
s 13
f 135/477/199 136/43/200 129/472/204 740/993/1122
s 20
f 129/471/201 130/306/188 131/474/1123 740/994/1124
s 16
f 131/473/1125 132/39/135 133/476/134 740/991/1126
s 13
f 133/475/138 134/41/137 135/478/199 740/992/1122
s 25
f 141/483/1127 142/261/212 137/480/211 741/996/1128
s 24
f 137/479/208 138/44/207 139/482/219 741/995/1129
s 26
f 139/481/216 140/45/215 141/483/1130 741/996/1131
s 24
f 147/487/221 148/46/220 143/485/234 742/998/1132
s 26
f 143/484/231 144/47/230 145/486/237 742/997/1133
f 145/486/237 146/255/218 147/488/217 742/997/1133
s 29
f 153/492/249 154/256/246 149/490/245 743/999/1134
s 25
f 149/489/242 150/262/241 151/491/1135 743/999/1136
s off
f 151/491/1137 152/48/1138 153/492/1139 743/999/1140
s 26
f 159/496/238 160/50/240 155/494/258 744/1000/1141
s 29
f 155/493/255 156/257/251 157/495/250 744/1000/1142
s 26
f 157/495/254 158/49/239 159/496/238 744/1000/1141
f 165/501/267 166/258/264 161/498/263 745/1002/1143
s 25
f 161/497/261 162/263/244 163/500/243 745/1001/1144
s 29
f 163/499/248 164/52/247 165/501/270 745/1002/1145
s 26
f 171/505/260 172/54/259 167/503/272 746/1004/1146
f 167/502/272 168/259/269 169/504/268 746/1003/1147
s 29
f 169/504/271 170/53/257 171/506/256 746/1003/1148
s 24
f 177/511/275 178/260/210 173/508/209 747/1006/1149
s 25
f 173/507/214 174/51/213 175/510/262 747/1005/1150
s 26
f 175/509/266 176/57/265 177/511/277 747/1006/1151
f 183/515/273 184/55/233 179/513/232 748/1008/1152
s 24
f 179/512/236 180/56/235 181/514/276 748/1007/1153
s 26
f 181/514/278 182/58/274 183/516/273 748/1007/1154
s 32
f 189/521/1155 190/270/284 185/518/283 749/1010/1156
s 31
f 185/517/280 186/59/279 187/520/291 749/1009/1157
s 33
f 187/519/288 188/60/287 189/521/1158 749/1010/1159
s 31
f 195/525/293 196/61/292 191/523/306 750/1012/1160
s 33
f 191/522/303 192/62/302 193/524/309 750/1011/1161
f 193/524/309 194/264/290 195/526/289 750/1011/1161
s 36
f 201/530/321 202/265/318 197/528/317 751/1013/1162
s 32
f 197/527/314 198/271/313 199/529/1163 751/1013/1164
s off
f 199/529/1165 200/63/1166 201/530/1167 751/1013/1168
s 33
f 207/534/310 208/65/312 203/532/330 752/1014/1169
s 36
f 203/531/327 204/266/323 205/533/322 752/1014/1170
s 33
f 205/533/326 206/64/311 207/534/310 752/1014/1169
f 213/539/339 214/267/336 209/536/335 753/1016/1171
s 32
f 209/535/333 210/272/316 211/538/315 753/1015/1172
s 36
f 211/537/320 212/67/319 213/539/342 753/1016/1173
s 33
f 219/543/332 220/69/331 215/541/344 754/1018/1174
f 215/540/344 216/268/341 217/542/340 754/1017/1175
s 36
f 217/542/343 218/68/329 219/544/328 754/1017/1176
s 31
f 225/549/347 226/269/282 221/546/281 755/1020/1177
s 32
f 221/545/286 222/66/285 223/548/334 755/1019/1178
s 33
f 223/547/338 224/72/337 225/549/349 755/1020/1179
f 231/553/345 232/70/305 227/551/304 756/1022/1180
s 31
f 227/550/308 228/71/307 229/552/348 756/1021/1181
s 33
f 229/552/350 230/73/346 231/554/345 756/1021/1182
s 39
f 237/559/1183 238/279/356 233/556/355 757/1024/1184
s 38
f 233/555/352 234/74/351 235/558/363 757/1023/1185
s 40
f 235/557/360 236/75/359 237/559/1186 757/1024/1187
s 38
f 243/563/365 244/76/364 239/561/378 758/1026/1188
s 40
f 239/560/375 240/77/374 241/562/381 758/1025/1189
f 241/562/381 242/273/362 243/564/361 758/1025/1189
s 43
f 249/568/393 250/274/390 245/566/389 759/1027/1190
s 39
f 245/565/386 246/280/385 247/567/1191 759/1027/1192
s off
f 247/567/1193 248/78/1194 249/568/1195 759/1027/1196
s 40
f 255/572/382 256/80/384 251/570/402 760/1028/1197
s 43
f 251/569/399 252/275/395 253/571/394 760/1028/1198
s 40
f 253/571/398 254/79/383 255/572/382 760/1028/1197
f 261/577/411 262/276/408 257/574/407 761/1030/1199
s 39
f 257/573/405 258/281/388 259/576/387 761/1029/1200
s 43
f 259/575/392 260/82/391 261/577/414 761/1030/1201
s 40
f 267/581/404 268/84/403 263/579/416 762/1032/1202
f 263/578/416 264/277/413 265/580/412 762/1031/1202
s 43
f 265/580/415 266/83/401 267/582/400 762/1031/1203
s 38
f 273/587/419 274/278/354 269/584/353 763/1034/1204
s 39
f 269/583/358 270/81/357 271/586/406 763/1033/1205
s 40
f 271/585/410 272/87/409 273/587/421 763/1034/1206
f 279/591/417 280/85/377 275/589/376 764/1036/1207
s 38
f 275/588/380 276/86/379 277/590/420 764/1035/1208
s 40
f 277/590/422 278/88/418 279/592/417 764/1035/1209
s 46
f 285/597/1210 286/288/428 281/594/427 765/1038/1211
s 45
f 281/593/424 282/89/423 283/596/435 765/1037/1212
s 47
f 283/595/432 284/90/431 285/597/1213 765/1038/1214
s 45
f 291/601/437 292/91/436 287/599/450 766/1040/1215
s 47
f 287/598/447 288/92/446 289/600/453 766/1039/1216
f 289/600/453 290/282/434 291/602/433 766/1039/1216
s 50
f 297/606/465 298/283/462 293/604/461 767/1041/1217
s 46
f 293/603/458 294/289/457 295/605/1218 767/1041/1219
s off
f 295/605/1220 296/93/1221 297/606/1222 767/1041/1223
s 47
f 303/610/454 304/95/456 299/608/474 768/1042/1224
s 50
f 299/607/471 300/284/467 301/609/466 768/1042/1225
s 47
f 301/609/470 302/94/455 303/610/454 768/1042/1224
f 309/615/483 310/285/480 305/612/479 769/1044/1226
s 46
f 305/611/477 306/290/460 307/614/459 769/1043/1227
s 50
f 307/613/464 308/97/463 309/615/486 769/1044/1228
s 47
f 315/619/476 316/99/475 311/617/488 770/1046/1229
f 311/616/488 312/286/485 313/618/484 770/1045/1229
s 50
f 313/618/487 314/98/473 315/620/472 770/1045/1230
s 45
f 321/625/491 322/287/426 317/622/425 771/1048/1231
s 46
f 317/621/430 318/96/429 319/624/478 771/1047/1232
s 47
f 319/623/482 320/102/481 321/625/493 771/1048/1233
f 327/629/489 328/100/449 323/627/448 772/1050/1234
s 45
f 323/626/452 324/101/451 325/628/492 772/1049/1235
s 47
f 325/628/494 326/103/490 327/630/489 772/1049/1234
s 53
f 333/635/1236 334/297/500 329/632/499 773/1052/1237
s 52
f 329/631/496 330/104/495 331/634/507 773/1051/1238
s 54
f 331/633/504 332/105/503 333/635/1239 773/1052/1240
s 52
f 339/639/509 340/106/508 335/637/522 774/1054/1241
s 54
f 335/636/519 336/107/518 337/638/525 774/1053/1242
f 337/638/525 338/291/506 339/640/505 774/1053/1242
s 57
f 345/644/537 346/292/534 341/642/533 775/1055/1243
s 53
f 341/641/530 342/298/529 343/643/1244 775/1055/1245
s off
f 343/643/1246 344/108/1247 345/644/1248 775/1055/1249
s 54
f 351/648/526 352/110/528 347/646/546 776/1056/1250
s 57
f 347/645/543 348/293/539 349/647/538 776/1056/1251
s 54
f 349/647/542 350/109/527 351/648/526 776/1056/1250
f 357/653/555 358/294/552 353/650/551 777/1058/1252
s 53
f 353/649/549 354/299/532 355/652/531 777/1057/1253
s 57
f 355/651/536 356/112/535 357/653/558 777/1058/1254
s 54
f 363/657/548 364/114/547 359/655/560 778/1060/1255
f 359/654/560 360/295/557 361/656/556 778/1059/1255
s 57
f 361/656/559 362/113/545 363/658/544 778/1059/1256
s 52
f 369/663/563 370/296/498 365/660/497 779/1062/1257
s 53
f 365/659/502 366/111/501 367/662/550 779/1061/1258
s 54
f 367/661/554 368/117/553 369/663/565 779/1062/1259
f 375/667/561 376/115/521 371/665/520 780/1064/1260
s 52
f 371/664/524 372/116/523 373/666/564 780/1063/1261
s 54
f 373/666/566 374/118/562 375/668/561 780/1063/1260
s 13
f 381/672/571 382/303/194 377/670/193 781/1066/1262
s 18
f 377/669/197 378/119/196 379/671/568 781/1065/1263
f 379/671/568 380/122/567 381/673/573 781/1065/1263
s 20
f 387/678/576 388/304/203 383/675/202 782/1068/1264
s 13
f 383/674/206 384/121/205 385/677/572 782/1067/1265
s 18
f 385/676/575 386/124/574 387/678/578 782/1068/1266
f 393/682/569 394/120/166 389/680/165 783/1069/1267
s 17
f 389/679/170 390/126/169 391/681/583 783/1069/1268
s 18
f 391/681/581 392/300/570 393/682/569 783/1069/1267
s 17
f 399/686/584 400/127/181 395/684/180 784/1070/1269
s 20
f 395/683/185 396/123/184 397/685/577 784/1070/1270
s 18
f 397/685/580 398/125/579 399/686/582 784/1070/1271
s 61
f 405/690/601 406/310/590 401/688/589 785/1072/1272
s 60
f 401/687/586 402/128/585 403/689/1273 785/1071/1274
s off
f 403/689/1275 404/129/1276 405/691/1277 785/1071/1278
s 62
f 411/696/615 412/312/612 407/693/611 786/1074/1279
s 61
f 407/692/608 408/311/603 409/695/602 786/1073/1280
s 62
f 409/694/607 410/130/606 411/696/615 786/1074/1279
s 60
f 417/700/1281 418/131/624 413/698/623 787/1075/1282
s 64
f 413/697/620 414/133/619 415/699/630 787/1075/1283
s 62
f 415/699/628 416/307/627 417/700/1284 787/1075/1285
s 64
f 423/704/632 424/134/631 419/702/636 788/1076/1286
s 62
f 419/701/633 420/313/617 421/703/616 788/1076/1287
f 421/703/616 422/132/618 423/704/629 788/1076/1287
s 60
f 429/708/626 430/135/625 425/706/643 789/1078/1288
s 62
f 425/705/640 426/138/639 427/707/647 789/1077/1289
s 64
f 427/707/645 428/308/622 429/709/621 789/1077/1290
s 62
f 435/714/649 436/140/648 431/711/650 790/1080/1291
f 431/710/650 432/314/635 433/713/634 790/1079/1292
s 64
f 433/712/638 434/137/637 435/714/646 790/1080/1293
s 60
f 441/718/644 442/136/588 437/716/587 791/1082/1294
s 61
f 437/715/592 438/142/591 439/717/655 791/1081/1295
s 62
f 439/717/653 440/309/642 441/719/641 791/1081/1296
s 61
f 447/724/656 448/143/610 443/721/609 792/1084/1297
s 62
f 443/720/614 444/139/613 445/723/651 792/1083/1298
f 445/722/651 446/141/652 447/724/654 792/1084/1299
s 69
f 453/728/673 454/318/662 449/726/661 793/1086/1300
s 68
f 449/725/658 450/144/657 451/727/1301 793/1085/1302
s off
f 451/727/1303 452/145/1304 453/729/1305 793/1085/1306
s 70
f 459/734/687 460/320/684 455/731/683 794/1088/1307
s 69
f 455/730/680 456/319/675 457/733/674 794/1087/1308
s 70
f 457/732/679 458/146/678 459/734/687 794/1088/1307
s 68
f 465/738/1309 466/147/696 461/736/695 795/1089/1310
s 72
f 461/735/692 462/149/691 463/737/702 795/1089/1311
s 70
f 463/737/700 464/315/699 465/738/1312 795/1089/1313
s 72
f 471/742/704 472/150/703 467/740/708 796/1090/1314
s 70
f 467/739/705 468/321/689 469/741/688 796/1090/1315
f 469/741/688 470/148/690 471/742/701 796/1090/1315
s 68
f 477/746/698 478/151/697 473/744/715 797/1092/1316
s 70
f 473/743/712 474/154/711 475/745/719 797/1091/1317
s 72
f 475/745/717 476/316/694 477/747/693 797/1091/1318
s 70
f 483/752/721 484/156/720 479/749/722 798/1094/1319
f 479/748/722 480/322/707 481/751/706 798/1093/1320
s 72
f 481/750/710 482/153/709 483/752/718 798/1094/1321
s 68
f 489/756/716 490/152/660 485/754/659 799/1096/1322
s 69
f 485/753/664 486/158/663 487/755/727 799/1095/1323
s 70
f 487/755/725 488/317/714 489/757/713 799/1095/1324
s 69
f 495/762/728 496/159/682 491/759/681 800/1098/1325
s 70
f 491/758/686 492/155/685 493/761/723 800/1097/1326
f 493/760/723 494/157/724 495/762/726 800/1098/1327
s 77
f 501/766/745 502/326/734 497/764/733 801/1100/1328
s 76
f 497/763/730 498/160/729 499/765/1329 801/1099/1330
s off
f 499/765/1331 500/161/1332 501/767/1333 801/1099/1334
s 78
f 507/772/759 508/328/756 503/769/755 802/1102/1335
s 77
f 503/768/752 504/327/747 505/771/746 802/1101/1336
s 78
f 505/770/751 506/162/750 507/772/759 802/1102/1335
s 76
f 513/776/1337 514/163/768 509/774/767 803/1103/1338
s 80
f 509/773/764 510/165/763 511/775/774 803/1103/1339
s 78
f 511/775/772 512/323/771 513/776/1340 803/1103/1341
s 80
f 519/780/776 520/166/775 515/778/780 804/1104/1342
s 78
f 515/777/777 516/329/761 517/779/760 804/1104/1343
f 517/779/760 518/164/762 519/780/773 804/1104/1343
s 76
f 525/784/770 526/167/769 521/782/787 805/1106/1344
s 78
f 521/781/784 522/170/783 523/783/791 805/1105/1345
s 80
f 523/783/789 524/324/766 525/785/765 805/1105/1346
s 78
f 531/790/793 532/172/792 527/787/794 806/1108/1347
f 527/786/794 528/330/779 529/789/778 806/1107/1347
s 80
f 529/788/782 530/169/781 531/790/790 806/1108/1348
s 76
f 537/794/788 538/168/732 533/792/731 807/1110/1349
s 77
f 533/791/736 534/174/735 535/793/799 807/1109/1350
s 78
f 535/793/797 536/325/786 537/795/785 807/1109/1351
s 77
f 543/800/800 544/175/754 539/797/753 808/1112/1352
s 78
f 539/796/758 540/171/757 541/799/795 808/1111/1353
f 541/798/795 542/173/796 543/800/798 808/1112/1354
s 85
f 549/804/817 550/334/806 545/802/805 809/1114/1355
s 84
f 545/801/802 546/176/801 547/803/1356 809/1113/1357
s off
f 547/803/1358 548/177/1359 549/805/1360 809/1113/1361
s 86
f 555/810/831 556/336/828 551/807/827 810/1116/1362
s 85
f 551/806/824 552/335/819 553/809/818 810/1115/1363
s 86
f 553/808/823 554/178/822 555/810/831 810/1116/1362
s 84
f 561/814/1364 562/179/840 557/812/839 811/1117/1365
s 88
f 557/811/836 558/181/835 559/813/846 811/1117/1366
s 86
f 559/813/844 560/331/843 561/814/1367 811/1117/1368
s 88
f 567/818/848 568/182/847 563/816/852 812/1118/1369
s 86
f 563/815/849 564/337/833 565/817/832 812/1118/1370
f 565/817/832 566/180/834 567/818/845 812/1118/1370
s 84
f 573/822/842 574/183/841 569/820/859 813/1120/1371
s 86
f 569/819/856 570/186/855 571/821/863 813/1119/1372
s 88
f 571/821/861 572/332/838 573/823/837 813/1119/1373
s 86
f 579/828/865 580/188/864 575/825/866 814/1122/1374
f 575/824/866 576/338/851 577/827/850 814/1121/1374
s 88
f 577/826/854 578/185/853 579/828/862 814/1122/1375
s 84
f 585/832/860 586/184/804 581/830/803 815/1124/1376
s 85
f 581/829/808 582/190/807 583/831/871 815/1123/1377
s 86
f 583/831/869 584/333/858 585/833/857 815/1123/1378
s 85
f 591/838/872 592/191/826 587/835/825 816/1126/1379
s 86
f 587/834/830 588/187/829 589/837/867 816/1125/1380
f 589/836/867 590/189/868 591/838/870 816/1126/1380
s 93
f 597/842/889 598/342/878 593/840/877 817/1128/1381
s 92
f 593/839/874 594/192/873 595/841/1382 817/1127/1383
s off
f 595/841/1384 596/193/1385 597/843/1386 817/1127/1387
s 94
f 603/848/903 604/344/900 599/845/899 818/1130/1388
s 93
f 599/844/896 600/343/891 601/847/890 818/1129/1389
s 94
f 601/846/895 602/194/894 603/848/903 818/1130/1388
s 92
f 609/852/1390 610/195/912 605/850/911 819/1131/1391
s 96
f 605/849/908 606/197/907 607/851/918 819/1131/1392
s 94
f 607/851/916 608/339/915 609/852/1393 819/1131/1394
s 96
f 615/856/920 616/198/919 611/854/924 820/1132/1395
s 94
f 611/853/921 612/345/905 613/855/904 820/1132/1396
f 613/855/904 614/196/906 615/856/917 820/1132/1396
s 92
f 621/860/914 622/199/913 617/858/931 821/1134/1397
s 94
f 617/857/928 618/202/927 619/859/935 821/1133/1398
s 96
f 619/859/933 620/340/910 621/861/909 821/1133/1399
s 94
f 627/866/937 628/204/936 623/863/938 822/1136/1400
f 623/862/938 624/346/923 625/865/922 822/1135/1400
s 96
f 625/864/926 626/201/925 627/866/934 822/1136/1401
s 92
f 633/870/932 634/200/876 629/868/875 823/1138/1402
s 93
f 629/867/880 630/206/879 631/869/943 823/1137/1403
s 94
f 631/869/941 632/341/930 633/871/929 823/1137/1404
s 93
f 639/876/944 640/207/898 635/873/897 824/1140/1405
s 94
f 635/872/902 636/203/901 637/875/939 824/1139/1406
f 637/874/939 638/205/940 639/876/942 824/1140/1406
s 101
f 645/881/960 646/351/950 641/878/949 825/1142/1407
s 100
f 641/877/946 642/208/945 643/880/957 825/1141/1408
s 101
f 643/879/954 644/209/953 645/881/960 825/1142/1407
s 100
f 651/885/959 652/210/958 647/883/968 826/1144/1409
s 103
f 647/882/965 648/211/964 649/884/974 826/1143/1410
s 101
f 649/884/971 650/347/956 651/886/955 826/1143/1411
s 104
f 657/890/984 658/348/981 653/888/980 827/1145/1412
s 101
f 653/887/977 654/352/962 655/889/961 827/1145/1413
f 655/889/961 656/212/963 657/890/987 827/1145/1413
s 103
f 663/894/976 664/214/975 659/892/992 828/1146/1414
s 104
f 659/891/989 660/349/986 661/893/985 828/1146/1415
s 101
f 661/893/988 662/213/973 663/894/972 828/1146/1416
s 104
f 671/901/1008 672/355/1000 665/896/999 829/1149/1417
s 105
f 665/895/996 666/216/995 667/898/1418 829/1150/1419
s 101
f 667/897/1420 668/353/979 669/900/978 829/1147/1421
s 104
f 669/899/983 670/217/982 671/902/1008 829/1148/1417
s 107
f 679/909/1422 680/359/1015 673/904/1014 830/1153/1423
s 104
f 673/903/1011 674/356/1010 675/906/1009 830/1154/1424
f 675/905/1009 676/218/991 677/908/990 830/1151/1424
s 103
f 677/907/994 678/219/993 679/910/1425 830/1152/1426
s 105
f 687/917/1427 688/221/1006 681/912/1027 831/1157/1428
s 100
f 681/911/1024 682/223/1023 683/914/1030 831/1158/1429
f 683/913/1030 684/350/948 685/916/947 831/1155/1429
s 101
f 685/915/952 686/215/951 687/918/1430 831/1156/1431
s 100
f 695/925/1031 696/224/1032 689/920/1036 832/1161/1432
s 107
f 689/919/1033 690/360/1020 691/922/1433 832/1162/1434
s 103
f 691/921/1435 692/220/967 693/924/966 832/1159/1436
s 100
f 693/923/970 694/222/969 695/926/1031 832/1160/1432
f 701/930/1043 702/357/1026 697/928/1025 833/1164/1437
s 105
f 697/927/1029 698/225/1028 699/929/1040 833/1163/1438
f 699/929/1040 700/228/1039 701/931/1045 833/1163/1438
s 107
f 707/936/1048 708/358/1035 703/933/1034 834/1166/1439
s 100
f 703/932/1038 704/227/1037 705/935/1044 834/1165/1440
s 105
f 705/934/1047 706/230/1046 707/936/1050 834/1166/1441
f 713/940/1041 714/226/998 709/938/997 835/1167/1442
s 104
f 709/937/1002 710/232/1001 711/939/1055 835/1167/1443
s 105
f 711/939/1053 712/354/1042 713/940/1041 835/1167/1442
s 104
f 719/944/1056 720/233/1013 715/942/1012 836/1168/1444
s 107
f 715/941/1017 716/229/1016 717/943/1049 836/1168/1445
s 105
f 717/943/1052 718/231/1051 719/944/1054 836/1168/1446
s 112
f 883/1169/1447 886/1170/1448 948/1171/1449 937/1172/1450
f 884/1173/1451 883/1169/1447 937/1172/1450 938/1174/1452
f 895/1175/1453 894/1176/1454 904/1177/1455 972/1178/1456 971/1179/1457
f 907/1180/1458 1563/1181/1459 1564/1182/1460 908/1183/1461
f 909/1184/1462 1562/1185/1463 1563/1181/1459 907/1180/1458
f 1561/1186/1464 1562/1185/1465 909/1184/1462 910/1187/1466
f 1560/1188/1467 1561/1186/1464 910/1187/1466 947/1189/1468
f 1590/1190/1469 1591/1191/1470 912/1192/1471 913/1193/1472
f 1589/1194/1473 1590/1190/1469 913/1193/1472 914/1195/1474
f 1588/1196/1475 1589/1194/1473 914/1195/1474 915/1197/1476
f 939/1198/1477 919/1199/1478 884/1173/1451 938/1174/1452
f 922/1200/1479 921/1201/1480 896/1202/1481 976/1203/1482 975/1204/1483
f 924/1205/1484 923/1206/1485 967/1207/1486 968/1208/1487 900/1209/1488
f 916/1210/1489 1599/1211/1490 1600/1212/1491 917/1213/1492
f 918/1214/1493 1598/1215/1494 1599/1211/1490 916/1210/1489
f 1597/1216/1495 1598/1215/1496 918/1214/1493 919/1199/1478
f 1596/1217/1497 1597/1216/1495 919/1199/1478 939/1198/1477
f 1626/1218/1498 1627/1219/1499 921/1201/1480 922/1200/1479
f 1625/1220/1500 1626/1218/1498 922/1200/1479 923/1206/1485
f 1624/1221/1501 1625/1220/1500 923/1206/1485 924/1205/1484
s 120
f 837/1222/1502 944/1223/1503 945/1224/1504 855/1225/1505
f 838/1226/1506 943/1227/1507 944/1223/1503 837/1222/1502
f 1523/1228/1508 933/1229/1509 934/1230/1510 1522/1231/1511
f 1524/1232/1512 932/1233/1513 933/1229/1509 1523/1228/1508
f 843/1234/1514 970/1235/1515 969/1236/1516 858/1237/1517 857/1238/1518
f 845/1239/1519 862/1240/1520 1571/1241/1521 1572/1242/1522
f 846/1243/1523 845/1239/1519 1572/1242/1522 1573/1244/1524
f 1574/1245/1525 847/1246/1526 846/1243/1523 1573/1244/1527
f 1575/1247/1528 946/1248/1529 847/1246/1526 1574/1245/1525
f 1579/1249/1530 935/1250/1531 1521/1251/1532 1578/1252/1533
f 1581/1253/1534 850/1254/1535 849/1255/1536 1580/1256/1537
f 1582/1257/1538 851/1258/1539 850/1254/1535 1581/1253/1534
f 1583/1259/1540 852/1260/1541 851/1258/1539 1582/1257/1538
f 942/1261/1542 943/1227/1507 838/1226/1506 865/1262/1543
f 931/1263/1544 932/1233/1513 1524/1232/1512 1525/1264/1545
f 868/1265/1546 974/1266/1547 973/1267/1548 844/1268/1549 867/1269/1550
f 870/1270/1551 842/1271/1552 966/1272/1553 965/1273/1554 869/1274/1555
f 863/1275/1556 880/1276/1557 1607/1277/1558 1608/1278/1559
f 864/1279/1560 863/1275/1556 1608/1278/1559 1609/1280/1561
f 1610/1281/1562 865/1262/1543 864/1279/1560 1609/1280/1563
f 1611/1282/1564 942/1261/1542 865/1262/1543 1610/1281/1562
f 1615/1283/1565 931/1263/1544 1525/1264/1545 1614/1284/1566
f 1617/1285/1567 868/1265/1546 867/1269/1550 1616/1286/1568
f 1618/1287/1569 869/1274/1555 868/1265/1546 1617/1285/1567
f 1619/1288/1570 870/1270/1551 869/1274/1555 1618/1287/1569
s 112
f 926/1289/1571 925/1290/1572 894/1176/1454 895/1175/1453
f 927/1291/1573 926/1289/1571 895/1175/1453 896/1202/1481
f 921/1201/1480 928/1292/1574 927/1291/1573 896/1202/1481
f 1627/1219/1499 1628/1293/1575 928/1292/1574 921/1201/1480
s 120
f 1616/1286/1568 867/1269/1550 931/1263/1544 1615/1283/1565
f 867/1269/1550 844/1268/1549 932/1233/1513 931/1263/1544
f 933/1229/1509 932/1233/1513 844/1268/1549 843/1234/1514
f 934/1230/1510 933/1229/1509 843/1234/1514 857/1238/1518
f 1580/1256/1537 849/1255/1536 935/1250/1531 1579/1249/1530
s 112
f 1591/1191/1470 1592/1294/1576 936/1295/1577 912/1192/1471
f 938/1174/1452 937/1172/1450 891/1296/1578 892/1297/1579
f 920/1298/1580 939/1198/1477 938/1174/1452 892/1297/1579
f 1595/1299/1581 1596/1217/1497 939/1198/1477 920/1298/1580
s 120
f 1612/1300/1582 866/1301/1583 942/1261/1542 1611/1282/1564
f 866/1301/1583 840/1302/1584 943/1227/1507 942/1261/1542
f 944/1223/1503 943/1227/1507 840/1302/1584 839/1303/1585
f 945/1224/1504 944/1223/1503 839/1303/1585 856/1304/1586
f 1576/1305/1587 848/1306/1588 946/1248/1529 1575/1247/1528
s 112
f 1559/1307/1589 1560/1188/1467 947/1189/1468 911/1308/1590
f 937/1172/1450 948/1171/1449 890/1309/1591 891/1296/1578
s 130
f 1636/1310/1592 1637/1311/1593 949/1312/1594 950/1313/1595
s 131
f 1644/1314/1596 1645/1315/1597 952/1316/1598 951/1317/1599
s 132
f 1635/1318/1600 1636/1310/1601 950/1313/1602 953/1319/1603
s 133
f 1645/1315/1604 1646/1320/1605 954/1321/1606 952/1316/1607
s 134
f 1642/1322/1608 1643/1323/1609 1593/1324/1610 955/1325/1611
s 135
f 1594/1326/1612 1638/1327/1613 1639/1328/1614 956/1329/1615
s 136
f 1641/1330/1616 1642/1322/1617 955/1325/1618 1535/1331/1619
s 137
f 1634/1332/1620 1635/1318/1621 953/1319/1622 957/1333/1623
s 138
f 1646/1320/1624 1647/1334/1625 958/1335/1626 954/1321/1627
s 139
f 1649/1336/1628 1650/1337/1629 1534/1338/1630 960/1339/1631
s 140
f 1630/1340/1632 1633/1341/1633 1634/1332/1634 957/1333/1635
s 141
f 1647/1334/1636 1648/1342/1637 1629/1343/1638 958/1335/1639
s 120
f 962/1344/1640 961/1345/1641 841/1346/1642 860/1347/1643 859/1348/1644
s 112
f 964/1349/1645 963/1350/1646 902/1351/1647 898/1352/1648 899/1353/1649
s 120
f 962/1344/1640 977/1354/1650 961/1345/1641
s 112
f 964/1349/1645 978/1355/1651 963/1350/1646
s 120
f 966/1272/1553 979/1356/1652 965/1273/1554
s 112
f 967/1207/1486 980/1357/1653 968/1208/1487
s 120
f 970/1235/1515 981/1358/1654 969/1236/1516
s 112
f 972/1178/1456 982/1359/1655 971/1179/1457
s 120
f 974/1266/1547 983/1360/1656 973/1267/1548
s 112
f 976/1203/1482 984/1361/1657 975/1204/1483
s 144
f 1054/1362/1658 1053/1363/1659 1059/1364/1660 1058/1365/1661
s 120
f 1053/1363/1662 1052/1366/1663 1060/1367/1664 1059/1364/1665
s 144
f 1083/1368/1666 1082/1369/1667 1085/1370/1668 1084/1371/1669
s 112
f 1082/1369/1670 1081/1372/1671 1086/1373/1672 1085/1370/1673
f 1089/1374/1674 1088/1375/1675 1091/1376/1676 1090/1377/1677
s 144
f 1088/1375/1678 1087/1378/1679 1092/1379/1680 1091/1376/1681
s 112
f 1107/1380/1682 1106/1381/1683 1109/1382/1684 1108/1383/1685
s 144
f 1106/1381/1686 1105/1384/1687 1110/1385/1688 1109/1382/1689
f 1134/1386/1690 1133/1387/1691 1136/1388/1692 1135/1389/1693
s 112
f 1133/1387/1694 1132/1390/1695 1137/1391/1696 1136/1388/1697
f 1155/1392/1698 1154/1393/1699 1157/1394/1700 1156/1395/1701
s 144
f 1154/1393/1702 1153/1396/1703 1158/1397/1704 1157/1394/1705
f 1176/1398/1706 1175/1399/1707 1178/1400/1708 1177/1401/1709
s 112
f 1175/1399/1710 1174/1402/1711 1179/1403/1712 1178/1400/1713
f 1081/1372/1671 881/1404/1714 882/1405/1715 1086/1373/1672
f 887/1406/1716 1089/1374/1674 1090/1377/1677 888/1407/1717
f 885/1408/1718 1319/1409/1719 1325/1410/1720 1093/1411/1721 889/1412/1722
f 1086/1373/1672 882/1405/1715 940/1413/1723 1096/1414/1724
f 1532/1415/1725 1533/1416/1726 929/1417/1727 1102/1418/1728
f 899/1353/1649 898/1352/1648 1107/1380/1682 1108/1383/1685
f 900/1209/1488 899/1353/1649 1108/1383/1685 1111/1419/1729
f 1120/1420/1730 903/1421/1731 901/1422/1732 1117/1423/1733
f 1123/1424/1734 905/1425/1735 903/1421/1731 1120/1420/1730
f 1126/1426/1736 897/1427/1737 905/1425/1735 1123/1424/1734
f 889/1412/1722 1093/1411/1721 1129/1428/1738 906/1429/1739
f 881/1404/1714 1081/1372/1671 1089/1374/1674 887/1406/1716
f 1132/1390/1695 907/1180/1458 908/1183/1461 1137/1391/1696
f 1138/1430/1740 909/1184/1462 907/1180/1458 1132/1390/1695
f 910/1187/1466 909/1184/1462 1138/1430/1740 1141/1431/1741
f 947/1189/1468 910/1187/1466 1141/1431/1741 1146/1432/1742
f 936/1295/1577 1536/1433/1743 1515/1434/1744 1152/1435/1745
f 913/1193/1472 912/1192/1471 1155/1392/1698 1156/1395/1701
f 914/1195/1474 913/1193/1472 1156/1395/1701 1159/1436/1746
f 915/1197/1476 914/1195/1474 1159/1436/1746 1162/1437/1747
f 1587/1438/1748 1588/1196/1475 915/1197/1476 1165/1439/1749
f 908/1183/1461 1564/1182/1460 1565/1440/1750 1171/1441/1751
f 1174/1402/1711 916/1210/1489 917/1213/1492 1179/1403/1712
f 919/1199/1478 918/1214/1493 1312/1442/1752 1318/1443/1753 884/1173/1451
f 1180/1444/1754 924/1205/1484 900/1209/1488 1111/1419/1729
f 1623/1445/1755 1624/1221/1501 924/1205/1484 1180/1444/1754
f 917/1213/1492 1600/1212/1491 1601/1446/1756 1186/1447/1757
s 120
f 985/1448/1758 988/1449/1759 873/1450/1760 872/1451/1761
f 871/1452/1762 879/1453/1763 1070/1454/1764 1001/1455/1765
f 854/1456/1766 853/1457/1767 1010/1458/1768 1229/1459/1769 1228/1460/1770
f 988/1449/1759 1024/1461/1771 941/1462/1772 873/1450/1760
f 1527/1463/1773 1036/1464/1774 930/1465/1775 1526/1466/1776
f 841/1346/1642 1709/2041/1777 1710/2042/1778 860/1347/1643
f 842/1271/1552 1711/2043/1779 1709/2041/1777 841/1346/1642
f 1046/1467/1780 1040/1468/1781 878/1469/1782 877/1470/1783
f 1052/1366/1663 1046/1467/1780 877/1470/1783 876/1471/1784
f 1060/1367/1664 1052/1366/1663 876/1471/1784 875/1472/1785
f 853/1457/1767 861/1473/1786 1061/1474/1787 1010/1458/1768
f 872/1451/1761 871/1452/1762 1001/1455/1765 985/1448/1758
f 1013/1475/1788 1064/1476/1789 862/1240/1520 845/1239/1519
f 991/1477/1790 1013/1475/1788 845/1239/1519 846/1243/1523
f 847/1246/1526 994/1478/1791 991/1477/1790 846/1243/1523
f 946/1248/1529 1019/1479/1792 994/1478/1791 847/1246/1526
f 935/1250/1531 1028/1480/1793 1520/1481/1794 1521/1251/1532
f 850/1254/1535 1049/1482/1795 1055/1483/1796 849/1255/1536
f 851/1258/1539 1043/1484/1797 1049/1482/1795 850/1254/1535
f 852/1260/1541 1037/1485/1798 1043/1484/1797 851/1258/1539
f 862/1240/1520 1073/1486/1799 1570/1487/1800 1571/1241/1521
f 1004/1488/1801 1067/1489/1802 880/1276/1557 863/1275/1556
f 865/1262/1543 838/1226/1506 1212/1490/1803 1211/1491/1804 864/1279/1560
f 880/1276/1557 1077/1492/1805 1606/1493/1806 1607/1277/1558
s 144
f 990/1494/1807 987/1495/1808 1083/1368/1666 1084/1371/1669
f 1003/1496/1809 1072/1497/1810 1092/1379/1680 1087/1378/1679
f 1022/1498/1811 990/1494/1807 1084/1371/1669 1098/1499/1812
f 1034/1500/1813 1529/1501/1814 1530/1502/1815 1104/1503/1816
f 1000/1504/1817 999/1505/1818 1110/1385/1688 1105/1384/1687
f 999/1505/1818 998/1506/1819 1113/1507/1820 1110/1385/1688
f 1042/1508/1821 1048/1509/1822 1122/1510/1823 1119/1511/1824
f 1048/1509/1822 1054/1362/1658 1125/1512/1825 1122/1510/1823
f 1054/1362/1658 1058/1365/1661 1128/1513/1826 1125/1512/1825
f 1012/1514/1827 1063/1515/1828 1131/1516/1829 1095/1517/1830
f 987/1495/1808 1003/1496/1809 1087/1378/1679 1083/1368/1666
f 1066/1518/1831 1015/1519/1832 1134/1386/1690 1135/1389/1693
f 1015/1519/1832 993/1520/1833 1140/1521/1834 1134/1386/1690
f 993/1520/1833 996/1522/1835 1143/1523/1836 1140/1521/1834
f 996/1522/1835 1021/1524/1837 1144/1525/1838 1143/1523/1836
f 1518/1526/1839 1030/1527/1840 1150/1528/1841 1517/1529/1842
f 1057/1530/1843 1051/1531/1844 1158/1397/1704 1153/1396/1703
f 1051/1531/1844 1045/1532/1845 1161/1533/1846 1158/1397/1704
f 1045/1532/1845 1039/1534/1847 1164/1535/1848 1161/1533/1846
f 1076/1536/1849 1584/1537/1850 1585/1538/1851 1167/1539/1852
f 1568/1540/1853 1075/1541/1854 1173/1542/1855 1567/1543/1856
f 1069/1544/1857 1006/1545/1858 1176/1398/1706 1177/1401/1709
f 998/1506/1819 1080/1546/1859 1182/1547/1860 1113/1507/1820
f 1080/1546/1859 1620/1548/1861 1621/1549/1862 1182/1547/1860
f 1604/1550/1863 1079/1551/1864 1188/1552/1865 1603/1553/1866
s 112
f 1102/1418/1728 929/1417/1727 897/1427/1737 1126/1426/1736
s 144
f 1058/1365/1661 1034/1500/1813 1104/1503/1816 1128/1513/1826
s 120
f 930/1465/1775 1036/1464/1774 1060/1367/1664 875/1472/1785
f 849/1255/1536 1055/1483/1796 1028/1480/1793 935/1250/1531
s 144
f 1150/1528/1841 1030/1527/1840 1057/1530/1843 1153/1396/1703
s 112
f 912/1192/1471 936/1295/1577 1152/1435/1745 1155/1392/1698
f 1096/1414/1724 940/1413/1723 893/1554/1867 1099/1555/1868
s 144
f 1031/1556/1869 1022/1498/1811 1098/1499/1812 1101/1557/1870
s 120
f 941/1462/1772 1024/1461/1771 1033/1558/1871 874/1559/1872
f 848/1306/1588 1025/1560/1873 1019/1479/1792 946/1248/1529
s 144
f 1144/1525/1838 1021/1524/1837 1027/1561/1874 1147/1562/1875
s 112
f 911/1308/1590 947/1189/1468 1146/1432/1742 1149/1563/1876
s 120
f 985/1448/1758 986/1564/1877 989/1565/1878 988/1449/1759
s 144
f 986/1564/1879 987/1495/1808 990/1494/1807 989/1565/1880
s 120
f 991/1477/1790 992/1566/1881 1014/1567/1882 1013/1475/1788
s 144
f 992/1566/1883 993/1520/1833 1015/1519/1832 1014/1567/1884
f 993/1520/1833 992/1566/1883 995/1568/1885 996/1522/1835
s 120
f 992/1566/1881 991/1477/1790 994/1478/1791 995/1568/1886
s 144
f 987/1495/1808 986/1564/1879 1002/1569/1887 1003/1496/1809
s 120
f 986/1564/1877 985/1448/1758 1001/1455/1765 1002/1569/1888
f 1004/1488/1801 1005/1570/1889 1068/1571/1890 1067/1489/1802
s 144
f 1005/1570/1891 1006/1545/1858 1069/1544/1857 1068/1571/1892
s 120
f 1013/1475/1788 1014/1567/1882 1065/1572/1893 1064/1476/1789
s 144
f 1014/1567/1884 1015/1519/1832 1066/1518/1831 1065/1572/1894
f 996/1522/1835 995/1568/1885 1020/1573/1895 1021/1524/1837
s 120
f 995/1568/1886 994/1478/1791 1019/1479/1792 1020/1573/1896
f 988/1449/1759 989/1565/1878 1023/1574/1897 1024/1461/1771
s 144
f 989/1565/1880 990/1494/1807 1022/1498/1811 1023/1574/1898
f 1021/1524/1837 1020/1573/1895 1026/1575/1899 1027/1561/1874
s 120
f 1020/1573/1896 1019/1479/1792 1025/1560/1873 1026/1575/1900
s 144
f 1518/1526/1839 1519/1576/1901 1029/1577/1902 1030/1527/1840
s 120
f 1519/1576/1903 1520/1481/1794 1028/1480/1793 1029/1577/1904
f 1024/1461/1771 1023/1574/1897 1032/1578/1905 1033/1558/1871
s 144
f 1023/1574/1898 1022/1498/1811 1031/1556/1869 1032/1578/1906
s 120
f 1527/1463/1773 1528/1579/1907 1035/1580/1908 1036/1464/1774
s 144
f 1528/1579/1909 1529/1501/1814 1034/1500/1813 1035/1580/1910
s 120
f 1037/1485/1798 1038/1581/1911 1044/1582/1912 1043/1484/1797
s 144
f 1038/1581/1913 1039/1534/1847 1045/1532/1845 1044/1582/1914
s 120
f 1043/1484/1797 1044/1582/1912 1050/1583/1915 1049/1482/1795
s 144
f 1044/1582/1914 1045/1532/1845 1051/1531/1844 1050/1583/1916
f 1042/1508/1821 1041/1584/1917 1047/1585/1918 1048/1509/1822
s 120
f 1041/1584/1919 1040/1468/1781 1046/1467/1780 1047/1585/1920
f 1049/1482/1795 1050/1583/1915 1056/1586/1921 1055/1483/1796
s 144
f 1050/1583/1916 1051/1531/1844 1057/1530/1843 1056/1586/1922
f 1048/1509/1822 1047/1585/1918 1053/1363/1659 1054/1362/1658
s 120
f 1047/1585/1920 1046/1467/1780 1052/1366/1663 1053/1363/1662
s 144
f 1030/1527/1840 1029/1577/1902 1056/1586/1922 1057/1530/1843
s 120
f 1029/1577/1904 1028/1480/1793 1055/1483/1796 1056/1586/1921
f 1036/1464/1774 1035/1580/1908 1059/1364/1665 1060/1367/1664
s 144
f 1035/1580/1910 1034/1500/1813 1058/1365/1661 1059/1364/1660
f 1012/1514/1827 1011/1587/1923 1062/1588/1924 1063/1515/1828
s 120
f 1011/1587/1925 1010/1458/1768 1061/1474/1787 1062/1588/1926
s 144
f 1003/1496/1809 1002/1569/1887 1071/1589/1927 1072/1497/1810
s 120
f 1002/1569/1888 1001/1455/1765 1070/1454/1764 1071/1589/1928
s 144
f 1568/1540/1853 1569/1590/1929 1074/1591/1930 1075/1541/1854
s 120
f 1569/1590/1931 1570/1487/1800 1073/1486/1799 1074/1591/1932
s 144
f 1604/1550/1863 1605/1592/1933 1078/1593/1934 1079/1551/1864
s 120
f 1605/1592/1935 1606/1493/1806 1077/1492/1805 1078/1593/1936
s 144
f 998/1506/1819 1706/2038/1937 1704/2036/1938 1080/1546/1859
s 112
f 1081/1372/1671 1082/1369/1670 1088/1375/1675 1089/1374/1674
s 144
f 1082/1369/1667 1083/1368/1666 1087/1378/1679 1088/1375/1678
s 112
f 1093/1411/1721 1094/1594/1939 1130/1595/1940 1129/1428/1738
s 144
f 1094/1594/1941 1095/1517/1830 1131/1516/1829 1130/1595/1942
f 1084/1371/1669 1085/1370/1668 1097/1596/1943 1098/1499/1812
s 112
f 1085/1370/1673 1086/1373/1672 1096/1414/1724 1097/1596/1944
s 144
f 1098/1499/1812 1097/1596/1943 1100/1597/1945 1101/1557/1870
s 112
f 1097/1596/1944 1096/1414/1724 1099/1555/1868 1100/1597/1946
s 144
f 1530/1502/1815 1531/1598/1947 1103/1599/1948 1104/1503/1816
s 112
f 1531/1598/1949 1532/1415/1725 1102/1418/1728 1103/1599/1950
f 1108/1383/1685 1109/1382/1684 1112/1600/1951 1111/1419/1729
s 144
f 1109/1382/1689 1110/1385/1688 1113/1507/1820 1112/1600/1952
s 112
f 1111/1419/1729 1112/1600/1951 1181/1601/1953 1180/1444/1754
s 144
f 1112/1600/1952 1113/1507/1820 1182/1547/1860 1181/1601/1954
s 112
f 1117/1423/1733 1118/1602/1955 1121/1603/1956 1120/1420/1730
s 144
f 1118/1602/1957 1119/1511/1824 1122/1510/1823 1121/1603/1958
s 112
f 1120/1420/1730 1121/1603/1956 1124/1604/1959 1123/1424/1734
s 144
f 1121/1603/1958 1122/1510/1823 1125/1512/1825 1124/1604/1960
s 112
f 1123/1424/1734 1124/1604/1959 1127/1605/1961 1126/1426/1736
s 144
f 1124/1604/1960 1125/1512/1825 1128/1513/1826 1127/1605/1962
f 1104/1503/1816 1103/1599/1948 1127/1605/1962 1128/1513/1826
s 112
f 1103/1599/1950 1102/1418/1728 1126/1426/1736 1127/1605/1961
f 1132/1390/1695 1133/1387/1694 1139/1606/1963 1138/1430/1740
s 144
f 1133/1387/1691 1134/1386/1690 1140/1521/1834 1139/1606/1964
s 112
f 1138/1430/1740 1139/1606/1963 1142/1607/1965 1141/1431/1741
s 144
f 1139/1606/1964 1140/1521/1834 1143/1523/1836 1142/1607/1966
s 112
f 1141/1431/1741 1142/1607/1965 1145/1608/1967 1146/1432/1742
s 144
f 1142/1607/1966 1143/1523/1836 1144/1525/1838 1145/1608/1968
s 112
f 1146/1432/1742 1145/1608/1967 1148/1609/1969 1149/1563/1876
s 144
f 1145/1608/1968 1144/1525/1838 1147/1562/1875 1148/1609/1970
s 112
f 1515/1434/1744 1516/1610/1971 1151/1611/1972 1152/1435/1745
s 144
f 1516/1610/1973 1517/1529/1842 1150/1528/1841 1151/1611/1974
s 112
f 1152/1435/1745 1151/1611/1972 1154/1393/1699 1155/1392/1698
s 144
f 1151/1611/1974 1150/1528/1841 1153/1396/1703 1154/1393/1702
s 112
f 1156/1395/1701 1157/1394/1700 1160/1612/1975 1159/1436/1746
s 144
f 1157/1394/1705 1158/1397/1704 1161/1533/1846 1160/1612/1976
s 112
f 1159/1436/1746 1160/1612/1975 1163/1613/1977 1162/1437/1747
s 144
f 1160/1612/1976 1161/1533/1846 1164/1535/1848 1163/1613/1978
f 1585/1538/1851 1586/1614/1979 1166/1615/1980 1167/1539/1852
s 112
f 1586/1614/1981 1587/1438/1748 1165/1439/1749 1166/1615/1982
f 1565/1440/1750 1566/1616/1983 1172/1617/1984 1171/1441/1751
s 144
f 1566/1616/1985 1567/1543/1856 1173/1542/1855 1172/1617/1986
f 1621/1549/1862 1622/1618/1987 1181/1601/1954 1182/1547/1860
s 112
f 1622/1618/1988 1623/1445/1755 1180/1444/1754 1181/1601/1953
f 1601/1446/1756 1602/1619/1989 1187/1620/1990 1186/1447/1757
s 144
f 1602/1619/1991 1603/1553/1866 1188/1552/1865 1187/1620/1992
s 120
f 1211/1491/1804 1217/1621/1993 1004/1488/1801 863/1275/1556 864/1279/1560
f 1213/1622/1994 1212/1490/1803 838/1226/1506 837/1222/1502 1234/1623/1995 1233/1624/1996
f 1228/1460/1770 1234/1623/1995 837/1222/1502 855/1225/1505 854/1456/1766
s 112
f 1313/1625/1997 1312/1442/1752 918/1214/1493 916/1210/1489 1174/1402/1711
f 1318/1443/1753 1317/1626/1998 1321/1627/1999 1320/1628/2000 883/1169/1447 884/1173/1451
f 1320/1628/2000 1319/1409/1719 885/1408/1718 886/1170/1448 883/1169/1447
s 120
f 1192/1629/2001 1191/1630/2002 1199/1631/2003 1198/1632/2004
f 1191/1630/2002 1190/1633/2005 1200/1634/2006 1199/1631/2003
f 1190/1633/2005 1189/1635/2007 1716/2048/2008 1717/2049/2009 1200/1634/2006
f 1189/1635/2007 1718/2050/2010 1716/2048/2008
f 1205/1636/2011 1204/1637/2012 1214/1638/2013 1213/1622/1994
f 1204/1637/2012 1203/1639/2014 1215/1640/2015 1214/1638/2013
f 1203/1639/2014 1202/1641/2016 1216/1642/2017 1215/1640/2015
f 1202/1641/2016 1201/1643/2018 1217/1621/1993 1216/1642/2017
f 1222/1644/2019 1221/1645/2020 1230/1646/2021 1229/1459/1769
f 1221/1645/2020 1220/1647/2022 1231/1648/2023 1230/1646/2021
f 1220/1647/2022 1219/1649/2024 1232/1650/2025 1231/1648/2023
f 1219/1649/2024 1218/1651/2026 1233/1624/1996 1232/1650/2025
f 1239/1652/2027 1238/1653/2028 1246/1654/2029 1245/1655/2030
f 1238/1653/2028 1237/1656/2031 1247/1657/2032 1246/1654/2029
f 1237/1656/2031 1236/1658/2033 1248/1659/2034 1247/1657/2032
f 1236/1658/2033 1235/1660/2035 1249/1661/2036 1248/1659/2034
f 1254/1662/2037 1253/1663/2038 1261/1664/2039 1260/1665/2040
f 1253/1663/2038 1252/1666/2041 1262/1667/2042 1261/1664/2039
f 1252/1666/2041 1251/1668/2043 1263/1669/2044 1262/1667/2042
f 1251/1668/2043 1250/1670/2045 1264/1671/2046 1263/1669/2044
f 1268/1672/2047 1267/1673/2048 1274/1674/2049 1722/2054/2050 1721/2053/2051
f 1267/1673/2048 1266/1675/2052 1275/1676/2053 1274/1674/2049
f 1266/1675/2052 1265/1677/2054 1276/1678/2055 1275/1676/2053
s 144
f 1286/1679/2056 1285/1680/2057 1288/1681/2058 1287/1682/2059
f 1285/1680/2057 1284/1683/2060 1289/1684/2061 1288/1681/2058
f 1284/1683/2060 1283/1685/2062 1290/1686/2063 1289/1684/2061
f 1283/1685/2062 1282/1687/2064 1291/1688/2065 1290/1686/2063
f 1301/1689/2066 1300/1690/2067 1303/1691/2068 1302/1692/2069
f 1300/1690/2067 1299/1693/2070 1304/1694/2071 1303/1691/2068
f 1299/1693/2070 1298/1695/2072 1305/1696/2073 1304/1694/2071
f 1298/1695/2072 1297/1697/2074 1306/1698/2075 1305/1696/2073
s 112
f 1311/1699/2076 1310/1700/2077 1314/1701/2078 1313/1625/1997
f 1310/1700/2077 1309/1702/2079 1315/1703/2080 1314/1701/2078
f 1309/1702/2079 1308/1704/2081 1316/1705/2082 1315/1703/2080
f 1308/1704/2081 1307/1706/2083 1317/1626/1998 1316/1705/2082
s 144
f 1330/1707/2084 1329/1708/2085 1337/1709/2086 1336/1710/2087
f 1329/1708/2085 1328/1711/2088 1338/1712/2089 1337/1709/2086
f 1328/1711/2088 1327/1713/2090 1339/1714/2091 1338/1712/2089
f 1327/1713/2090 1326/1715/2092 1340/1716/2093 1339/1714/2091
f 1350/1717/2094 1349/1718/2095 1352/1719/2096 1351/1720/2097
f 1349/1718/2095 1348/1721/2098 1353/1722/2099 1352/1719/2096
f 1348/1721/2098 1347/1723/2100 1354/1724/2101 1353/1722/2099
f 1347/1723/2100 1346/1725/2102 1355/1726/2103 1354/1724/2101
f 1365/1727/2104 1364/1728/2105 1367/1729/2106 1366/1730/2107
f 1364/1728/2105 1363/1731/2108 1368/1732/2109 1367/1729/2106
f 1363/1731/2108 1362/1733/2110 1369/1734/2111 1368/1732/2109
f 1362/1733/2110 1361/1735/2112 1370/1736/2113 1369/1734/2111
f 1380/1737/2114 1379/1738/2115 1382/1739/2116 1381/1740/2117
f 1379/1738/2115 1378/1741/2118 1383/1742/2119 1382/1739/2116
f 1378/1741/2118 1377/1743/2120 1384/1744/2121 1383/1742/2119
f 1377/1743/2120 1376/1745/2122 1385/1746/2123 1384/1744/2121
f 1395/1747/2124 1394/1748/2125 1397/1749/2126 1396/1750/2127
f 1394/1748/2125 1393/1751/2128 1398/1752/2129 1397/1749/2126
f 1393/1751/2128 1392/1753/2130 1399/1754/2131 1398/1752/2129
f 1392/1753/2130 1391/1755/2132 1400/1756/2133 1399/1754/2131
f 1410/1757/2134 1409/1758/2135 1412/1759/2136 1411/1760/2137
f 1409/1758/2135 1408/1761/2138 1413/1762/2139 1412/1759/2136
f 1408/1761/2138 1407/1763/2140 1414/1764/2141 1413/1762/2139
f 1407/1763/2140 1406/1765/2142 1415/1766/2143 1414/1764/2141
f 1425/1767/2144 1424/1768/2145 1427/1769/2146 1426/1770/2147
f 1424/1768/2145 1423/1771/2148 1428/1772/2149 1427/1769/2146
f 1423/1771/2148 1422/1773/2150 1429/1774/2151 1428/1772/2149
f 1422/1773/2150 1421/1775/2152 1430/1776/2153 1429/1774/2151
s 112
f 1317/1626/1998 1307/1706/2083 1326/1715/2154 1321/1627/1999
s 144
f 1307/1706/2155 1331/1777/2156 1340/1716/2093 1326/1715/2092
s 112
f 1116/1778/2157 1115/1779/2158 1361/1735/2159 1357/1780/2160
s 144
f 1115/1779/2161 1114/1781/2162 1370/1736/2113 1361/1735/2112
f 1210/1782/2163 1223/1783/2164 1340/1716/2093 1331/1777/2156
f 1227/1784/2165 1012/1514/1827 1095/1517/1830 1336/1710/2087
f 997/1785/2166 1193/1786/2167 1370/1736/2113 1114/1781/2162
f 1197/1787/2168 1042/1508/1821 1119/1511/1824 1366/1730/2107
f 1039/1534/1847 1269/1788/2169 1400/1756/2133 1164/1535/1848
f 1273/1789/2170 1076/1536/1849 1167/1539/1852 1396/1750/2127
f 1063/1515/1828 1255/1790/2171 1385/1746/2123 1131/1516/1829
f 1259/1791/2172 1018/1792/2173 1170/1793/2174 1381/1740/2117
f 1075/1541/1854 1287/1682/2059 1415/1766/2143 1173/1542/1855
f 1291/1688/2065 1066/1518/1831 1135/1389/1693 1411/1760/2137
f 1006/1545/1858 1206/1794/2175 1335/1795/2176 1176/1398/1706
f 1072/1497/1810 1240/1796/2177 1355/1726/2103 1092/1379/1680
f 1244/1797/2178 1009/1798/2179 1185/1799/2180 1351/1720/2097
f 1079/1551/1864 1302/1692/2069 1430/1776/2153 1188/1552/1865
f 1306/1698/2075 1069/1544/1857 1177/1401/1709 1426/1770/2147
s 120
f 1217/1621/1993 1201/1643/2018 1005/1570/1889 1004/1488/1801
s 144
f 1201/1643/2181 1206/1794/2175 1006/1545/1858 1005/1570/1891
f 1210/1782/2163 1205/1636/2182 1218/1651/2183 1223/1783/2164
s 120
f 1205/1636/2011 1213/1622/1994 1233/1624/1996 1218/1651/2026
f 1249/1661/2036 1235/1660/2035 1071/1589/1928 1070/1454/1764
s 144
f 1235/1660/2184 1240/1796/2177 1072/1497/1810 1071/1589/1927
f 1244/1797/2178 1239/1652/2185 1008/1800/2186 1009/1798/2179
s 120
f 1239/1652/2027 1245/1655/2030 1007/1801/2187 1008/1800/2188
s 144
f 1227/1784/2165 1222/1644/2189 1011/1587/1923 1012/1514/1827
s 120
f 1222/1644/2019 1229/1459/1769 1010/1458/1768 1011/1587/1925
f 1264/1671/2046 1250/1670/2045 1062/1588/1926 1061/1474/1787
s 144
f 1250/1670/2190 1255/1790/2171 1063/1515/1828 1062/1588/1924
f 1259/1791/2172 1254/1662/2191 1017/1802/2192 1018/1792/2173
s 120
f 1254/1662/2037 1260/1665/2040 1016/1803/2193 1017/1802/2194
f 1276/1678/2055 1265/1677/2054 1038/1581/1911 1037/1485/1798
s 144
f 1265/1677/2195 1269/1788/2169 1039/1534/1847 1038/1581/1913
f 1197/1787/2168 1192/1629/2196 1041/1584/1917 1042/1508/1821
s 120
f 1192/1629/2001 1198/1632/2004 1040/1468/1781 1041/1584/1919
f 1064/1476/1789 1065/1572/1893 1282/1687/2197 1278/1804/2198
s 144
f 1065/1572/1894 1066/1518/1831 1291/1688/2065 1282/1687/2064
s 120
f 1067/1489/1802 1068/1571/1890 1297/1697/2199 1293/1805/2200
s 144
f 1068/1571/1892 1069/1544/1857 1306/1698/2075 1297/1697/2074
s 120
f 1277/1806/2201 1286/1679/2202 1074/1591/1932 1073/1486/1799
s 144
f 1286/1679/2056 1287/1682/2059 1075/1541/1854 1074/1591/1930
f 1273/1789/2170 1719/2051/2203 1708/2040/2204 1076/1536/1849
s 120
f 1292/1807/2205 1301/1689/2206 1078/1593/1936 1077/1492/1805
s 144
f 1301/1689/2066 1302/1692/2069 1079/1551/1864 1078/1593/1934
s 112
f 1325/1410/1720 1330/1707/2207 1094/1594/1939 1093/1411/1721
s 144
f 1330/1707/2084 1336/1710/2087 1095/1517/1830 1094/1594/1941
s 112
f 1090/1377/1677 1091/1376/1676 1346/1725/2208 1342/1808/2209
s 144
f 1091/1376/1681 1092/1379/1680 1355/1726/2103 1346/1725/2102
s 112
f 1356/1809/2210 1365/1727/2211 1118/1602/1955 1117/1423/1733
s 144
f 1365/1727/2104 1366/1730/2107 1119/1511/1824 1118/1602/1957
s 112
f 1129/1428/1738 1130/1595/1940 1376/1745/2212 1372/1810/2213
s 144
f 1130/1595/1942 1131/1516/1829 1385/1746/2123 1376/1745/2122
s 112
f 1162/1437/1747 1163/1613/1977 1391/1755/2214 1387/1811/2215
s 144
f 1163/1613/1978 1164/1535/1848 1400/1756/2133 1391/1755/2132
s 112
f 1386/1812/2216 1395/1747/2217 1166/1615/1982 1165/1439/1749
s 144
f 1395/1747/2124 1396/1750/2127 1167/1539/1852 1166/1615/1980
s 112
f 1371/1813/2218 1380/1737/2219 1169/1814/2220 1168/1815/2221
s 144
f 1380/1737/2114 1381/1740/2117 1170/1793/2174 1169/1814/2222
s 112
f 1171/1441/1751 1172/1617/1984 1406/1765/2223 1401/1816/2224
s 144
f 1172/1617/1986 1173/1542/1855 1415/1766/2143 1406/1765/2142
f 1135/1389/1693 1136/1388/1692 1410/1757/2134 1411/1760/2137
s 112
f 1136/1388/1697 1137/1391/1696 1405/1817/2225 1410/1757/2226
s 144
f 1335/1795/2176 1311/1699/2227 1175/1399/1707 1176/1398/1706
s 112
f 1311/1699/2076 1313/1625/1997 1174/1402/1711 1175/1399/1710
f 1341/1818/2228 1350/1717/2229 1184/1819/2230 1183/1820/2231
s 144
f 1350/1717/2094 1351/1720/2097 1185/1799/2180 1184/1819/2232
s 112
f 1186/1447/1757 1187/1620/1990 1421/1775/2233 1416/1821/2234
s 144
f 1187/1620/1992 1188/1552/1865 1430/1776/2153 1421/1775/2152
f 1177/1401/1709 1178/1400/1708 1425/1767/2144 1426/1770/2147
s 112
f 1178/1400/1713 1179/1403/1712 1420/1822/2235 1425/1767/2236
s 120
f 1070/1454/1764 879/1453/1763 1007/1801/2187 1245/1655/2030 1246/1654/2029 1247/1657/2032 1248/1659/2034 1249/1661/2036
f 1061/1474/1787 861/1473/1786 1016/1803/2193 1260/1665/2040 1261/1664/2039 1262/1667/2042 1263/1669/2044 1264/1671/2046
f 1037/1485/1798 852/1260/1541 1713/2045/2237 1722/2054/2050 1274/1674/2049 1275/1676/2053 1276/1678/2055
f 1277/1806/2201 1073/1486/1799 862/1240/1520 1064/1476/1789 1278/1804/2198 1279/1823/2238 1280/1824/2239 1281/1825/2240
f 1292/1807/2205 1077/1492/1805 880/1276/1557 1067/1489/1802 1293/1805/2200 1294/1826/2241 1295/1827/2242 1296/1828/2243
s 112
f 1341/1818/2228 1183/1820/2231 888/1407/1717 1090/1377/1677 1342/1808/2209 1343/1829/2244 1344/1830/2245 1345/1831/2246
f 1356/1809/2210 1117/1423/1733 901/1422/1732 1116/1778/2157 1357/1780/2160 1358/1832/2247 1359/1833/2248 1360/1834/2249
f 1371/1813/2218 1168/1815/2221 906/1429/1739 1129/1428/1738 1372/1810/2213 1373/1835/2250 1374/1836/2251 1375/1837/2252
f 1386/1812/2216 1165/1439/1749 915/1197/1476 1162/1437/1747 1387/1811/2215 1388/1838/2253 1389/1839/2254 1390/1840/2255
f 1137/1391/1696 908/1183/1461 1171/1441/1751 1401/1816/2224 1402/1841/2256 1403/1842/2257 1404/1843/2258 1405/1817/2225
f 1179/1403/1712 917/1213/1492 1186/1447/1757 1416/1821/2234 1417/1844/2259 1418/1845/2260 1419/1846/2261 1420/1822/2235
s 144
f 1191/1630/2262 1192/1629/2196 1197/1787/2168 1196/1847/2263
f 1190/1633/2264 1191/1630/2262 1196/1847/2263 1195/1848/2265
f 1189/1635/2266 1190/1633/2264 1195/1848/2265 1194/1849/2267
f 1204/1637/2268 1205/1636/2182 1210/1782/2163 1209/1850/2269
f 1203/1639/2270 1204/1637/2268 1209/1850/2269 1208/1851/2271
f 1201/1643/2181 1202/1641/2272 1207/1852/2273 1206/1794/2175
f 1202/1641/2272 1203/1639/2270 1208/1851/2271 1207/1852/2273
f 1221/1645/2274 1222/1644/2189 1227/1784/2165 1226/1853/2275
f 1220/1647/2276 1221/1645/2274 1226/1853/2275 1225/1854/2277
f 1218/1651/2183 1219/1649/2278 1224/1855/2279 1223/1783/2164
f 1219/1649/2278 1220/1647/2276 1225/1854/2277 1224/1855/2279
f 1238/1653/2280 1239/1652/2185 1244/1797/2178 1243/1856/2281
f 1237/1656/2282 1238/1653/2280 1243/1856/2281 1242/1857/2283
f 1235/1660/2184 1236/1658/2284 1241/1858/2285 1240/1796/2177
f 1236/1658/2284 1237/1656/2282 1242/1857/2283 1241/1858/2285
f 1253/1663/2286 1254/1662/2191 1259/1791/2172 1258/1859/2287
f 1252/1666/2288 1253/1663/2286 1258/1859/2287 1257/1860/2289
f 1250/1670/2190 1251/1668/2290 1256/1861/2291 1255/1790/2171
f 1251/1668/2290 1252/1666/2288 1257/1860/2289 1256/1861/2291
f 1268/1672/2292 1720/2052/2293 1719/2051/2203 1273/1789/2170 1272/1862/2294
f 1267/1673/2295 1268/1672/2292 1272/1862/2294 1271/1863/2296
f 1265/1677/2195 1266/1675/2297 1270/1864/2298 1269/1788/2169
f 1266/1675/2297 1267/1673/2295 1271/1863/2296 1270/1864/2298
s 120
f 1277/1806/2201 1281/1825/2240 1285/1680/2299 1286/1679/2202
f 1281/1825/2240 1280/1824/2239 1284/1683/2300 1285/1680/2299
f 1280/1824/2239 1279/1823/2238 1283/1685/2301 1284/1683/2300
f 1279/1823/2238 1278/1804/2198 1282/1687/2197 1283/1685/2301
f 1292/1807/2205 1296/1828/2243 1300/1690/2302 1301/1689/2206
f 1296/1828/2243 1295/1827/2242 1299/1693/2303 1300/1690/2302
f 1295/1827/2242 1294/1826/2241 1298/1695/2304 1299/1693/2303
f 1294/1826/2241 1293/1805/2200 1297/1697/2199 1298/1695/2304
s 144
f 1310/1700/2305 1311/1699/2227 1335/1795/2176 1334/1865/2306
f 1309/1702/2307 1310/1700/2305 1334/1865/2306 1333/1866/2308
f 1307/1706/2155 1308/1704/2309 1332/1867/2310 1331/1777/2156
f 1308/1704/2309 1309/1702/2307 1333/1866/2308 1332/1867/2310
s 112
f 1325/1410/1720 1324/1868/2311 1329/1708/2312 1330/1707/2207
f 1324/1868/2311 1323/1869/2313 1328/1711/2314 1329/1708/2312
f 1323/1869/2313 1322/1870/2315 1327/1713/2316 1328/1711/2314
f 1322/1870/2315 1321/1627/1999 1326/1715/2154 1327/1713/2316
s 144
f 1206/1794/2175 1207/1852/2273 1334/1865/2306 1335/1795/2176
f 1207/1852/2273 1208/1851/2271 1333/1866/2308 1334/1865/2306
f 1208/1851/2271 1209/1850/2269 1332/1867/2310 1333/1866/2308
f 1209/1850/2269 1210/1782/2163 1331/1777/2156 1332/1867/2310
f 1223/1783/2164 1224/1855/2279 1339/1714/2091 1340/1716/2093
f 1224/1855/2279 1225/1854/2277 1338/1712/2089 1339/1714/2091
f 1225/1854/2277 1226/1853/2275 1337/1709/2086 1338/1712/2089
f 1226/1853/2275 1227/1784/2165 1336/1710/2087 1337/1709/2086
s 112
f 1341/1818/2228 1345/1831/2246 1349/1718/2317 1350/1717/2229
f 1345/1831/2246 1344/1830/2245 1348/1721/2318 1349/1718/2317
f 1344/1830/2245 1343/1829/2244 1347/1723/2319 1348/1721/2318
f 1343/1829/2244 1342/1808/2209 1346/1725/2208 1347/1723/2319
s 144
f 1240/1796/2177 1241/1858/2285 1354/1724/2101 1355/1726/2103
f 1241/1858/2285 1242/1857/2283 1353/1722/2099 1354/1724/2101
f 1242/1857/2283 1243/1856/2281 1352/1719/2096 1353/1722/2099
f 1243/1856/2281 1244/1797/2178 1351/1720/2097 1352/1719/2096
s 112
f 1356/1809/2210 1360/1834/2249 1364/1728/2320 1365/1727/2211
f 1360/1834/2249 1359/1833/2248 1363/1731/2321 1364/1728/2320
f 1359/1833/2248 1358/1832/2247 1362/1733/2322 1363/1731/2321
f 1358/1832/2247 1357/1780/2160 1361/1735/2159 1362/1733/2322
s 144
f 1193/1786/2167 1194/1849/2267 1369/1734/2111 1370/1736/2113
f 1194/1849/2267 1195/1848/2265 1368/1732/2109 1369/1734/2111
f 1195/1848/2265 1196/1847/2263 1367/1729/2106 1368/1732/2109
f 1196/1847/2263 1197/1787/2168 1366/1730/2107 1367/1729/2106
s 112
f 1371/1813/2218 1375/1837/2252 1379/1738/2323 1380/1737/2219
f 1375/1837/2252 1374/1836/2251 1378/1741/2324 1379/1738/2323
f 1374/1836/2251 1373/1835/2250 1377/1743/2325 1378/1741/2324
f 1373/1835/2250 1372/1810/2213 1376/1745/2212 1377/1743/2325
s 144
f 1255/1790/2171 1256/1861/2291 1384/1744/2121 1385/1746/2123
f 1256/1861/2291 1257/1860/2289 1383/1742/2119 1384/1744/2121
f 1257/1860/2289 1258/1859/2287 1382/1739/2116 1383/1742/2119
f 1258/1859/2287 1259/1791/2172 1381/1740/2117 1382/1739/2116
s 112
f 1386/1812/2216 1390/1840/2255 1394/1748/2326 1395/1747/2217
f 1390/1840/2255 1389/1839/2254 1393/1751/2327 1394/1748/2326
f 1389/1839/2254 1388/1838/2253 1392/1753/2328 1393/1751/2327
f 1388/1838/2253 1387/1811/2215 1391/1755/2214 1392/1753/2328
s 144
f 1269/1788/2169 1270/1864/2298 1399/1754/2131 1400/1756/2133
f 1270/1864/2298 1271/1863/2296 1398/1752/2129 1399/1754/2131
f 1271/1863/2296 1272/1862/2294 1397/1749/2126 1398/1752/2129
f 1272/1862/2294 1273/1789/2170 1396/1750/2127 1397/1749/2126
s 112
f 1405/1817/2225 1404/1843/2258 1409/1758/2329 1410/1757/2226
f 1404/1843/2258 1403/1842/2257 1408/1761/2330 1409/1758/2329
f 1403/1842/2257 1402/1841/2256 1407/1763/2331 1408/1761/2330
f 1402/1841/2256 1401/1816/2224 1406/1765/2223 1407/1763/2331
s 144
f 1287/1682/2059 1288/1681/2058 1414/1764/2141 1415/1766/2143
f 1288/1681/2058 1289/1684/2061 1413/1762/2139 1414/1764/2141
f 1289/1684/2061 1290/1686/2063 1412/1759/2136 1413/1762/2139
f 1290/1686/2063 1291/1688/2065 1411/1760/2137 1412/1759/2136
s 112
f 1420/1822/2235 1419/1846/2261 1424/1768/2332 1425/1767/2236
f 1419/1846/2261 1418/1845/2260 1423/1771/2333 1424/1768/2332
f 1418/1845/2260 1417/1844/2259 1422/1773/2334 1423/1771/2333
f 1417/1844/2259 1416/1821/2234 1421/1775/2233 1422/1773/2334
s 144
f 1302/1692/2069 1303/1691/2068 1429/1774/2151 1430/1776/2153
f 1303/1691/2068 1304/1694/2071 1428/1772/2149 1429/1774/2151
f 1304/1694/2071 1305/1696/2073 1427/1769/2146 1428/1772/2149
f 1305/1696/2073 1306/1698/2075 1426/1770/2147 1427/1769/2146
s 120
f 1213/1622/1994 1214/1638/2013 1431/1871/2335 1212/1490/1803
f 1212/1490/1803 1431/1871/2335 1432/1872/2336 1211/1491/1804
f 1211/1491/1804 1432/1872/2336 1216/1642/2017 1217/1621/1993
f 1214/1638/2013 1215/1640/2015 1433/1873/2337 1431/1871/2335
f 1431/1871/2335 1433/1873/2337 1432/1872/2336
f 1432/1872/2336 1433/1873/2337 1215/1640/2015 1216/1642/2017
f 1229/1459/1769 1230/1646/2021 1434/1874/2338 1228/1460/1770
f 1228/1460/1770 1434/1874/2338 1435/1875/2339 1234/1623/1995
f 1234/1623/1995 1435/1875/2339 1232/1650/2025 1233/1624/1996
f 1230/1646/2021 1231/1648/2023 1436/1876/2340 1434/1874/2338
f 1434/1874/2338 1436/1876/2340 1435/1875/2339
f 1435/1875/2339 1436/1876/2340 1231/1648/2023 1232/1650/2025
s 112
f 1313/1625/1997 1314/1701/2078 1437/1877/2341 1312/1442/1752
f 1312/1442/1752 1437/1877/2341 1438/1878/2342 1318/1443/1753
f 1318/1443/1753 1438/1878/2342 1316/1705/2082 1317/1626/1998
f 1314/1701/2078 1315/1703/2080 1439/1879/2343 1437/1877/2341
f 1437/1877/2341 1439/1879/2343 1438/1878/2342
f 1438/1878/2342 1439/1879/2343 1315/1703/2080 1316/1705/2082
f 1321/1627/1999 1322/1870/2315 1440/1880/2344 1320/1628/2000
f 1320/1628/2000 1440/1880/2344 1441/1881/2345 1319/1409/1719
f 1319/1409/1719 1441/1881/2345 1324/1868/2311 1325/1410/1720
f 1322/1870/2315 1323/1869/2313 1442/1882/2346 1440/1880/2344
f 1440/1880/2344 1442/1882/2346 1441/1881/2345
f 1441/1881/2345 1442/1882/2346 1323/1869/2313 1324/1868/2311
s 120
f 1445/1883/2347 1444/1884/2348 1447/1885/2349 1446/1886/2350
s 190
f 1444/1884/2351 1443/1887/2352 1448/1888/2353 1447/1885/2354
f 1451/1889/2355 1450/1890/2356 1453/1891/2357 1452/1892/2358
s 112
f 1450/1890/2359 1449/1893/2360 1454/1894/2361 1453/1891/2362
s 193
f 1457/1895/2363 1456/1896/2364 1459/1897/2365 1458/1898/2366
s 120
f 1456/1896/2367 1455/1899/2368 1460/1900/2369 1459/1897/2370
s 195
f 1463/1901/2371 1462/1902/2372 1465/1903/2373 1464/1904/2374
s 120
f 1462/1902/2375 1461/1905/2376 1466/1906/2377 1465/1903/2378
s 112
f 1469/1907/2379 1468/1908/2380 1471/1909/2381 1470/1910/2382
s 195
f 1468/1908/2383 1467/1911/2384 1472/1912/2385 1471/1909/2386
s 112
f 1475/1913/2387 1474/1914/2388 1477/1915/2389 1476/1916/2390
s 193
f 1474/1914/2391 1473/1917/2392 1478/1918/2393 1477/1915/2394
s 120
f 1481/1919/2395 1480/1920/2396 1483/1921/2397 1482/1922/2398
s 202
f 1480/1920/2399 1479/1923/2400 1484/1924/2401 1483/1921/2402
f 1487/1925/2403 1486/1926/2404 1489/1927/2405 1488/1928/2406
s 112
f 1486/1926/2407 1485/1929/2408 1490/1930/2409 1489/1927/2410
f 896/1202/1481 895/1175/1453 971/1179/1457 1469/1907/2379 1470/1910/2382 976/1203/1482
f 923/1206/1485 922/1200/1479 975/1204/1483 1490/1930/2409 1485/1929/2408 967/1207/1486
s 120
f 844/1268/1549 973/1267/1548 1466/1906/2377 1461/1905/2376 970/1235/1515 843/1234/1514
f 869/1274/1555 965/1273/1554 1481/1919/2395 1482/1922/2398 974/1266/1547 868/1265/1546
s 190
f 1452/1892/2358 1448/1888/2353 1443/1887/2352 1451/1889/2355
s 193
f 1473/1917/2392 1457/1895/2363 1458/1898/2366 1478/1918/2393
s 195
f 1467/1911/2384 1463/1901/2371 1464/1904/2374 1472/1912/2385
s 202
f 1488/1928/2406 1484/1924/2401 1479/1923/2400 1487/1925/2403
s 120
f 1446/1886/2350 966/1272/1553 842/1271/1552 841/1346/1642 961/1345/1641 1445/1883/2347
s 112
f 968/1208/1487 1454/1894/2361 1449/1893/2360 964/1349/1645 899/1353/1649 900/1209/1488
s 120
f 969/1236/1516 1460/1900/2369 1455/1899/2368 962/1344/1640 859/1348/1644 858/1237/1517
s 112
f 1476/1916/2390 972/1178/1456 904/1177/1455 902/1351/1647 963/1350/1646 1475/1913/2387
s 190
f 1443/1887/2352 1491/1931/2411 1494/1932/2412 1451/1889/2355
s 193
f 1491/1931/2413 1457/1895/2363 1473/1917/2392 1494/1932/2414
s 202
f 1479/1923/2400 1497/1933/2415 1500/1934/2416 1487/1925/2403
s 190
f 1497/1933/2417 1448/1888/2353 1452/1892/2358 1500/1934/2418
s 193
f 1458/1898/2366 1503/1935/2419 1506/1936/2420 1478/1918/2393
s 195
f 1503/1935/2421 1463/1901/2371 1467/1911/2384 1506/1936/2422
f 1464/1904/2374 1509/1937/2423 1512/1938/2424 1472/1912/2385
s 202
f 1509/1937/2425 1484/1924/2401 1488/1928/2406 1512/1938/2426
s 120
f 1455/1899/2368 1493/1939/2427 977/1354/1650 962/1344/1640
f 961/1345/1641 977/1354/1650 1493/1939/2427 1445/1883/2347
s 112
f 1449/1893/2360 1496/1940/2428 978/1355/1651 964/1349/1645
f 963/1350/1646 978/1355/1651 1496/1940/2428 1475/1913/2387
s 120
f 1446/1886/2350 1499/1941/2429 979/1356/1652 966/1272/1553
f 965/1273/1554 979/1356/1652 1499/1941/2429 1481/1919/2395
s 112
f 1485/1929/2408 1502/1942/2430 980/1357/1653 967/1207/1486
f 968/1208/1487 980/1357/1653 1502/1942/2430 1454/1894/2361
s 120
f 1461/1905/2376 1505/1943/2431 981/1358/1654 970/1235/1515
f 969/1236/1516 981/1358/1654 1505/1943/2431 1460/1900/2369
s 112
f 1476/1916/2390 1508/1944/2432 982/1359/1655 972/1178/1456
f 971/1179/1457 982/1359/1655 1508/1944/2432 1469/1907/2379
s 120
f 1482/1922/2398 1511/1945/2433 983/1360/1656 974/1266/1547
f 973/1267/1548 983/1360/1656 1511/1945/2433 1466/1906/2377
s 112
f 1470/1910/2382 1514/1946/2434 984/1361/1657 976/1203/1482
f 975/1204/1483 984/1361/1657 1514/1946/2434 1490/1930/2409
s 190
f 1443/1887/2352 1444/1884/2351 1492/1947/2435 1491/1931/2411
s 120
f 1444/1884/2348 1445/1883/2347 1493/1939/2427 1492/1947/2436
s 190
f 1452/1892/2358 1453/1891/2357 1501/1948/2437 1500/1934/2418
s 112
f 1453/1891/2362 1454/1894/2361 1502/1942/2430 1501/1948/2438
s 193
f 1458/1898/2366 1459/1897/2365 1504/1949/2439 1503/1935/2419
s 120
f 1459/1897/2370 1460/1900/2369 1505/1943/2431 1504/1949/2440
s 195
f 1464/1904/2374 1465/1903/2373 1510/1950/2441 1509/1937/2423
s 120
f 1465/1903/2378 1466/1906/2377 1511/1945/2433 1510/1950/2442
s 195
f 1467/1911/2384 1468/1908/2383 1507/1951/2443 1506/1936/2422
s 112
f 1468/1908/2380 1469/1907/2379 1508/1944/2432 1507/1951/2444
s 193
f 1473/1917/2392 1474/1914/2391 1495/1952/2445 1494/1932/2414
s 112
f 1474/1914/2388 1475/1913/2387 1496/1940/2428 1495/1952/2446
s 202
f 1479/1923/2400 1480/1920/2399 1498/1953/2447 1497/1933/2415
s 120
f 1480/1920/2396 1481/1919/2395 1499/1941/2429 1498/1953/2448
s 202
f 1488/1928/2406 1489/1927/2405 1513/1954/2449 1512/1938/2426
s 112
f 1489/1927/2410 1490/1930/2409 1514/1946/2434 1513/1954/2450
s 120
f 1455/1899/2368 1456/1896/2367 1492/1947/2436 1493/1939/2427
s 193
f 1456/1896/2364 1457/1895/2363 1491/1931/2413 1492/1947/2451
s 112
f 1449/1893/2360 1450/1890/2359 1495/1952/2446 1496/1940/2428
s 190
f 1450/1890/2356 1451/1889/2355 1494/1932/2412 1495/1952/2452
s 120
f 1446/1886/2350 1447/1885/2349 1498/1953/2448 1499/1941/2429
s 190
f 1447/1885/2354 1448/1888/2353 1497/1933/2417 1498/1953/2453
s 112
f 1485/1929/2408 1486/1926/2407 1501/1948/2438 1502/1942/2430
s 202
f 1486/1926/2404 1487/1925/2403 1500/1934/2416 1501/1948/2454
s 120
f 1461/1905/2376 1462/1902/2375 1504/1949/2440 1505/1943/2431
s 195
f 1462/1902/2372 1463/1901/2371 1503/1935/2421 1504/1949/2455
s 112
f 1476/1916/2390 1477/1915/2389 1507/1951/2444 1508/1944/2432
s 193
f 1477/1915/2394 1478/1918/2393 1506/1936/2420 1507/1951/2456
s 120
f 1482/1922/2398 1483/1921/2397 1510/1950/2442 1511/1945/2433
s 202
f 1483/1921/2402 1484/1924/2401 1509/1937/2425 1510/1950/2457
s 112
f 1470/1910/2382 1471/1909/2381 1513/1954/2450 1514/1946/2434
s 195
f 1471/1909/2386 1472/1912/2385 1512/1938/2424 1513/1954/2458
s 112
f 1149/1563/1876 1148/1609/1969 1537/1955/2459 1538/1956/2460
s 144
f 1148/1609/1970 1147/1562/1875 1558/1957/2461 1537/1955/2462
f 1027/1561/1874 1557/1958/2463 1558/1957/2461 1147/1562/1875
f 1027/1561/1874 1026/1575/1899 1556/1959/2464 1557/1958/2463
s 120
f 1026/1575/1900 1025/1560/1873 1555/1960/2465 1556/1959/2466
f 1554/1961/2467 1555/1960/2465 1025/1560/1873 848/1306/1588
f 1577/1962/2468 1554/1961/2467 848/1306/1588 1576/1305/1587
f 839/1303/1585 1552/1963/2469 1553/1964/2470 856/1304/1586
f 840/1302/1584 1551/1965/2471 1552/1963/2469 839/1303/1585
f 1550/1966/2472 1551/1965/2471 840/1302/1584 866/1301/1583
f 1613/1967/2473 1550/1966/2472 866/1301/1583 1612/1300/1582
f 1033/1558/1871 1548/1968/2474 1549/1969/2475 874/1559/1872
f 1033/1558/1871 1032/1578/1905 1547/1970/2476 1548/1968/2474
s 144
f 1032/1578/1906 1031/1556/1869 1546/1971/2477 1547/1970/2478
f 1545/1972/2479 1546/1971/2477 1031/1556/1869 1101/1557/1870
f 1101/1557/1870 1100/1597/1945 1544/1973/2480 1545/1972/2479
s 112
f 1100/1597/1946 1099/1555/1868 1543/1974/2481 1544/1973/2482
f 1099/1555/1868 893/1554/1867 1542/1975/2483 1543/1974/2481
s 139
f 1541/1976/2484 1631/1977/2485 1632/1978/2486 959/1979/2487
s 136
f 1639/1328/2488 1640/1980/2489 1540/1981/2490 956/1329/2491
s 112
f 1538/1956/2460 1539/1982/2492 911/1308/1590 1149/1563/1876
f 1538/1956/2460 1537/1955/2459 1516/1610/1971 1515/1434/1744
f 1515/1434/1744 1536/1433/1743 1539/1982/2492 1538/1956/2460
s 136
f 1540/1981/2490 1640/1980/2489 1641/1330/1616 1535/1331/1619
s 139
f 1534/1338/1630 1650/1337/1629 1631/1977/2485 1541/1976/2484
s 112
f 1543/1974/2481 1542/1975/2483 1533/1416/1726 1532/1415/1725
f 1544/1973/2482 1543/1974/2481 1532/1415/1725 1531/1598/1949
s 144
f 1545/1972/2479 1544/1973/2480 1531/1598/1947 1530/1502/1815
f 1530/1502/1815 1529/1501/1814 1546/1971/2477 1545/1972/2479
f 1547/1970/2478 1546/1971/2477 1529/1501/1814 1528/1579/1909
s 120
f 1548/1968/2474 1547/1970/2476 1528/1579/1907 1527/1463/1773
f 1549/1969/2475 1548/1968/2474 1527/1463/1773 1526/1466/1776
f 1614/1284/1566 1525/1264/1545 1550/1966/2472 1613/1967/2473
f 1525/1264/1545 1524/1232/1512 1551/1965/2471 1550/1966/2472
f 1552/1963/2469 1551/1965/2471 1524/1232/1512 1523/1228/1508
f 1553/1964/2470 1552/1963/2469 1523/1228/1508 1522/1231/1511
f 1578/1252/1533 1521/1251/1532 1554/1961/2467 1577/1962/2468
f 1521/1251/1532 1520/1481/1794 1555/1960/2465 1554/1961/2467
f 1556/1959/2466 1555/1960/2465 1520/1481/1794 1519/1576/1903
s 144
f 1557/1958/2463 1556/1959/2464 1519/1576/1901 1518/1526/1839
f 1558/1957/2461 1557/1958/2463 1518/1526/1839 1517/1529/1842
f 1537/1955/2462 1558/1957/2461 1517/1529/1842 1516/1610/1973
s 112
f 890/1309/1591 948/1171/1449 1560/1188/1467 1559/1307/1589
f 948/1171/1449 886/1170/1448 1561/1186/1464 1560/1188/1467
f 886/1170/1448 885/1408/1718 1562/1185/1465 1561/1186/1464
f 1563/1181/1459 1562/1185/1463 885/1408/1718 889/1412/1722
f 1564/1182/1460 1563/1181/1459 889/1412/1722 906/1429/1739
f 1565/1440/1750 1564/1182/1460 906/1429/1739 1168/1815/2221
f 1168/1815/2221 1169/1814/2220 1566/1616/1983 1565/1440/1750
s 144
f 1169/1814/2222 1170/1793/2174 1567/1543/1856 1566/1616/1985
f 1018/1792/2173 1568/1540/1853 1567/1543/1856 1170/1793/2174
f 1018/1792/2173 1017/1802/2192 1569/1590/1929 1568/1540/1853
s 120
f 1017/1802/2194 1016/1803/2193 1570/1487/1800 1569/1590/1931
f 1571/1241/1521 1570/1487/1800 1016/1803/2193 861/1473/1786
f 1572/1242/1522 1571/1241/1521 861/1473/1786 853/1457/1767
f 1573/1244/1524 1572/1242/1522 853/1457/1767 854/1456/1766
f 855/1225/1505 1574/1245/1525 1573/1244/1527 854/1456/1766
f 945/1224/1504 1575/1247/1528 1574/1245/1525 855/1225/1505
f 856/1304/1586 1576/1305/1587 1575/1247/1528 945/1224/1504
f 1553/1964/2470 1577/1962/2468 1576/1305/1587 856/1304/1586
f 1522/1231/1511 1578/1252/1533 1577/1962/2468 1553/1964/2470
f 934/1230/1510 1579/1249/1530 1578/1252/1533 1522/1231/1511
f 857/1238/1518 1580/1256/1537 1579/1249/1530 934/1230/1510
f 858/1237/1517 1581/1253/1534 1580/1256/1537 857/1238/1518
f 859/1348/1644 1582/1257/1538 1581/1253/1534 858/1237/1517
f 860/1347/1643 1583/1259/1540 1582/1257/1538 859/1348/1644
s 144
f 1585/1538/1851 1584/1537/1850 1000/1504/1817 1105/1384/1687
f 1105/1384/1687 1106/1381/1686 1586/1614/1979 1585/1538/1851
s 112
f 1106/1381/1683 1107/1380/1682 1587/1438/1748 1586/1614/1981
f 1107/1380/1682 898/1352/1648 1588/1196/1475 1587/1438/1748
f 898/1352/1648 902/1351/1647 1589/1194/1473 1588/1196/1475
f 902/1351/1647 904/1177/1455 1590/1190/1469 1589/1194/1473
f 904/1177/1455 894/1176/1454 1591/1191/1470 1590/1190/1469
f 894/1176/1454 925/1290/1572 1592/1294/1576 1591/1191/1470
s 134
f 1593/1324/1610 1643/1323/1609 1644/1314/2493 951/1317/2494
s 135
f 1637/1311/2495 1638/1327/1613 1594/1326/1612 949/1312/2496
s 112
f 893/1554/1867 940/1413/1723 1596/1217/1497 1595/1299/1581
f 940/1413/1723 882/1405/1715 1597/1216/1495 1596/1217/1497
f 882/1405/1715 881/1404/1714 1598/1215/1496 1597/1216/1495
f 1599/1211/1490 1598/1215/1494 881/1404/1714 887/1406/1716
f 1600/1212/1491 1599/1211/1490 887/1406/1716 888/1407/1717
f 1601/1446/1756 1600/1212/1491 888/1407/1717 1183/1820/2231
f 1183/1820/2231 1184/1819/2230 1602/1619/1989 1601/1446/1756
s 144
f 1184/1819/2232 1185/1799/2180 1603/1553/1866 1602/1619/1991
f 1009/1798/2179 1604/1550/1863 1603/1553/1866 1185/1799/2180
f 1009/1798/2179 1008/1800/2186 1605/1592/1933 1604/1550/1863
s 120
f 1008/1800/2188 1007/1801/2187 1606/1493/1806 1605/1592/1935
f 1607/1277/1558 1606/1493/1806 1007/1801/2187 879/1453/1763
f 1608/1278/1559 1607/1277/1558 879/1453/1763 871/1452/1762
f 1609/1280/1561 1608/1278/1559 871/1452/1762 872/1451/1761
f 873/1450/1760 1610/1281/1562 1609/1280/1563 872/1451/1761
f 941/1462/1772 1611/1282/1564 1610/1281/1562 873/1450/1760
f 874/1559/1872 1612/1300/1582 1611/1282/1564 941/1462/1772
f 1549/1969/2475 1613/1967/2473 1612/1300/1582 874/1559/1872
f 1526/1466/1776 1614/1284/1566 1613/1967/2473 1549/1969/2475
f 930/1465/1775 1615/1283/1565 1614/1284/1566 1526/1466/1776
f 875/1472/1785 1616/1286/1568 1615/1283/1565 930/1465/1775
f 876/1471/1784 1617/1285/1567 1616/1286/1568 875/1472/1785
f 877/1470/1783 1618/1287/1569 1617/1285/1567 876/1471/1784
f 878/1469/1782 1619/1288/1570 1618/1287/1569 877/1470/1783
s 144
f 1621/1549/1862 1620/1548/1861 997/1785/2166 1114/1781/2162
f 1114/1781/2162 1115/1779/2161 1622/1618/1987 1621/1549/1862
s 112
f 1115/1779/2158 1116/1778/2157 1623/1445/1755 1622/1618/1988
f 1116/1778/2157 901/1422/1732 1624/1221/1501 1623/1445/1755
f 901/1422/1732 903/1421/1731 1625/1220/1500 1624/1221/1501
f 903/1421/1731 905/1425/1735 1626/1218/1498 1625/1220/1500
f 905/1425/1735 897/1427/1737 1627/1219/1499 1626/1218/1498
f 897/1427/1737 929/1417/1727 1628/1293/1575 1627/1219/1499
s 141
f 1629/1343/1638 1648/1342/1637 1649/1336/2497 960/1339/2498
s 140
f 1632/1978/2499 1633/1341/1633 1630/1340/1632 959/1979/2500
s 139
f 1631/1977/2485 1651/1983/2501 1652/1984/2502 1632/1978/2486
s 140
f 1652/1984/2503 1653/1985/2504 1633/1341/1633 1632/1978/2499
f 1634/1332/1634 1633/1341/1633 1653/1985/2504 1654/1986/2505
s 137
f 1654/1986/2506 1655/1987/2507 1635/1318/1621 1634/1332/1620
s 132
f 1655/1987/2508 1656/1988/2509 1636/1310/1601 1635/1318/1600
s 130
f 1656/1988/2510 1657/1989/2511 1637/1311/1593 1636/1310/1592
s 135
f 1657/1989/2512 1658/1990/2513 1638/1327/1613 1637/1311/2495
f 1639/1328/1614 1638/1327/1613 1658/1990/2513 1659/1991/2514
s 136
f 1659/1991/2515 1660/1992/2516 1640/1980/2489 1639/1328/2488
f 1641/1330/1616 1640/1980/2489 1660/1992/2516 1661/1993/2517
f 1661/1993/2517 1662/1994/2518 1642/1322/1617 1641/1330/1616
s 134
f 1662/1994/2519 1663/1995/2520 1643/1323/1609 1642/1322/1608
f 1644/1314/2493 1643/1323/1609 1663/1995/2520 1664/1996/2521
s 131
f 1664/1996/2522 1665/1997/2523 1645/1315/1597 1644/1314/1596
s 133
f 1665/1997/2524 1666/1998/2525 1646/1320/1605 1645/1315/1604
s 138
f 1666/1998/2526 1667/1999/2527 1647/1334/1625 1646/1320/1624
s 141
f 1667/1999/2528 1668/2000/2529 1648/1342/1637 1647/1334/1636
f 1649/1336/2497 1648/1342/1637 1668/2000/2529 1669/2001/2530
s 139
f 1669/2001/2531 1670/2002/2532 1650/1337/1629 1649/1336/1628
f 1631/1977/2485 1650/1337/1629 1670/2002/2532 1651/1983/2501
f 1651/1983/2501 1542/1975/2533 893/1554/2534 1652/1984/2502
s 140
f 893/1554/2535 1595/1299/2536 1653/1985/2504 1652/1984/2503
f 1654/1986/2505 1653/1985/2504 1595/1299/2536 920/1298/2537
s 137
f 920/1298/2538 892/1297/2539 1655/1987/2507 1654/1986/2506
s 132
f 892/1297/2540 891/1296/2541 1656/1988/2509 1655/1987/2508
s 130
f 891/1296/2542 890/1309/2543 1657/1989/2511 1656/1988/2510
s 135
f 890/1309/2544 1559/1307/2545 1658/1990/2513 1657/1989/2512
f 1659/1991/2514 1658/1990/2513 1559/1307/2545 911/1308/2546
s 136
f 911/1308/2547 1539/1982/2548 1660/1992/2516 1659/1991/2515
f 1661/1993/2517 1660/1992/2516 1539/1982/2548 1536/1433/2549
f 1536/1433/2549 936/1295/2550 1662/1994/2518 1661/1993/2517
s 134
f 936/1295/2551 1592/1294/2552 1663/1995/2520 1662/1994/2519
f 1664/1996/2521 1663/1995/2520 1592/1294/2552 925/1290/2553
s 131
f 925/1290/2554 926/1289/2555 1665/1997/2523 1664/1996/2522
s 133
f 926/1289/2556 927/1291/2557 1666/1998/2525 1665/1997/2524
s 138
f 927/1291/2558 928/1292/2559 1667/1999/2527 1666/1998/2526
s 141
f 928/1292/2560 1628/1293/2561 1668/2000/2529 1667/1999/2528
f 1669/2001/2530 1668/2000/2529 1628/1293/2561 929/1417/2562
s 139
f 929/1417/2563 1533/1416/2564 1670/2002/2532 1669/2001/2531
f 1651/1983/2501 1670/2002/2532 1533/1416/2564 1542/1975/2533
s 206
f 1673/2003/2565 1674/2004/2566 1683/2005/2567 1684/2006/2568
f 1672/2007/2569 1673/2003/2565 1684/2006/2568 1685/2008/2570
f 1686/2009/2571 1687/2010/2572 1679/2011/2573 1688/2012/2574
f 1689/2013/2575 1671/2014/2576 1672/2007/2569 1685/2008/2570
f 1690/2015/2577 1681/2016/2578 1671/2014/2576 1689/2013/2575
f 1678/2017/2579 1682/2018/2580 1691/2019/2581 1692/2020/2582
f 1677/2021/2583 1678/2017/2579 1692/2020/2582 1693/2022/2584
f 1693/2022/2584 1694/2023/2585 1676/2024/2586 1677/2021/2583
f 1694/2023/2585 1695/2025/2587 1675/2026/2588 1676/2024/2586
f 1698/2027/2589 1680/2028/2590 1696/2029/2591 1697/2030/2592
f 1680/2028/2590 1698/2027/2589 1688/2012/2574 1679/2011/2573
f 1676/2024/2586 1675/2026/2588 1674/2004/2566 1673/2003/2565
f 1677/2021/2583 1676/2024/2586 1673/2003/2565 1672/2007/2569
f 1678/2017/2579 1677/2021/2583 1672/2007/2569 1671/2014/2576
f 1682/2018/2580 1678/2017/2579 1671/2014/2576 1681/2016/2578
f 1679/2011/2573 1687/2010/2572 1683/2005/2567 1674/2004/2566
f 1675/2026/2588 1680/2028/2590 1679/2011/2573 1674/2004/2566
f 1696/2029/2591 1680/2028/2590 1675/2026/2588 1695/2025/2587
f 1699/2031/2593 1700/2032/2594 1681/2016/2578 1690/2015/2577
f 1700/2032/2594 1701/2033/2595 1682/2018/2580 1681/2016/2578
f 1691/2019/2581 1682/2018/2580 1701/2033/2595 1702/2034/2596
s 120
f 1723/2055/2597 1713/2045/2237 852/1260/1541 1583/1259/1540
f 1714/2046/2598 1711/2043/1779 842/1271/1552 870/1270/1551
f 1725/2057/2599 1714/2046/2598 870/1270/1551 1619/1288/1570
s 144
f 1704/2036/1938 1726/2058/2600 1620/1548/1861 1080/1546/1859
f 1705/2037/2601 1706/2038/1937 998/1506/1819 999/1505/1818
f 1707/2039/2602 1705/2037/2601 999/1505/1818 1000/1504/1817
f 1708/2040/2204 1724/2056/2603 1584/1537/1850 1076/1536/1849
s 120
f 1721/2053/2051 1720/2052/2604 1268/1672/2047
s 144
f 1703/2035/2605 1715/2047/2606 1193/1786/2167 997/1785/2166
s 120
f 1717/2049/2009 1712/2044/2607 878/1469/1782 1040/1468/1781 1198/1632/2004 1199/1631/2003 1200/1634/2006
s 144
f 1715/2047/2606 1718/2050/2608 1189/1635/2266 1194/1849/2267 1193/1786/2167
s 120
f 1710/2042/1778 1723/2055/2597 1583/1259/1540 860/1347/1643
s 144
f 1724/2056/2603 1707/2039/2602 1000/1504/1817 1584/1537/1850
s 120
f 1712/2044/2607 1725/2057/2599 1619/1288/1570 878/1469/1782
s 144
f 1726/2058/2600 1703/2035/2605 997/1785/2166 1620/1548/1861
s 207
f 1728/2059/2609 1770/2062/2610 1771/2061/2611 1727/2060/2612
s 208
f 1727/2063/2613 1771/2066/2614 1772/2065/2615 1732/2064/2616
f 1730/2067/2617 1736/2070/2618 1737/2069/2619 1729/2068/2620
s 207
f 1729/2071/2621 1737/2073/2622 1738/2072/2623 1728/2059/2609
s 208
f 1732/2064/2616 1740/2076/2624 1741/2075/2625 1731/2074/2626
f 1731/2074/2626 1741/2075/2625 1742/2077/2627 1730/2067/2617
s 211
f 1734/2078/2628 1778/2081/2629 1779/2080/2630 1733/2079/2631
s 207
f 1733/2082/2632 1779/2084/2633 1780/2083/2634 1738/2072/2623
s 208
f 1736/2070/2618 1748/2087/2635 1749/2086/2636 1735/2085/2637
s 211
f 1735/2085/2638 1749/2086/2639 1750/2088/2640 1734/2078/2628
s 208
f 1740/2076/2624 1754/2091/2641 1755/2090/2642 1739/2089/2643
s 215
f 1739/2092/2644 1755/2095/2645 1756/2094/2646 1744/2093/2647
f 1744/2093/2647 1746/2098/2648 1747/2097/2649 1743/2096/2650
s 208
f 1743/2096/2651 1747/2097/2652 1748/2087/2635 1742/2077/2627
s 215
f 1746/2098/2648 1762/2101/2653 1763/2100/2654 1745/2099/2655
s 211
f 1745/2102/2656 1763/2104/2657 1764/2103/2658 1750/2088/2640
s 217
f 1752/2105/2659 1800/2108/2660 1795/2107/2661 1751/2106/2662
s 215
f 1751/2109/2663 1795/2112/2664 1796/2111/2665 1758/2110/2666
s 208
f 1754/2091/2641 1772/2065/2615 1773/2114/2667 1753/2113/2668
s 217
f 1753/2115/2669 1773/2117/2670 1774/2116/2671 1752/2105/2659
s 215
f 1758/2110/2666 1760/2120/2672 1761/2119/2673 1757/2118/2674
f 1757/2121/2674 1761/2122/2673 1762/2101/2653 1756/2094/2646
f 1760/2120/2672 1806/2125/2675 1801/2124/2676 1759/2123/2677
s 219
f 1759/2126/2678 1801/2129/2679 1802/2128/2680 1766/2127/2681
f 1766/2127/2681 1776/2132/2682 1777/2131/2683 1765/2130/2684
s 211
f 1765/2133/2685 1777/2134/2686 1778/2081/2629 1764/2103/2658
s 207
f 1768/2135/2687 1788/2138/2688 1783/2137/2689 1767/2136/2690
s 217
f 1767/2139/2691 1783/2141/2692 1784/2140/2693 1774/2116/2671
s 207
f 1770/2062/2610 1780/2083/2634 1781/2143/2694 1769/2142/2695
f 1769/2144/2695 1781/2146/2694 1782/2145/2696 1768/2135/2687
s 219
f 1776/2132/2682 1794/2149/2697 1789/2148/2698 1775/2147/2699
s 207
f 1775/2150/2700 1789/2152/2701 1790/2151/2702 1782/2145/2696
s 217
f 1786/2153/2703 1798/2156/2704 1799/2155/2705 1785/2154/2706
f 1785/2154/2706 1799/2155/2705 1800/2108/2660 1784/2140/2693
s 207
f 1788/2138/2688 1790/2151/2702 1791/2158/2707 1787/2157/2708
s 217
f 1787/2159/2709 1791/2161/2710 1792/2160/2711 1786/2153/2703
s 219
f 1794/2149/2697 1802/2128/2680 1803/2163/2712 1793/2162/2713
s 217
f 1793/2162/2714 1803/2163/2715 1804/2164/2716 1792/2160/2711
f 1798/2156/2704 1804/2164/2716 1805/2166/2717 1797/2165/2718
s 215
f 1797/2165/2719 1805/2166/2720 1806/2125/2675 1796/2111/2665
s 226
f 1808/2167/2721 1850/2170/2722 1851/2169/2723 1807/2168/2724
s 227
f 1807/2171/2725 1851/2174/2726 1852/2173/2727 1812/2172/2728
f 1810/2175/2729 1816/2178/2730 1817/2177/2731 1809/2176/2732
s 226
f 1809/2179/2733 1817/2181/2734 1818/2180/2735 1808/2167/2721
s 227
f 1812/2172/2728 1820/2184/2736 1821/2183/2737 1811/2182/2738
f 1811/2182/2738 1821/2183/2737 1822/2185/2739 1810/2175/2729
s 230
f 1814/2186/2740 1858/2189/2741 1859/2188/2742 1813/2187/2743
s 226
f 1813/2190/2744 1859/2192/2745 1860/2191/2746 1818/2180/2735
s 227
f 1816/2178/2730 1828/2195/2747 1829/2194/2748 1815/2193/2749
s 230
f 1815/2193/2750 1829/2194/2751 1830/2196/2752 1814/2186/2740
s 227
f 1820/2184/2736 1834/2199/2753 1835/2198/2754 1819/2197/2755
s 234
f 1819/2200/2756 1835/2203/2757 1836/2202/2758 1824/2201/2759
f 1824/2201/2759 1826/2206/2760 1827/2205/2761 1823/2204/2762
s 227
f 1823/2204/2763 1827/2205/2764 1828/2195/2747 1822/2185/2739
s 234
f 1826/2206/2760 1842/2209/2765 1843/2208/2766 1825/2207/2767
s 230
f 1825/2210/2768 1843/2212/2769 1844/2211/2770 1830/2196/2752
s 236
f 1832/2213/2771 2120/2216/2772 2115/2215/2773 1831/2214/2774
s 234
f 1831/2217/2775 2115/2220/2776 2116/2219/2777 1838/2218/2778
s 227
f 1834/2199/2753 1852/2173/2727 1853/2222/2779 1833/2221/2780
s 236
f 1833/2223/2781 1853/2225/2782 1854/2224/2783 1832/2213/2771
s 234
f 1838/2218/2778 1840/2228/2784 1841/2227/2785 1837/2226/2786
f 1837/2229/2786 1841/2230/2785 1842/2209/2765 1836/2202/2758
f 1840/2228/2784 2126/2233/2787 2121/2232/2788 1839/2231/2789
s 238
f 1839/2234/2790 2121/2237/2791 2122/2236/2792 1846/2235/2793
f 1846/2235/2793 1856/2240/2794 1857/2239/2795 1845/2238/2796
s 230
f 1845/2241/2797 1857/2242/2798 1858/2189/2741 1844/2211/2770
s 226
f 1848/2243/2799 2108/2246/2800 2103/2245/2801 1847/2244/2802
s 236
f 1847/2247/2803 2103/2249/2804 2104/2248/2805 1854/2224/2783
s 226
f 1850/2170/2722 1860/2191/2746 1861/2251/2806 1849/2250/2807
f 1849/2252/2807 1861/2254/2806 1862/2253/2808 1848/2243/2799
s 238
f 1856/2240/2794 2114/2257/2809 2109/2256/2810 1855/2255/2811
s 226
f 1855/2258/2812 2109/2260/2813 2110/2259/2814 1862/2253/2808
s 242
f 1864/2261/2815 1904/2264/2816 1899/2263/2817 1863/2262/2818
s 243
f 1863/2265/2819 1899/2268/2820 1900/2267/2821 1868/2266/2822
s 244
f 1866/2269/2823 1872/2272/2824 1873/2271/2825 1865/2270/2826
s 242
f 1865/2273/2827 1873/2275/2828 1874/2274/2829 1864/2261/2815
s off
f 1868/2266/2830 1876/2278/2831 1877/2277/2832 1867/2276/2833
f 1867/2276/2834 1877/2277/2835 1878/2279/2836 1866/2269/2837
s 244
f 1870/2280/2838 1910/2283/2839 1905/2282/2840 1869/2281/2841
s 242
f 1869/2284/2842 1905/2286/2843 1906/2285/2844 1874/2274/2829
s 244
f 1872/2272/2824 1884/2289/2845 1885/2288/2846 1871/2287/2847
f 1871/2287/2847 1885/2288/2846 1886/2290/2848 1870/2280/2838
s 243
f 1876/2278/2849 1888/2293/2850 1889/2292/2851 1875/2291/2852
s 248
f 1875/2294/2853 1889/2297/2854 1890/2296/2855 1880/2295/2856
f 1880/2295/2856 1882/2300/2857 1883/2299/2858 1879/2298/2859
s 244
f 1879/2298/2860 1883/2299/2861 1884/2289/2845 1878/2279/2862
s 248
f 1882/2300/2857 1896/2303/2863 1897/2302/2864 1881/2301/2865
s 244
f 1881/2304/2866 1897/2306/2867 1898/2305/2868 1886/2290/2848
s 243
f 1888/2293/2850 1900/2267/2821 1901/2308/2869 1887/2307/2870
s 244
f 1887/2309/2871 1901/2312/2872 1902/2311/2873 1892/2310/2874
f 1892/2310/2874 1894/2315/2875 1895/2314/2876 1891/2313/2877
s 248
f 1891/2313/2878 1895/2314/2879 1896/2303/2863 1890/2296/2855
s 244
f 1894/2315/2875 1908/2318/2880 1909/2317/2881 1893/2316/2882
f 1893/2319/2882 1909/2320/2881 1910/2283/2839 1898/2305/2868
s 242
f 1904/2264/2816 1906/2285/2844 1907/2322/2883 1903/2321/2884
s 244
f 1903/2321/2885 1907/2322/2886 1908/2318/2880 1902/2311/2873
s 252
f 1912/2323/2887 1952/2326/2888 1947/2325/2889 1911/2324/2890
s 253
f 1911/2327/2891 1947/2330/2892 1948/2329/2893 1916/2328/2894
s 254
f 1914/2331/2895 1920/2334/2896 1921/2333/2897 1913/2332/2898
s 252
f 1913/2335/2899 1921/2337/2900 1922/2336/2901 1912/2323/2887
s off
f 1916/2328/2902 1924/2340/2903 1925/2339/2904 1915/2338/2905
f 1915/2338/2906 1925/2339/2907 1926/2341/2908 1914/2331/2909
s 254
f 1918/2342/2910 1958/2345/2911 1953/2344/2912 1917/2343/2913
s 252
f 1917/2346/2914 1953/2348/2915 1954/2347/2916 1922/2336/2901
s 254
f 1920/2334/2896 1932/2351/2917 1933/2350/2918 1919/2349/2919
f 1919/2349/2919 1933/2350/2918 1934/2352/2920 1918/2342/2910
s 253
f 1924/2340/2921 1936/2355/2922 1937/2354/2923 1923/2353/2924
s 258
f 1923/2356/2925 1937/2359/2926 1938/2358/2927 1928/2357/2928
f 1928/2357/2928 1930/2362/2929 1931/2361/2930 1927/2360/2931
s 254
f 1927/2360/2932 1931/2361/2933 1932/2351/2917 1926/2341/2934
s 258
f 1930/2362/2929 1944/2365/2935 1945/2364/2936 1929/2363/2937
s 254
f 1929/2366/2938 1945/2368/2939 1946/2367/2940 1934/2352/2920
s 253
f 1936/2355/2922 1948/2329/2893 1949/2370/2941 1935/2369/2942
s 254
f 1935/2371/2943 1949/2374/2944 1950/2373/2945 1940/2372/2946
f 1940/2372/2946 1942/2377/2947 1943/2376/2948 1939/2375/2949
s 258
f 1939/2375/2950 1943/2376/2951 1944/2365/2935 1938/2358/2927
s 254
f 1942/2377/2947 1956/2380/2952 1957/2379/2953 1941/2378/2954
f 1941/2381/2954 1957/2382/2953 1958/2345/2911 1946/2367/2940
s 252
f 1952/2326/2888 1954/2347/2916 1955/2384/2955 1951/2383/2956
s 254
f 1951/2383/2957 1955/2384/2958 1956/2380/2952 1950/2373/2945
s 262
f 1960/2385/2959 2000/2388/2960 1995/2387/2961 1959/2386/2962
s 263
f 1959/2389/2963 1995/2392/2964 1996/2391/2965 1964/2390/2966
s 264
f 1962/2393/2967 1968/2396/2968 1969/2395/2969 1961/2394/2970
s 262
f 1961/2397/2971 1969/2399/2972 1970/2398/2973 1960/2385/2959
s off
f 1964/2390/2974 1972/2402/2975 1973/2401/2976 1963/2400/2977
f 1963/2400/2978 1973/2401/2979 1974/2403/2980 1962/2393/2981
s 264
f 1966/2404/2982 2006/2407/2983 2001/2406/2984 1965/2405/2985
s 262
f 1965/2408/2986 2001/2410/2987 2002/2409/2988 1970/2398/2973
s 264
f 1968/2396/2968 1980/2413/2989 1981/2412/2990 1967/2411/2991
f 1967/2411/2991 1981/2412/2990 1982/2414/2992 1966/2404/2982
s 263
f 1972/2402/2993 1984/2417/2994 1985/2416/2995 1971/2415/2996
s 268
f 1971/2418/2997 1985/2421/2998 1986/2420/2999 1976/2419/3000
f 1976/2419/3000 1978/2424/3001 1979/2423/3002 1975/2422/3003
s 264
f 1975/2422/3004 1979/2423/3005 1980/2413/2989 1974/2403/3006
s 268
f 1978/2424/3001 1992/2427/3007 1993/2426/3008 1977/2425/3009
s 264
f 1977/2428/3010 1993/2430/3011 1994/2429/3012 1982/2414/2992
s 263
f 1984/2417/2994 1996/2391/2965 1997/2432/3013 1983/2431/3014
s 264
f 1983/2433/3015 1997/2436/3016 1998/2435/3017 1988/2434/3018
f 1988/2434/3018 1990/2439/3019 1991/2438/3020 1987/2437/3021
s 268
f 1987/2437/3022 1991/2438/3023 1992/2427/3007 1986/2420/2999
s 264
f 1990/2439/3019 2004/2442/3024 2005/2441/3025 1989/2440/3026
f 1989/2443/3026 2005/2444/3025 2006/2407/2983 1994/2429/3012
s 262
f 2000/2388/2960 2002/2409/2988 2003/2446/3027 1999/2445/3028
s 264
f 1999/2445/3029 2003/2446/3030 2004/2442/3024 1998/2435/3017
s 272
f 2008/2447/3031 2048/2450/3032 2043/2449/3033 2007/2448/3034
s 273
f 2007/2451/3035 2043/2454/3036 2044/2453/3037 2012/2452/3038
s 274
f 2010/2455/3039 2016/2458/3040 2017/2457/3041 2009/2456/3042
s 272
f 2009/2459/3043 2017/2461/3044 2018/2460/3045 2008/2447/3031
s off
f 2012/2452/3046 2020/2464/3047 2021/2463/3048 2011/2462/3049
f 2011/2462/3050 2021/2463/3051 2022/2465/3052 2010/2455/3053
s 274
f 2014/2466/3054 2054/2469/3055 2049/2468/3056 2013/2467/3057
s 272
f 2013/2470/3058 2049/2472/3059 2050/2471/3060 2018/2460/3045
s 274
f 2016/2458/3040 2028/2475/3061 2029/2474/3062 2015/2473/3063
f 2015/2473/3063 2029/2474/3062 2030/2476/3064 2014/2466/3054
s 273
f 2020/2464/3065 2032/2479/3066 2033/2478/3067 2019/2477/3068
s 278
f 2019/2480/3069 2033/2483/3070 2034/2482/3071 2024/2481/3072
f 2024/2481/3072 2026/2486/3073 2027/2485/3074 2023/2484/3075
s 274
f 2023/2484/3076 2027/2485/3077 2028/2475/3061 2022/2465/3078
s 278
f 2026/2486/3073 2040/2489/3079 2041/2488/3080 2025/2487/3081
s 274
f 2025/2490/3082 2041/2492/3083 2042/2491/3084 2030/2476/3064
s 273
f 2032/2479/3066 2044/2453/3037 2045/2494/3085 2031/2493/3086
s 274
f 2031/2495/3087 2045/2498/3088 2046/2497/3089 2036/2496/3090
f 2036/2496/3090 2038/2501/3091 2039/2500/3092 2035/2499/3093
s 278
f 2035/2499/3094 2039/2500/3095 2040/2489/3079 2034/2482/3071
s 274
f 2038/2501/3091 2052/2504/3096 2053/2503/3097 2037/2502/3098
f 2037/2505/3098 2053/2506/3097 2054/2469/3055 2042/2491/3084
s 272
f 2048/2450/3032 2050/2471/3060 2051/2508/3099 2047/2507/3100
s 274
f 2047/2507/3101 2051/2508/3102 2052/2504/3096 2046/2497/3089
s 282
f 2056/2509/3103 2096/2512/3104 2091/2511/3105 2055/2510/3106
s 283
f 2055/2513/3107 2091/2516/3108 2092/2515/3109 2060/2514/3110
s 284
f 2058/2517/3111 2064/2520/3112 2065/2519/3113 2057/2518/3114
s 282
f 2057/2521/3115 2065/2523/3116 2066/2522/3117 2056/2509/3103
s off
f 2060/2514/3118 2068/2526/3119 2069/2525/3120 2059/2524/3121
f 2059/2524/3122 2069/2525/3123 2070/2527/3124 2058/2517/3125
s 284
f 2062/2528/3126 2102/2531/3127 2097/2530/3128 2061/2529/3129
s 282
f 2061/2532/3130 2097/2534/3131 2098/2533/3132 2066/2522/3117
s 284
f 2064/2520/3112 2076/2537/3133 2077/2536/3134 2063/2535/3135
f 2063/2535/3135 2077/2536/3134 2078/2538/3136 2062/2528/3126
s 283
f 2068/2526/3137 2080/2541/3138 2081/2540/3139 2067/2539/3140
s 288
f 2067/2542/3141 2081/2545/3142 2082/2544/3143 2072/2543/3144
f 2072/2543/3144 2074/2548/3145 2075/2547/3146 2071/2546/3147
s 284
f 2071/2546/3148 2075/2547/3149 2076/2537/3133 2070/2527/3150
s 288
f 2074/2548/3145 2088/2551/3151 2089/2550/3152 2073/2549/3153
s 284
f 2073/2552/3154 2089/2554/3155 2090/2553/3156 2078/2538/3136
s 283
f 2080/2541/3138 2092/2515/3109 2093/2556/3157 2079/2555/3158
s 284
f 2079/2557/3159 2093/2560/3160 2094/2559/3161 2084/2558/3162
f 2084/2558/3162 2086/2563/3163 2087/2562/3164 2083/2561/3165
s 288
f 2083/2561/3166 2087/2562/3167 2088/2551/3151 2082/2544/3143
s 284
f 2086/2563/3163 2100/2566/3168 2101/2565/3169 2085/2564/3170
f 2085/2567/3170 2101/2568/3169 2102/2531/3127 2090/2553/3156
s 282
f 2096/2512/3104 2098/2533/3132 2099/2570/3171 2095/2569/3172
s 284
f 2095/2569/3173 2099/2570/3174 2100/2566/3168 2094/2559/3161
s 236
f 2106/2571/3175 2118/2574/3176 2119/2573/3177 2105/2572/3178
f 2105/2572/3178 2119/2573/3177 2120/2216/2772 2104/2248/2805
s 226
f 2108/2246/2800 2110/2259/2814 2111/2576/3179 2107/2575/3180
s 236
f 2107/2577/3181 2111/2579/3182 2112/2578/3183 2106/2571/3175
s 238
f 2114/2257/2809 2122/2236/2792 2123/2581/3184 2113/2580/3185
s 236
f 2113/2580/3186 2123/2581/3187 2124/2582/3188 2112/2578/3183
f 2118/2574/3176 2124/2582/3188 2125/2584/3189 2117/2583/3190
s 234
f 2117/2583/3191 2125/2584/3192 2126/2233/2787 2116/2219/2777
s 295
f 2128/2585/3193 2168/2588/3194 2163/2587/3195 2127/2586/3196
s 296
f 2127/2589/3197 2163/2592/3198 2164/2591/3199 2132/2590/3200
s off
f 2130/2593/3201 2142/2596/3202 2143/2595/3203 2129/2594/3204
f 2129/2594/3205 2143/2595/3206 2144/2597/3207 2128/2585/3208
s 296
f 2132/2590/3200 2134/2600/3209 2135/2599/3210 2131/2598/3211
s 297
f 2131/2601/3212 2135/2603/3213 2136/2602/3214 2130/2593/3215
s 296
f 2134/2600/3209 2174/2606/3216 2169/2605/3217 2133/2604/3218
s 297
f 2133/2607/3219 2169/2610/3220 2170/2609/3221 2138/2608/3222
f 2138/2608/3222 2146/2613/3223 2147/2612/3224 2137/2611/3225
f 2137/2611/3225 2147/2612/3224 2148/2614/3226 2136/2602/3214
s 299
f 2140/2615/3227 2154/2618/3228 2155/2617/3229 2139/2616/3230
s 295
f 2139/2619/3231 2155/2621/3232 2156/2620/3233 2144/2597/3234
s 297
f 2142/2596/3235 2148/2614/3226 2149/2623/3236 2141/2622/3237
s 299
f 2141/2622/3238 2149/2623/3239 2150/2624/3240 2140/2615/3227
s 297
f 2146/2613/3223 2158/2627/3241 2159/2626/3242 2145/2625/3243
s 299
f 2145/2628/3244 2159/2630/3245 2160/2629/3246 2150/2624/3240
s 297
f 2152/2631/3247 2166/2634/3248 2167/2633/3249 2151/2632/3250
s 295
f 2151/2635/3251 2167/2636/3252 2168/2588/3194 2156/2620/3233
s 299
f 2154/2618/3228 2160/2629/3246 2161/2638/3253 2153/2637/3254
s 297
f 2153/2637/3255 2161/2638/3256 2162/2639/3257 2152/2631/3247
f 2158/2627/3241 2170/2609/3221 2171/2641/3258 2157/2640/3259
f 2157/2642/3259 2171/2644/3258 2172/2643/3260 2162/2639/3257
f 2166/2634/3248 2172/2643/3260 2173/2646/3261 2165/2645/3262
s 296
f 2165/2645/3263 2173/2646/3264 2174/2606/3216 2164/2591/3199
s 305
f 2176/2647/3265 2216/2650/3266 2211/2649/3267 2175/2648/3268
s 306
f 2175/2651/3269 2211/2654/3270 2212/2653/3271 2180/2652/3272
s off
f 2178/2655/3273 2190/2658/3274 2191/2657/3275 2177/2656/3276
f 2177/2656/3277 2191/2657/3278 2192/2659/3279 2176/2647/3280
s 306
f 2180/2652/3272 2182/2662/3281 2183/2661/3282 2179/2660/3283
s 307
f 2179/2663/3284 2183/2665/3285 2184/2664/3286 2178/2655/3287
s 306
f 2182/2662/3281 2222/2668/3288 2217/2667/3289 2181/2666/3290
s 307
f 2181/2669/3291 2217/2672/3292 2218/2671/3293 2186/2670/3294
f 2186/2670/3294 2194/2675/3295 2195/2674/3296 2185/2673/3297
f 2185/2673/3297 2195/2674/3296 2196/2676/3298 2184/2664/3286
s 309
f 2188/2677/3299 2202/2680/3300 2203/2679/3301 2187/2678/3302
s 305
f 2187/2681/3303 2203/2683/3304 2204/2682/3305 2192/2659/3306
s 307
f 2190/2658/3307 2196/2676/3298 2197/2685/3308 2189/2684/3309
s 309
f 2189/2684/3310 2197/2685/3311 2198/2686/3312 2188/2677/3299
s 307
f 2194/2675/3295 2206/2689/3313 2207/2688/3314 2193/2687/3315
s 309
f 2193/2690/3316 2207/2692/3317 2208/2691/3318 2198/2686/3312
s 307
f 2200/2693/3319 2214/2696/3320 2215/2695/3321 2199/2694/3322
s 305
f 2199/2697/3323 2215/2698/3324 2216/2650/3266 2204/2682/3305
s 309
f 2202/2680/3300 2208/2691/3318 2209/2700/3325 2201/2699/3326
s 307
f 2201/2699/3327 2209/2700/3328 2210/2701/3329 2200/2693/3319
f 2206/2689/3313 2218/2671/3293 2219/2703/3330 2205/2702/3331
f 2205/2704/3331 2219/2706/3330 2220/2705/3332 2210/2701/3329
f 2214/2696/3320 2220/2705/3332 2221/2708/3333 2213/2707/3334
s 306
f 2213/2707/3335 2221/2708/3336 2222/2668/3288 2212/2653/3271
s 315
f 2224/2709/3337 2264/2712/3338 2259/2711/3339 2223/2710/3340
s 316
f 2223/2713/3341 2259/2716/3342 2260/2715/3343 2228/2714/3344
s off
f 2226/2717/3345 2238/2720/3346 2239/2719/3347 2225/2718/3348
f 2225/2718/3349 2239/2719/3350 2240/2721/3351 2224/2709/3352
s 316
f 2228/2714/3344 2230/2724/3353 2231/2723/3354 2227/2722/3355
s 317
f 2227/2725/3356 2231/2727/3357 2232/2726/3358 2226/2717/3359
s 316
f 2230/2724/3353 2270/2730/3360 2265/2729/3361 2229/2728/3362
s 317
f 2229/2731/3363 2265/2734/3364 2266/2733/3365 2234/2732/3366
f 2234/2732/3366 2242/2737/3367 2243/2736/3368 2233/2735/3369
f 2233/2735/3369 2243/2736/3368 2244/2738/3370 2232/2726/3358
s 319
f 2236/2739/3371 2250/2742/3372 2251/2741/3373 2235/2740/3374
s 315
f 2235/2743/3375 2251/2745/3376 2252/2744/3377 2240/2721/3378
s 317
f 2238/2720/3379 2244/2738/3370 2245/2747/3380 2237/2746/3381
s 319
f 2237/2746/3382 2245/2747/3383 2246/2748/3384 2236/2739/3371
s 317
f 2242/2737/3367 2254/2751/3385 2255/2750/3386 2241/2749/3387
s 319
f 2241/2752/3388 2255/2754/3389 2256/2753/3390 2246/2748/3384
s 317
f 2248/2755/3391 2262/2758/3392 2263/2757/3393 2247/2756/3394
s 315
f 2247/2759/3395 2263/2760/3396 2264/2712/3338 2252/2744/3377
s 319
f 2250/2742/3372 2256/2753/3390 2257/2762/3397 2249/2761/3398
s 317
f 2249/2761/3399 2257/2762/3400 2258/2763/3401 2248/2755/3391
f 2254/2751/3385 2266/2733/3365 2267/2765/3402 2253/2764/3403
f 2253/2766/3403 2267/2768/3402 2268/2767/3404 2258/2763/3401
f 2262/2758/3392 2268/2767/3404 2269/2770/3405 2261/2769/3406
s 316
f 2261/2769/3407 2269/2770/3408 2270/2730/3360 2260/2715/3343
s 325
f 2272/2771/3409 2312/2774/3410 2307/2773/3411 2271/2772/3412
s 326
f 2271/2775/3413 2307/2778/3414 2308/2777/3415 2276/2776/3416
s off
f 2274/2779/3417 2286/2782/3418 2287/2781/3419 2273/2780/3420
f 2273/2780/3421 2287/2781/3422 2288/2783/3423 2272/2771/3424
s 326
f 2276/2776/3416 2278/2786/3425 2279/2785/3426 2275/2784/3427
s 327
f 2275/2787/3428 2279/2789/3429 2280/2788/3430 2274/2779/3431
s 326
f 2278/2786/3425 2318/2792/3432 2313/2791/3433 2277/2790/3434
s 327
f 2277/2793/3435 2313/2796/3436 2314/2795/3437 2282/2794/3438
f 2282/2794/3438 2290/2799/3439 2291/2798/3440 2281/2797/3441
f 2281/2797/3441 2291/2798/3440 2292/2800/3442 2280/2788/3430
s 329
f 2284/2801/3443 2298/2804/3444 2299/2803/3445 2283/2802/3446
s 325
f 2283/2805/3447 2299/2807/3448 2300/2806/3449 2288/2783/3450
s 327
f 2286/2782/3451 2292/2800/3442 2293/2809/3452 2285/2808/3453
s 329
f 2285/2808/3454 2293/2809/3455 2294/2810/3456 2284/2801/3443
s 327
f 2290/2799/3439 2302/2813/3457 2303/2812/3458 2289/2811/3459
s 329
f 2289/2814/3460 2303/2816/3461 2304/2815/3462 2294/2810/3456
s 327
f 2296/2817/3463 2310/2820/3464 2311/2819/3465 2295/2818/3466
s 325
f 2295/2821/3467 2311/2822/3468 2312/2774/3410 2300/2806/3449
s 329
f 2298/2804/3444 2304/2815/3462 2305/2824/3469 2297/2823/3470
s 327
f 2297/2823/3471 2305/2824/3472 2306/2825/3473 2296/2817/3463
f 2302/2813/3457 2314/2795/3437 2315/2827/3474 2301/2826/3475
f 2301/2828/3475 2315/2830/3474 2316/2829/3476 2306/2825/3473
f 2310/2820/3464 2316/2829/3476 2317/2832/3477 2309/2831/3478
s 326
f 2309/2831/3479 2317/2832/3480 2318/2792/3432 2308/2777/3415
s 335
f 2320/2833/3481 2360/2836/3482 2355/2835/3483 2319/2834/3484
s 336
f 2319/2837/3485 2355/2840/3486 2356/2839/3487 2324/2838/3488
s off
f 2322/2841/3489 2334/2844/3490 2335/2843/3491 2321/2842/3492
f 2321/2842/3493 2335/2843/3494 2336/2845/3495 2320/2833/3496
s 336
f 2324/2838/3488 2326/2848/3497 2327/2847/3498 2323/2846/3499
s 337
f 2323/2849/3500 2327/2851/3501 2328/2850/3502 2322/2841/3503
s 336
f 2326/2848/3497 2366/2854/3504 2361/2853/3505 2325/2852/3506
s 337
f 2325/2855/3507 2361/2858/3508 2362/2857/3509 2330/2856/3510
f 2330/2856/3510 2338/2861/3511 2339/2860/3512 2329/2859/3513
f 2329/2859/3513 2339/2860/3512 2340/2862/3514 2328/2850/3502
s 339
f 2332/2863/3515 2346/2866/3516 2347/2865/3517 2331/2864/3518
s 335
f 2331/2867/3519 2347/2869/3520 2348/2868/3521 2336/2845/3522
s 337
f 2334/2844/3523 2340/2862/3514 2341/2871/3524 2333/2870/3525
s 339
f 2333/2870/3526 2341/2871/3527 2342/2872/3528 2332/2863/3515
s 337
f 2338/2861/3511 2350/2875/3529 2351/2874/3530 2337/2873/3531
s 339
f 2337/2876/3532 2351/2878/3533 2352/2877/3534 2342/2872/3528
s 337
f 2344/2879/3535 2358/2882/3536 2359/2881/3537 2343/2880/3538
s 335
f 2343/2883/3539 2359/2884/3540 2360/2836/3482 2348/2868/3521
s 339
f 2346/2866/3516 2352/2877/3534 2353/2886/3541 2345/2885/3542
s 337
f 2345/2885/3543 2353/2886/3544 2354/2887/3545 2344/2879/3535
f 2350/2875/3529 2362/2857/3509 2363/2889/3546 2349/2888/3547
f 2349/2890/3547 2363/2892/3546 2364/2891/3548 2354/2887/3545
f 2358/2882/3536 2364/2891/3548 2365/2894/3549 2357/2893/3550
s 336
f 2357/2893/3551 2365/2894/3552 2366/2854/3504 2356/2839/3487
s 345
f 2368/2895/3553 2410/2898/3554 2411/2897/3555 2367/2896/3556
s 346
f 2367/2899/3557 2411/2902/3558 2412/2901/3559 2372/2900/3560
f 2370/2903/3561 2376/2906/3562 2377/2905/3563 2369/2904/3564
s 345
f 2369/2907/3565 2377/2909/3566 2378/2908/3567 2368/2895/3553
s 346
f 2372/2900/3560 2380/2912/3568 2381/2911/3569 2371/2910/3570
f 2371/2910/3570 2381/2911/3569 2382/2913/3571 2370/2903/3561
s 349
f 2374/2914/3572 2418/2917/3573 2419/2916/3574 2373/2915/3575
s 345
f 2373/2918/3576 2419/2920/3577 2420/2919/3578 2378/2908/3567
s 346
f 2376/2906/3562 2388/2923/3579 2389/2922/3580 2375/2921/3581
s 349
f 2375/2921/3582 2389/2922/3583 2390/2924/3584 2374/2914/3572
s 346
f 2380/2912/3568 2394/2927/3585 2395/2926/3586 2379/2925/3587
s 353
f 2379/2928/3588 2395/2931/3589 2396/2930/3590 2384/2929/3591
f 2384/2929/3591 2386/2934/3592 2387/2933/3593 2383/2932/3594
s 346
f 2383/2932/3595 2387/2933/3596 2388/2923/3579 2382/2913/3571
s 353
f 2386/2934/3592 2402/2937/3597 2403/2936/3598 2385/2935/3599
s 349
f 2385/2938/3600 2403/2940/3601 2404/2939/3602 2390/2924/3584
s 355
f 2392/2941/3603 2440/2944/3604 2435/2943/3605 2391/2942/3606
s 353
f 2391/2945/3607 2435/2948/3608 2436/2947/3609 2398/2946/3610
s 346
f 2394/2927/3585 2412/2901/3559 2413/2950/3611 2393/2949/3612
s 355
f 2393/2951/3613 2413/2953/3614 2414/2952/3615 2392/2941/3603
s 353
f 2398/2946/3610 2400/2956/3616 2401/2955/3617 2397/2954/3618
f 2397/2957/3618 2401/2958/3617 2402/2937/3597 2396/2930/3590
f 2400/2956/3616 2446/2961/3619 2441/2960/3620 2399/2959/3621
s 357
f 2399/2962/3622 2441/2965/3623 2442/2964/3624 2406/2963/3625
f 2406/2963/3625 2416/2968/3626 2417/2967/3627 2405/2966/3628
s 349
f 2405/2969/3629 2417/2970/3630 2418/2917/3573 2404/2939/3602
s 345
f 2408/2971/3631 2428/2974/3632 2423/2973/3633 2407/2972/3634
s 355
f 2407/2975/3635 2423/2977/3636 2424/2976/3637 2414/2952/3615
s 345
f 2410/2898/3554 2420/2919/3578 2421/2979/3638 2409/2978/3639
f 2409/2980/3639 2421/2982/3638 2422/2981/3640 2408/2971/3631
s 357
f 2416/2968/3626 2434/2985/3641 2429/2984/3642 2415/2983/3643
s 345
f 2415/2986/3644 2429/2988/3645 2430/2987/3646 2422/2981/3640
s 355
f 2426/2989/3647 2438/2992/3648 2439/2991/3649 2425/2990/3650
f 2425/2990/3650 2439/2991/3649 2440/2944/3604 2424/2976/3637
s 345
f 2428/2974/3632 2430/2987/3646 2431/2994/3651 2427/2993/3652
s 355
f 2427/2995/3653 2431/2997/3654 2432/2996/3655 2426/2989/3647
s 357
f 2434/2985/3641 2442/2964/3624 2443/2999/3656 2433/2998/3657
s 355
f 2433/2998/3658 2443/2999/3659 2444/3000/3660 2432/2996/3655
f 2438/2992/3648 2444/3000/3660 2445/3002/3661 2437/3001/3662
s 353
f 2437/3001/3663 2445/3002/3664 2446/2961/3619 2436/2947/3609
s 208
f 1730/2067/2617 1742/2077/2627 1748/2087/2635 1736/2070/2618
s 215
f 1744/2093/2647 1756/2094/2646 1762/2101/2653 1746/2098/2648
s 207
f 1770/2062/2610 1728/2059/2609 1738/2072/2623 1780/2083/2634
s 211
f 1734/2078/2628 1750/2088/2640 1764/2103/2658 1778/2081/2629
s 208
f 1772/2065/2615 1754/2091/2641 1740/2076/2624 1732/2064/2616
s 217
f 1786/2153/2703 1792/2160/2711 1804/2164/2716 1798/2156/2704
s 215
f 1796/2111/2665 1806/2125/2675 1760/2120/2672 1758/2110/2666
s 207
f 1768/2135/2687 1782/2145/2696 1790/2151/2702 1788/2138/2688
s 219
f 1794/2149/2697 1776/2132/2682 1766/2127/2681 1802/2128/2680
s 217
f 1774/2116/2671 1784/2140/2693 1800/2108/2660 1752/2105/2659
s 227
f 1810/2175/2729 1822/2185/2739 1828/2195/2747 1816/2178/2730
s 234
f 1824/2201/2759 1836/2202/2758 1842/2209/2765 1826/2206/2760
s 226
f 1850/2170/2722 1808/2167/2721 1818/2180/2735 1860/2191/2746
s 230
f 1814/2186/2740 1830/2196/2752 1844/2211/2770 1858/2189/2741
s 227
f 1852/2173/2727 1834/2199/2753 1820/2184/2736 1812/2172/2728
s 244
f 1866/2269/2823 1878/2279/2862 1884/2289/2845 1872/2272/2824
s 248
f 1880/2295/2856 1890/2296/2855 1896/2303/2863 1882/2300/2857
s 244
f 1892/2310/2874 1902/2311/2873 1908/2318/2880 1894/2315/2875
s 242
f 1904/2264/2816 1864/2261/2815 1874/2274/2829 1906/2285/2844
s 244
f 1870/2280/2838 1886/2290/2848 1898/2305/2868 1910/2283/2839
s 243
f 1900/2267/2821 1888/2293/2850 1876/2278/2849 1868/2266/2822
s 254
f 1914/2331/2895 1926/2341/2934 1932/2351/2917 1920/2334/2896
s 258
f 1928/2357/2928 1938/2358/2927 1944/2365/2935 1930/2362/2929
s 254
f 1940/2372/2946 1950/2373/2945 1956/2380/2952 1942/2377/2947
s 252
f 1952/2326/2888 1912/2323/2887 1922/2336/2901 1954/2347/2916
s 254
f 1918/2342/2910 1934/2352/2920 1946/2367/2940 1958/2345/2911
s 253
f 1948/2329/2893 1936/2355/2922 1924/2340/2921 1916/2328/2894
s 264
f 1962/2393/2967 1974/2403/3006 1980/2413/2989 1968/2396/2968
s 268
f 1976/2419/3000 1986/2420/2999 1992/2427/3007 1978/2424/3001
s 264
f 1988/2434/3018 1998/2435/3017 2004/2442/3024 1990/2439/3019
s 262
f 2000/2388/2960 1960/2385/2959 1970/2398/2973 2002/2409/2988
s 264
f 1966/2404/2982 1982/2414/2992 1994/2429/3012 2006/2407/2983
s 263
f 1996/2391/2965 1984/2417/2994 1972/2402/2993 1964/2390/2966
s 274
f 2010/2455/3039 2022/2465/3078 2028/2475/3061 2016/2458/3040
s 278
f 2024/2481/3072 2034/2482/3071 2040/2489/3079 2026/2486/3073
s 274
f 2036/2496/3090 2046/2497/3089 2052/2504/3096 2038/2501/3091
s 272
f 2048/2450/3032 2008/2447/3031 2018/2460/3045 2050/2471/3060
s 274
f 2014/2466/3054 2030/2476/3064 2042/2491/3084 2054/2469/3055
s 273
f 2044/2453/3037 2032/2479/3066 2020/2464/3065 2012/2452/3038
s 284
f 2058/2517/3111 2070/2527/3150 2076/2537/3133 2064/2520/3112
s 288
f 2072/2543/3144 2082/2544/3143 2088/2551/3151 2074/2548/3145
s 284
f 2084/2558/3162 2094/2559/3161 2100/2566/3168 2086/2563/3163
s 282
f 2096/2512/3104 2056/2509/3103 2066/2522/3117 2098/2533/3132
s 284
f 2062/2528/3126 2078/2538/3136 2090/2553/3156 2102/2531/3127
s 283
f 2092/2515/3109 2080/2541/3138 2068/2526/3137 2060/2514/3110
s 236
f 2106/2571/3175 2112/2578/3183 2124/2582/3188 2118/2574/3176
s 234
f 2116/2219/2777 2126/2233/2787 1840/2228/2784 1838/2218/2778
s 226
f 1848/2243/2799 1862/2253/2808 2110/2259/2814 2108/2246/2800
s 238
f 2114/2257/2809 1856/2240/2794 1846/2235/2793 2122/2236/2792
s 236
f 1854/2224/2783 2104/2248/2805 2120/2216/2772 1832/2213/2771
s 297
f 2130/2593/3215 2136/2602/3214 2148/2614/3226 2142/2596/3235
s 299
f 2140/2615/3227 2150/2624/3240 2160/2629/3246 2154/2618/3228
s 297
f 2152/2631/3247 2162/2639/3257 2172/2643/3260 2166/2634/3248
s 296
f 2164/2591/3199 2174/2606/3216 2134/2600/3209 2132/2590/3200
s 297
f 2138/2608/3222 2170/2609/3221 2158/2627/3241 2146/2613/3223
s 295
f 2168/2588/3194 2128/2585/3193 2144/2597/3234 2156/2620/3233
s 307
f 2178/2655/3287 2184/2664/3286 2196/2676/3298 2190/2658/3307
s 309
f 2188/2677/3299 2198/2686/3312 2208/2691/3318 2202/2680/3300
s 307
f 2200/2693/3319 2210/2701/3329 2220/2705/3332 2214/2696/3320
s 306
f 2212/2653/3271 2222/2668/3288 2182/2662/3281 2180/2652/3272
s 307
f 2186/2670/3294 2218/2671/3293 2206/2689/3313 2194/2675/3295
s 305
f 2216/2650/3266 2176/2647/3265 2192/2659/3306 2204/2682/3305
s 317
f 2226/2717/3359 2232/2726/3358 2244/2738/3370 2238/2720/3379
s 319
f 2236/2739/3371 2246/2748/3384 2256/2753/3390 2250/2742/3372
s 317
f 2248/2755/3391 2258/2763/3401 2268/2767/3404 2262/2758/3392
s 316
f 2260/2715/3343 2270/2730/3360 2230/2724/3353 2228/2714/3344
s 317
f 2234/2732/3366 2266/2733/3365 2254/2751/3385 2242/2737/3367
s 315
f 2264/2712/3338 2224/2709/3337 2240/2721/3378 2252/2744/3377
s 327
f 2274/2779/3431 2280/2788/3430 2292/2800/3442 2286/2782/3451
s 329
f 2284/2801/3443 2294/2810/3456 2304/2815/3462 2298/2804/3444
s 327
f 2296/2817/3463 2306/2825/3473 2316/2829/3476 2310/2820/3464
s 326
f 2308/2777/3415 2318/2792/3432 2278/2786/3425 2276/2776/3416
s 327
f 2282/2794/3438 2314/2795/3437 2302/2813/3457 2290/2799/3439
s 325
f 2312/2774/3410 2272/2771/3409 2288/2783/3450 2300/2806/3449
s 337
f 2322/2841/3503 2328/2850/3502 2340/2862/3514 2334/2844/3523
s 339
f 2332/2863/3515 2342/2872/3528 2352/2877/3534 2346/2866/3516
s 337
f 2344/2879/3535 2354/2887/3545 2364/2891/3548 2358/2882/3536
s 336
f 2356/2839/3487 2366/2854/3504 2326/2848/3497 2324/2838/3488
s 337
f 2330/2856/3510 2362/2857/3509 2350/2875/3529 2338/2861/3511
s 335
f 2360/2836/3482 2320/2833/3481 2336/2845/3522 2348/2868/3521
s 346
f 2370/2903/3561 2382/2913/3571 2388/2923/3579 2376/2906/3562
s 353
f 2384/2929/3591 2396/2930/3590 2402/2937/3597 2386/2934/3592
s 345
f 2410/2898/3554 2368/2895/3553 2378/2908/3567 2420/2919/3578
s 349
f 2374/2914/3572 2390/2924/3584 2404/2939/3602 2418/2917/3573
s 346
f 2412/2901/3559 2394/2927/3585 2380/2912/3568 2372/2900/3560
s 355
f 2426/2989/3647 2432/2996/3655 2444/3000/3660 2438/2992/3648
s 353
f 2436/2947/3609 2446/2961/3619 2400/2956/3616 2398/2946/3610
s 345
f 2408/2971/3631 2422/2981/3640 2430/2987/3646 2428/2974/3632
s 357
f 2434/2985/3641 2416/2968/3626 2406/2963/3625 2442/2964/3624
s 355
f 2414/2952/3615 2424/2976/3637 2440/2944/3604 2392/2941/3603
s 208
f 1731/2074/2626 2447/3003/3665 1727/2063/2613 1732/2064/2616
s 207
f 1727/2060/2612 2447/3004/3666 1729/2071/2621 1728/2059/2609
s 208
f 1729/2068/2620 2447/3003/3665 1731/2074/2626 1730/2067/2617
s 207
f 1737/2073/2622 2448/3005/3667 1733/2082/2632 1738/2072/2623
s 211
f 1733/2079/2631 2448/3006/3668 1735/2085/2638 1734/2078/2628
s 208
f 1735/2085/2637 2448/3006/3669 1737/2069/2619 1736/2070/2618
s 215
f 1743/2096/2650 2449/3007/3670 1739/2092/2644 1744/2093/2647
s 208
f 1739/2089/2643 2449/3007/3671 1741/2075/2625 1740/2076/2624
f 1741/2075/2625 2449/3007/3671 1743/2096/2651 1742/2077/2627
s 211
f 1749/2086/2639 2450/3008/3672 1745/2102/2656 1750/2088/2640
s 215
f 1745/2099/2655 2450/3008/3673 1747/2097/2649 1746/2098/2648
s 208
f 1747/2097/2652 2450/3008/3674 1749/2086/2636 1748/2087/2635
s 215
f 1757/2118/2674 2451/3009/3675 1751/2109/2663 1758/2110/2666
s 217
f 1751/2106/2662 2451/3010/3676 1753/2115/3677 1752/2105/2659
s 208
f 1753/2113/3678 2451/3011/3679 1755/2090/2642 1754/2091/2641
s 215
f 1755/2095/2645 2451/3012/3675 1757/2121/2674 1756/2094/2646
s 219
f 1765/2130/3680 2452/3013/3681 1759/2126/2678 1766/2127/2681
s 215
f 1759/2123/2677 2452/3014/3682 1761/2119/2673 1760/2120/2672
f 1761/2122/2673 2452/3015/3682 1763/2100/2654 1762/2101/2653
s 211
f 1763/2104/2657 2452/3016/3683 1765/2133/3684 1764/2103/2658
s 217
f 1773/2117/3685 2453/3017/3686 1767/2139/2691 1774/2116/2671
s 207
f 1767/2136/2690 2453/3018/3687 1769/2144/2695 1768/2135/2687
f 1769/2142/2695 2453/3019/3687 1771/2061/2611 1770/2062/2610
s 208
f 1771/2066/2614 2453/3020/3688 1773/2114/3689 1772/2065/2615
s 207
f 1781/2146/2694 2454/3021/3690 1775/2150/2700 1782/2145/2696
s 219
f 1775/2147/2699 2454/3022/3691 1777/2131/3692 1776/2132/2682
s 211
f 1777/2134/3693 2454/3023/3694 1779/2080/2630 1778/2081/2629
s 207
f 1779/2084/2633 2454/3024/3690 1781/2143/2694 1780/2083/2634
f 1787/2157/2708 2455/3025/3695 1783/2137/2689 1788/2138/2688
s 217
f 1783/2141/2692 2455/3026/3696 1785/2154/2706 1784/2140/2693
f 1785/2154/2706 2455/3026/3696 1787/2159/2709 1786/2153/2703
s 219
f 1793/2162/2713 2456/3027/3697 1789/2148/2698 1794/2149/2697
s 207
f 1789/2152/2701 2456/3028/3698 1791/2158/2707 1790/2151/2702
s 217
f 1791/2161/2710 2456/3027/3699 1793/2162/2714 1792/2160/2711
f 1799/2155/2705 2457/3029/3700 1795/2107/2661 1800/2108/2660
s 215
f 1795/2112/2664 2457/3029/3701 1797/2165/2719 1796/2111/2665
s 217
f 1797/2165/2718 2457/3029/3700 1799/2155/2705 1798/2156/2704
s 215
f 1805/2166/2720 2458/3030/3702 1801/2124/2676 1806/2125/2675
s 219
f 1801/2129/2679 2458/3030/3703 1803/2163/2712 1802/2128/2680
s 217
f 1803/2163/2715 2458/3030/3704 1805/2166/2717 1804/2164/2716
s 227
f 1811/2182/2738 2459/3031/3705 1807/2171/2725 1812/2172/2728
s 226
f 1807/2168/2724 2459/3032/3706 1809/2179/2733 1808/2167/2721
s 227
f 1809/2176/2732 2459/3031/3705 1811/2182/2738 1810/2175/2729
s 226
f 1817/2181/2734 2460/3033/3707 1813/2190/2744 1818/2180/2735
s 230
f 1813/2187/2743 2460/3034/3708 1815/2193/2750 1814/2186/2740
s 227
f 1815/2193/2749 2460/3034/3709 1817/2177/2731 1816/2178/2730
s 234
f 1823/2204/2762 2461/3035/3710 1819/2200/2756 1824/2201/2759
s 227
f 1819/2197/2755 2461/3035/3711 1821/2183/2737 1820/2184/2736
f 1821/2183/2737 2461/3035/3711 1823/2204/2763 1822/2185/2739
s 230
f 1829/2194/2751 2462/3036/3712 1825/2210/2768 1830/2196/2752
s 234
f 1825/2207/2767 2462/3036/3713 1827/2205/2761 1826/2206/2760
s 227
f 1827/2205/2764 2462/3036/3714 1829/2194/2748 1828/2195/2747
s 234
f 1837/2226/2786 2463/3037/3715 1831/2217/2775 1838/2218/2778
s 236
f 1831/2214/2774 2463/3038/3716 1833/2223/3717 1832/2213/2771
s 227
f 1833/2221/3718 2463/3039/3719 1835/2198/2754 1834/2199/2753
s 234
f 1835/2203/2757 2463/3040/3715 1837/2229/2786 1836/2202/2758
s 238
f 1845/2238/3720 2464/3041/3721 1839/2234/2790 1846/2235/2793
s 234
f 1839/2231/2789 2464/3042/3722 1841/2227/2785 1840/2228/2784
f 1841/2230/2785 2464/3043/3722 1843/2208/2766 1842/2209/2765
s 230
f 1843/2212/2769 2464/3044/3723 1845/2241/3724 1844/2211/2770
s 236
f 1853/2225/3725 2465/3045/3726 1847/2247/2803 1854/2224/2783
s 226
f 1847/2244/2802 2465/3046/3727 1849/2252/2807 1848/2243/2799
f 1849/2250/2807 2465/3047/3727 1851/2169/2723 1850/2170/2722
s 227
f 1851/2174/2726 2465/3048/3728 1853/2222/3729 1852/2173/2727
s 226
f 1861/2254/2806 2466/3049/3730 1855/2258/2812 1862/2253/2808
s 238
f 1855/2255/2811 2466/3050/3731 1857/2239/3732 1856/2240/2794
s 230
f 1857/2242/3733 2466/3051/3734 1859/2188/2742 1858/2189/2741
s 226
f 1859/2192/2745 2466/3052/3730 1861/2251/2806 1860/2191/2746
s 243
f 1867/2276/3735 2467/3053/3736 1863/2265/2819 1868/2266/2822
s 242
f 1863/2262/2818 2467/3054/3737 1865/2273/2827 1864/2261/2815
s 244
f 1865/2270/2826 2467/3053/3738 1867/2276/3739 1866/2269/2823
s 242
f 1873/2275/2828 2468/3055/3740 1869/2284/2842 1874/2274/2829
s 244
f 1869/2281/2841 2468/3056/3741 1871/2287/2847 1870/2280/2838
f 1871/2287/2847 2468/3056/3741 1873/2271/2825 1872/2272/2824
s 248
f 1879/2298/2859 2469/3057/3742 1875/2294/2853 1880/2295/2856
s 243
f 1875/2291/2852 2469/3057/3743 1877/2277/3744 1876/2278/2849
s off
f 1877/2277/3745 2469/3057/3746 1879/2298/3747 1878/2279/3748
s 244
f 1885/2288/2846 2470/3058/3749 1881/2304/2866 1886/2290/2848
s 248
f 1881/2301/2865 2470/3058/3750 1883/2299/2858 1882/2300/2857
s 244
f 1883/2299/2861 2470/3058/3749 1885/2288/2846 1884/2289/2845
f 1891/2313/2877 2471/3059/3751 1887/2309/2871 1892/2310/2874
s 243
f 1887/2307/2870 2471/3060/3752 1889/2292/2851 1888/2293/2850
s 248
f 1889/2297/2854 2471/3059/3753 1891/2313/2878 1890/2296/2855
s 244
f 1897/2306/2867 2472/3061/3754 1893/2319/2882 1898/2305/2868
f 1893/2316/2882 2472/3062/3755 1895/2314/2876 1894/2315/2875
s 248
f 1895/2314/2879 2472/3062/3756 1897/2302/2864 1896/2303/2863
s 242
f 1903/2321/2884 2473/3063/3757 1899/2263/2817 1904/2264/2816
s 243
f 1899/2268/2820 2473/3064/3758 1901/2308/2869 1900/2267/2821
s 244
f 1901/2312/2872 2473/3063/3759 1903/2321/2885 1902/2311/2873
f 1909/2320/2881 2474/3065/3760 1905/2282/2840 1910/2283/2839
s 242
f 1905/2286/2843 2474/3066/3761 1907/2322/2883 1906/2285/2844
s 244
f 1907/2322/2886 2474/3066/3762 1909/2317/2881 1908/2318/2880
s 253
f 1915/2338/3763 2475/3067/3764 1911/2327/2891 1916/2328/2894
s 252
f 1911/2324/2890 2475/3068/3765 1913/2335/2899 1912/2323/2887
s 254
f 1913/2332/2898 2475/3067/3766 1915/2338/3767 1914/2331/2895
s 252
f 1921/2337/2900 2476/3069/3768 1917/2346/2914 1922/2336/2901
s 254
f 1917/2343/2913 2476/3070/3769 1919/2349/2919 1918/2342/2910
f 1919/2349/2919 2476/3070/3769 1921/2333/2897 1920/2334/2896
s 258
f 1927/2360/2931 2477/3071/3770 1923/2356/2925 1928/2357/2928
s 253
f 1923/2353/2924 2477/3071/3771 1925/2339/3772 1924/2340/2921
s off
f 1925/2339/3773 2477/3071/3774 1927/2360/3775 1926/2341/3776
s 254
f 1933/2350/2918 2478/3072/3777 1929/2366/2938 1934/2352/2920
s 258
f 1929/2363/2937 2478/3072/3778 1931/2361/2930 1930/2362/2929
s 254
f 1931/2361/2933 2478/3072/3777 1933/2350/2918 1932/2351/2917
f 1939/2375/2949 2479/3073/3779 1935/2371/2943 1940/2372/2946
s 253
f 1935/2369/2942 2479/3074/3780 1937/2354/2923 1936/2355/2922
s 258
f 1937/2359/2926 2479/3073/3781 1939/2375/2950 1938/2358/2927
s 254
f 1945/2368/2939 2480/3075/3782 1941/2381/2954 1946/2367/2940
f 1941/2378/2954 2480/3076/3783 1943/2376/2948 1942/2377/2947
s 258
f 1943/2376/2951 2480/3076/3784 1945/2364/2936 1944/2365/2935
s 252
f 1951/2383/2956 2481/3077/3785 1947/2325/2889 1952/2326/2888
s 253
f 1947/2330/2892 2481/3078/3786 1949/2370/2941 1948/2329/2893
s 254
f 1949/2374/2944 2481/3077/3787 1951/2383/2957 1950/2373/2945
f 1957/2382/2953 2482/3079/3788 1953/2344/2912 1958/2345/2911
s 252
f 1953/2348/2915 2482/3080/3789 1955/2384/2955 1954/2347/2916
s 254
f 1955/2384/2958 2482/3080/3790 1957/2379/2953 1956/2380/2952
s 263
f 1963/2400/3791 2483/3081/3792 1959/2389/2963 1964/2390/2966
s 262
f 1959/2386/2962 2483/3082/3793 1961/2397/2971 1960/2385/2959
s 264
f 1961/2394/2970 2483/3081/3794 1963/2400/3795 1962/2393/2967
s 262
f 1969/2399/2972 2484/3083/3796 1965/2408/2986 1970/2398/2973
s 264
f 1965/2405/2985 2484/3084/3797 1967/2411/2991 1966/2404/2982
f 1967/2411/2991 2484/3084/3797 1969/2395/2969 1968/2396/2968
s 268
f 1975/2422/3003 2485/3085/3798 1971/2418/2997 1976/2419/3000
s 263
f 1971/2415/2996 2485/3085/3799 1973/2401/3800 1972/2402/2993
s off
f 1973/2401/3801 2485/3085/3802 1975/2422/3803 1974/2403/3804
s 264
f 1981/2412/2990 2486/3086/3805 1977/2428/3010 1982/2414/2992
s 268
f 1977/2425/3009 2486/3086/3806 1979/2423/3002 1978/2424/3001
s 264
f 1979/2423/3005 2486/3086/3805 1981/2412/2990 1980/2413/2989
f 1987/2437/3021 2487/3087/3807 1983/2433/3015 1988/2434/3018
s 263
f 1983/2431/3014 2487/3088/3808 1985/2416/2995 1984/2417/2994
s 268
f 1985/2421/2998 2487/3087/3809 1987/2437/3022 1986/2420/2999
s 264
f 1993/2430/3011 2488/3089/3810 1989/2443/3026 1994/2429/3012
f 1989/2440/3026 2488/3090/3810 1991/2438/3020 1990/2439/3019
s 268
f 1991/2438/3023 2488/3090/3811 1993/2426/3008 1992/2427/3007
s 262
f 1999/2445/3028 2489/3091/3812 1995/2387/2961 2000/2388/2960
s 263
f 1995/2392/2964 2489/3092/3813 1997/2432/3013 1996/2391/2965
s 264
f 1997/2436/3016 2489/3091/3814 1999/2445/3029 1998/2435/3017
f 2005/2444/3025 2490/3093/3815 2001/2406/2984 2006/2407/2983
s 262
f 2001/2410/2987 2490/3094/3816 2003/2446/3027 2002/2409/2988
s 264
f 2003/2446/3030 2490/3094/3817 2005/2441/3025 2004/2442/3024
s 273
f 2011/2462/3818 2491/3095/3819 2007/2451/3035 2012/2452/3038
s 272
f 2007/2448/3034 2491/3096/3820 2009/2459/3043 2008/2447/3031
s 274
f 2009/2456/3042 2491/3095/3821 2011/2462/3822 2010/2455/3039
s 272
f 2017/2461/3044 2492/3097/3823 2013/2470/3058 2018/2460/3045
s 274
f 2013/2467/3057 2492/3098/3824 2015/2473/3063 2014/2466/3054
f 2015/2473/3063 2492/3098/3824 2017/2457/3041 2016/2458/3040
s 278
f 2023/2484/3075 2493/3099/3825 2019/2480/3069 2024/2481/3072
s 273
f 2019/2477/3068 2493/3099/3826 2021/2463/3827 2020/2464/3065
s off
f 2021/2463/3828 2493/3099/3829 2023/2484/3830 2022/2465/3831
s 274
f 2029/2474/3062 2494/3100/3832 2025/2490/3082 2030/2476/3064
s 278
f 2025/2487/3081 2494/3100/3833 2027/2485/3074 2026/2486/3073
s 274
f 2027/2485/3077 2494/3100/3832 2029/2474/3062 2028/2475/3061
f 2035/2499/3093 2495/3101/3834 2031/2495/3087 2036/2496/3090
s 273
f 2031/2493/3086 2495/3102/3835 2033/2478/3067 2032/2479/3066
s 278
f 2033/2483/3070 2495/3101/3836 2035/2499/3094 2034/2482/3071
s 274
f 2041/2492/3083 2496/3103/3837 2037/2505/3098 2042/2491/3084
f 2037/2502/3098 2496/3104/3837 2039/2500/3092 2038/2501/3091
s 278
f 2039/2500/3095 2496/3104/3838 2041/2488/3080 2040/2489/3079
s 272
f 2047/2507/3100 2497/3105/3839 2043/2449/3033 2048/2450/3032
s 273
f 2043/2454/3036 2497/3106/3840 2045/2494/3085 2044/2453/3037
s 274
f 2045/2498/3088 2497/3105/3841 2047/2507/3101 2046/2497/3089
f 2053/2506/3097 2498/3107/3842 2049/2468/3056 2054/2469/3055
s 272
f 2049/2472/3059 2498/3108/3843 2051/2508/3099 2050/2471/3060
s 274
f 2051/2508/3102 2498/3108/3842 2053/2503/3097 2052/2504/3096
s 283
f 2059/2524/3844 2499/3109/3845 2055/2513/3107 2060/2514/3110
s 282
f 2055/2510/3106 2499/3110/3846 2057/2521/3115 2056/2509/3103
s 284
f 2057/2518/3114 2499/3109/3847 2059/2524/3848 2058/2517/3111
s 282
f 2065/2523/3116 2500/3111/3849 2061/2532/3130 2066/2522/3117
s 284
f 2061/2529/3129 2500/3112/3850 2063/2535/3135 2062/2528/3126
f 2063/2535/3135 2500/3112/3850 2065/2519/3113 2064/2520/3112
s 288
f 2071/2546/3147 2501/3113/3851 2067/2542/3141 2072/2543/3144
s 283
f 2067/2539/3140 2501/3113/3852 2069/2525/3853 2068/2526/3137
s off
f 2069/2525/3854 2501/3113/3855 2071/2546/3856 2070/2527/3857
s 284
f 2077/2536/3134 2502/3114/3858 2073/2552/3154 2078/2538/3136
s 288
f 2073/2549/3153 2502/3114/3859 2075/2547/3146 2074/2548/3145
s 284
f 2075/2547/3149 2502/3114/3858 2077/2536/3134 2076/2537/3133
f 2083/2561/3165 2503/3115/3860 2079/2557/3159 2084/2558/3162
s 283
f 2079/2555/3158 2503/3116/3861 2081/2540/3139 2080/2541/3138
s 288
f 2081/2545/3142 2503/3115/3862 2083/2561/3166 2082/2544/3143
s 284
f 2089/2554/3155 2504/3117/3863 2085/2567/3170 2090/2553/3156
f 2085/2564/3170 2504/3118/3863 2087/2562/3164 2086/2563/3163
s 288
f 2087/2562/3167 2504/3118/3864 2089/2550/3152 2088/2551/3151
s 282
f 2095/2569/3172 2505/3119/3865 2091/2511/3105 2096/2512/3104
s 283
f 2091/2516/3108 2505/3120/3866 2093/2556/3157 2092/2515/3109
s 284
f 2093/2560/3160 2505/3119/3867 2095/2569/3173 2094/2559/3161
f 2101/2568/3169 2506/3121/3868 2097/2530/3128 2102/2531/3127
s 282
f 2097/2534/3131 2506/3122/3869 2099/2570/3171 2098/2533/3132
s 284
f 2099/2570/3174 2506/3122/3868 2101/2565/3169 2100/2566/3168
s 226
f 2107/2575/3180 2507/3123/3870 2103/2245/2801 2108/2246/2800
s 236
f 2103/2249/2804 2507/3124/3871 2105/2572/3178 2104/2248/2805
f 2105/2572/3178 2507/3124/3871 2107/2577/3181 2106/2571/3175
s 238
f 2113/2580/3185 2508/3125/3872 2109/2256/2810 2114/2257/2809
s 226
f 2109/2260/2813 2508/3126/3873 2111/2576/3179 2110/2259/2814
s 236
f 2111/2579/3182 2508/3125/3874 2113/2580/3186 2112/2578/3183
f 2119/2573/3177 2509/3127/3875 2115/2215/2773 2120/2216/2772
s 234
f 2115/2220/2776 2509/3127/3876 2117/2583/3191 2116/2219/2777
s 236
f 2117/2583/3190 2509/3127/3875 2119/2573/3177 2118/2574/3176
s 234
f 2125/2584/3192 2510/3128/3877 2121/2232/2788 2126/2233/2787
s 238
f 2121/2237/2791 2510/3128/3878 2123/2581/3184 2122/2236/2792
s 236
f 2123/2581/3187 2510/3128/3879 2125/2584/3189 2124/2582/3188
s 296
f 2131/2598/3211 2511/3129/3880 2127/2589/3197 2132/2590/3200
s 295
f 2127/2586/3196 2511/3130/3881 2129/2594/3882 2128/2585/3193
s off
f 2129/2594/3883 2511/3130/3884 2131/2601/3885 2130/2593/3886
s 297
f 2137/2611/3225 2512/3131/3887 2133/2607/3219 2138/2608/3222
s 296
f 2133/2604/3218 2512/3132/3888 2135/2599/3210 2134/2600/3209
s 297
f 2135/2603/3213 2512/3131/3887 2137/2611/3225 2136/2602/3214
s 295
f 2143/2595/3889 2513/3133/3890 2139/2619/3231 2144/2597/3234
s 299
f 2139/2616/3230 2513/3133/3891 2141/2622/3238 2140/2615/3227
s 297
f 2141/2622/3237 2513/3133/3892 2143/2595/3893 2142/2596/3235
s 299
f 2149/2623/3239 2514/3134/3894 2145/2628/3244 2150/2624/3240
s 297
f 2145/2625/3243 2514/3134/3895 2147/2612/3224 2146/2613/3223
f 2147/2612/3224 2514/3134/3895 2149/2623/3236 2148/2614/3226
s 295
f 2155/2621/3232 2515/3135/3896 2151/2635/3251 2156/2620/3233
s 297
f 2151/2632/3250 2515/3136/3897 2153/2637/3255 2152/2631/3247
s 299
f 2153/2637/3254 2515/3136/3898 2155/2617/3229 2154/2618/3228
s 297
f 2161/2638/3256 2516/3137/3899 2157/2642/3259 2162/2639/3257
f 2157/2640/3259 2516/3138/3900 2159/2626/3242 2158/2627/3241
s 299
f 2159/2630/3245 2516/3137/3901 2161/2638/3253 2160/2629/3246
s 295
f 2167/2636/3252 2517/3139/3902 2163/2587/3195 2168/2588/3194
s 296
f 2163/2592/3198 2517/3140/3903 2165/2645/3263 2164/2591/3199
s 297
f 2165/2645/3262 2517/3140/3904 2167/2633/3249 2166/2634/3248
s 296
f 2173/2646/3264 2518/3141/3905 2169/2605/3217 2174/2606/3216
s 297
f 2169/2610/3220 2518/3142/3906 2171/2641/3258 2170/2609/3221
f 2171/2644/3258 2518/3141/3907 2173/2646/3261 2172/2643/3260
s 306
f 2179/2660/3283 2519/3143/3908 2175/2651/3269 2180/2652/3272
s 305
f 2175/2648/3268 2519/3144/3909 2177/2656/3910 2176/2647/3265
s off
f 2177/2656/3911 2519/3144/3912 2179/2663/3913 2178/2655/3914
s 307
f 2185/2673/3297 2520/3145/3915 2181/2669/3291 2186/2670/3294
s 306
f 2181/2666/3290 2520/3146/3916 2183/2661/3282 2182/2662/3281
s 307
f 2183/2665/3285 2520/3145/3915 2185/2673/3297 2184/2664/3286
s 305
f 2191/2657/3917 2521/3147/3918 2187/2681/3303 2192/2659/3306
s 309
f 2187/2678/3302 2521/3147/3919 2189/2684/3310 2188/2677/3299
s 307
f 2189/2684/3309 2521/3147/3920 2191/2657/3921 2190/2658/3307
s 309
f 2197/2685/3311 2522/3148/3922 2193/2690/3316 2198/2686/3312
s 307
f 2193/2687/3315 2522/3148/3923 2195/2674/3296 2194/2675/3295
f 2195/2674/3296 2522/3148/3923 2197/2685/3308 2196/2676/3298
s 305
f 2203/2683/3304 2523/3149/3924 2199/2697/3323 2204/2682/3305
s 307
f 2199/2694/3322 2523/3150/3925 2201/2699/3327 2200/2693/3319
s 309
f 2201/2699/3326 2523/3150/3926 2203/2679/3301 2202/2680/3300
s 307
f 2209/2700/3328 2524/3151/3927 2205/2704/3331 2210/2701/3329
f 2205/2702/3331 2524/3152/3928 2207/2688/3314 2206/2689/3313
s 309
f 2207/2692/3317 2524/3151/3929 2209/2700/3325 2208/2691/3318
s 305
f 2215/2698/3324 2525/3153/3930 2211/2649/3267 2216/2650/3266
s 306
f 2211/2654/3270 2525/3154/3931 2213/2707/3335 2212/2653/3271
s 307
f 2213/2707/3334 2525/3154/3932 2215/2695/3321 2214/2696/3320
s 306
f 2221/2708/3336 2526/3155/3933 2217/2667/3289 2222/2668/3288
s 307
f 2217/2672/3292 2526/3156/3934 2219/2703/3330 2218/2671/3293
f 2219/2706/3330 2526/3155/3935 2221/2708/3333 2220/2705/3332
s 316
f 2227/2722/3355 2527/3157/3936 2223/2713/3341 2228/2714/3344
s 315
f 2223/2710/3340 2527/3158/3937 2225/2718/3938 2224/2709/3337
s off
f 2225/2718/3939 2527/3158/3940 2227/2725/3941 2226/2717/3942
s 317
f 2233/2735/3369 2528/3159/3943 2229/2731/3363 2234/2732/3366
s 316
f 2229/2728/3362 2528/3160/3944 2231/2723/3354 2230/2724/3353
s 317
f 2231/2727/3357 2528/3159/3943 2233/2735/3369 2232/2726/3358
s 315
f 2239/2719/3945 2529/3161/3946 2235/2743/3375 2240/2721/3378
s 319
f 2235/2740/3374 2529/3161/3947 2237/2746/3382 2236/2739/3371
s 317
f 2237/2746/3381 2529/3161/3948 2239/2719/3949 2238/2720/3379
s 319
f 2245/2747/3383 2530/3162/3950 2241/2752/3388 2246/2748/3384
s 317
f 2241/2749/3387 2530/3162/3951 2243/2736/3368 2242/2737/3367
f 2243/2736/3368 2530/3162/3951 2245/2747/3380 2244/2738/3370
s 315
f 2251/2745/3376 2531/3163/3952 2247/2759/3395 2252/2744/3377
s 317
f 2247/2756/3394 2531/3164/3953 2249/2761/3399 2248/2755/3391
s 319
f 2249/2761/3398 2531/3164/3954 2251/2741/3373 2250/2742/3372
s 317
f 2257/2762/3400 2532/3165/3955 2253/2766/3403 2258/2763/3401
f 2253/2764/3403 2532/3166/3955 2255/2750/3386 2254/2751/3385
s 319
f 2255/2754/3389 2532/3165/3956 2257/2762/3397 2256/2753/3390
s 315
f 2263/2760/3396 2533/3167/3957 2259/2711/3339 2264/2712/3338
s 316
f 2259/2716/3342 2533/3168/3958 2261/2769/3407 2260/2715/3343
s 317
f 2261/2769/3406 2533/3168/3959 2263/2757/3393 2262/2758/3392
s 316
f 2269/2770/3408 2534/3169/3960 2265/2729/3361 2270/2730/3360
s 317
f 2265/2734/3364 2534/3170/3961 2267/2765/3402 2266/2733/3365
f 2267/2768/3402 2534/3169/3962 2269/2770/3405 2268/2767/3404
s 326
f 2275/2784/3427 2535/3171/3963 2271/2775/3413 2276/2776/3416
s 325
f 2271/2772/3412 2535/3172/3964 2273/2780/3965 2272/2771/3409
s off
f 2273/2780/3966 2535/3172/3967 2275/2787/3968 2274/2779/3969
s 327
f 2281/2797/3441 2536/3173/3970 2277/2793/3435 2282/2794/3438
s 326
f 2277/2790/3434 2536/3174/3971 2279/2785/3426 2278/2786/3425
s 327
f 2279/2789/3429 2536/3173/3970 2281/2797/3441 2280/2788/3430
s 325
f 2287/2781/3972 2537/3175/3973 2283/2805/3447 2288/2783/3450
s 329
f 2283/2802/3446 2537/3175/3974 2285/2808/3454 2284/2801/3443
s 327
f 2285/2808/3453 2537/3175/3975 2287/2781/3976 2286/2782/3451
s 329
f 2293/2809/3455 2538/3176/3977 2289/2814/3460 2294/2810/3456
s 327
f 2289/2811/3459 2538/3176/3978 2291/2798/3440 2290/2799/3439
f 2291/2798/3440 2538/3176/3978 2293/2809/3452 2292/2800/3442
s 325
f 2299/2807/3448 2539/3177/3979 2295/2821/3467 2300/2806/3449
s 327
f 2295/2818/3466 2539/3178/3980 2297/2823/3471 2296/2817/3463
s 329
f 2297/2823/3470 2539/3178/3981 2299/2803/3445 2298/2804/3444
s 327
f 2305/2824/3472 2540/3179/3982 2301/2828/3475 2306/2825/3473
f 2301/2826/3475 2540/3180/3982 2303/2812/3458 2302/2813/3457
s 329
f 2303/2816/3461 2540/3179/3983 2305/2824/3469 2304/2815/3462
s 325
f 2311/2822/3468 2541/3181/3984 2307/2773/3411 2312/2774/3410
s 326
f 2307/2778/3414 2541/3182/3985 2309/2831/3479 2308/2777/3415
s 327
f 2309/2831/3478 2541/3182/3986 2311/2819/3465 2310/2820/3464
s 326
f 2317/2832/3480 2542/3183/3987 2313/2791/3433 2318/2792/3432
s 327
f 2313/2796/3436 2542/3184/3988 2315/2827/3474 2314/2795/3437
f 2315/2830/3474 2542/3183/3988 2317/2832/3477 2316/2829/3476
s 336
f 2323/2846/3499 2543/3185/3989 2319/2837/3485 2324/2838/3488
s 335
f 2319/2834/3484 2543/3186/3990 2321/2842/3991 2320/2833/3481
s off
f 2321/2842/3992 2543/3186/3993 2323/2849/3994 2322/2841/3995
s 337
f 2329/2859/3513 2544/3187/3996 2325/2855/3507 2330/2856/3510
s 336
f 2325/2852/3506 2544/3188/3997 2327/2847/3498 2326/2848/3497
s 337
f 2327/2851/3501 2544/3187/3996 2329/2859/3513 2328/2850/3502
s 335
f 2335/2843/3998 2545/3189/3999 2331/2867/3519 2336/2845/3522
s 339
f 2331/2864/3518 2545/3189/4000 2333/2870/3526 2332/2863/3515
s 337
f 2333/2870/3525 2545/3189/4001 2335/2843/4002 2334/2844/3523
s 339
f 2341/2871/3527 2546/3190/4003 2337/2876/3532 2342/2872/3528
s 337
f 2337/2873/3531 2546/3190/4004 2339/2860/3512 2338/2861/3511
f 2339/2860/3512 2546/3190/4004 2341/2871/3524 2340/2862/3514
s 335
f 2347/2869/3520 2547/3191/4005 2343/2883/3539 2348/2868/3521
s 337
f 2343/2880/3538 2547/3192/4006 2345/2885/3543 2344/2879/3535
s 339
f 2345/2885/3542 2547/3192/4007 2347/2865/3517 2346/2866/3516
s 337
f 2353/2886/3544 2548/3193/4008 2349/2890/3547 2354/2887/3545
f 2349/2888/3547 2548/3194/4008 2351/2874/3530 2350/2875/3529
s 339
f 2351/2878/3533 2548/3193/4009 2353/2886/3541 2352/2877/3534
s 335
f 2359/2884/3540 2549/3195/4010 2355/2835/3483 2360/2836/3482
s 336
f 2355/2840/3486 2549/3196/4011 2357/2893/3551 2356/2839/3487
s 337
f 2357/2893/3550 2549/3196/4012 2359/2881/3537 2358/2882/3536
s 336
f 2365/2894/3552 2550/3197/4013 2361/2853/3505 2366/2854/3504
s 337
f 2361/2858/3508 2550/3198/4014 2363/2889/3546 2362/2857/3509
f 2363/2892/3546 2550/3197/4014 2365/2894/3549 2364/2891/3548
s 346
f 2371/2910/3570 2551/3199/4015 2367/2899/3557 2372/2900/3560
s 345
f 2367/2896/3556 2551/3200/4016 2369/2907/3565 2368/2895/3553
s 346
f 2369/2904/3564 2551/3199/4015 2371/2910/3570 2370/2903/3561
s 345
f 2377/2909/3566 2552/3201/4017 2373/2918/3576 2378/2908/3567
s 349
f 2373/2915/3575 2552/3202/4018 2375/2921/3582 2374/2914/3572
s 346
f 2375/2921/3581 2552/3202/4019 2377/2905/3563 2376/2906/3562
s 353
f 2383/2932/3594 2553/3203/4020 2379/2928/3588 2384/2929/3591
s 346
f 2379/2925/3587 2553/3203/4021 2381/2911/3569 2380/2912/3568
f 2381/2911/3569 2553/3203/4021 2383/2932/3595 2382/2913/3571
s 349
f 2389/2922/3583 2554/3204/4022 2385/2938/3600 2390/2924/3584
s 353
f 2385/2935/3599 2554/3204/4023 2387/2933/3593 2386/2934/3592
s 346
f 2387/2933/3596 2554/3204/4024 2389/2922/3580 2388/2923/3579
s 353
f 2397/2954/3618 2555/3205/4025 2391/2945/3607 2398/2946/3610
s 355
f 2391/2942/3606 2555/3206/4026 2393/2951/4027 2392/2941/3603
s 346
f 2393/2949/4028 2555/3207/4029 2395/2926/3586 2394/2927/3585
s 353
f 2395/2931/3589 2555/3208/4025 2397/2957/3618 2396/2930/3590
s 357
f 2405/2966/4030 2556/3209/4031 2399/2962/3622 2406/2963/3625
s 353
f 2399/2959/3621 2556/3210/4032 2401/2955/3617 2400/2956/3616
f 2401/2958/3617 2556/3211/4032 2403/2936/3598 2402/2937/3597
s 349
f 2403/2940/3601 2556/3212/4033 2405/2969/4034 2404/2939/3602
s 355
f 2413/2953/4035 2557/3213/4036 2407/2975/3635 2414/2952/3615
s 345
f 2407/2972/3634 2557/3214/4037 2409/2980/3639 2408/2971/3631
f 2409/2978/3639 2557/3215/4037 2411/2897/3555 2410/2898/3554
s 346
f 2411/2902/3558 2557/3216/4038 2413/2950/4039 2412/2901/3559
s 345
f 2421/2982/3638 2558/3217/4040 2415/2986/3644 2422/2981/3640
s 357
f 2415/2983/3643 2558/3218/4041 2417/2967/4042 2416/2968/3626
s 349
f 2417/2970/4043 2558/3219/4044 2419/2916/3574 2418/2917/3573
s 345
f 2419/2920/3577 2558/3220/4040 2421/2979/3638 2420/2919/3578
f 2427/2993/3652 2559/3221/4045 2423/2973/3633 2428/2974/3632
s 355
f 2423/2977/3636 2559/3222/4046 2425/2990/3650 2424/2976/3637
f 2425/2990/3650 2559/3222/4046 2427/2995/3653 2426/2989/3647
s 357
f 2433/2998/3657 2560/3223/4047 2429/2984/3642 2434/2985/3641
s 345
f 2429/2988/3645 2560/3224/4048 2431/2994/3651 2430/2987/3646
s 355
f 2431/2997/3654 2560/3223/4049 2433/2998/3658 2432/2996/3655
f 2439/2991/3649 2561/3225/4050 2435/2943/3605 2440/2944/3604
s 353
f 2435/2948/3608 2561/3225/4051 2437/3001/3663 2436/2947/3609
s 355
f 2437/3001/3662 2561/3225/4050 2439/2991/3649 2438/2992/3648
s 353
f 2445/3002/3664 2562/3226/4052 2441/2960/3620 2446/2961/3619
s 357
f 2441/2965/3623 2562/3226/4053 2443/2999/3656 2442/2964/3624
s 355
f 2443/2999/3659 2562/3226/4054 2445/3002/3661 2444/3000/3660
s 364
f 2609/3227/4055 2663/3230/4056 2674/3229/4057 2612/3228/4058
f 2610/3231/4059 2664/3232/4060 2663/3230/4056 2609/3227/4055
f 2621/3233/4061 2697/3237/4062 2698/3236/4063 2630/3235/4064 2620/3234/4065
f 2633/3238/4066 2634/3241/4067 3290/3240/4068 3289/3239/4069
f 2635/3242/4070 2633/3238/4066 3289/3239/4069 3288/3243/4071
f 3287/3244/4072 2636/3245/4073 2635/3242/4070 3288/3243/4074
f 3286/3246/4075 2673/3247/4076 2636/3245/4073 3287/3244/4072
f 3316/3248/4077 2639/3251/4078 2638/3250/4079 3317/3249/4080
f 3315/3252/4081 2640/3253/4082 2639/3251/4078 3316/3248/4077
f 3314/3254/4083 2641/3255/4084 2640/3253/4082 3315/3252/4081
f 2665/3256/4085 2664/3232/4060 2610/3231/4059 2645/3257/4086
f 2648/3258/4087 2701/3262/4088 2702/3261/4089 2622/3260/4090 2647/3259/4091
f 2650/3263/4092 2626/3267/4093 2694/3266/4094 2693/3265/4095 2649/3264/4096
f 2642/3268/4097 2643/3271/4098 3326/3270/4099 3325/3269/4100
f 2644/3272/4101 2642/3268/4097 3325/3269/4100 3324/3273/4102
f 3323/3274/4103 2645/3257/4086 2644/3272/4101 3324/3273/4104
f 3322/3275/4105 2665/3256/4085 2645/3257/4086 3323/3274/4103
f 3352/3276/4106 2648/3258/4087 2647/3259/4091 3353/3277/4107
f 3351/3278/4108 2649/3264/4096 2648/3258/4087 3352/3276/4106
f 3350/3279/4109 2650/3263/4092 2649/3264/4096 3351/3278/4108
s 372
f 2563/3280/4110 2581/3283/4111 2671/3282/4112 2670/3281/4113
f 2564/3284/4114 2563/3280/4110 2670/3281/4113 2669/3285/4115
f 3249/3286/4116 3248/3289/4117 2660/3288/4118 2659/3287/4119
f 3250/3290/4120 3249/3286/4116 2659/3287/4119 2658/3291/4121
f 2569/3292/4122 2583/3296/4123 2584/3295/4124 2695/3294/4125 2696/3293/4126
f 2571/3297/4127 3298/3300/4128 3297/3299/4129 2588/3298/4130
f 2572/3301/4131 3299/3302/4132 3298/3300/4128 2571/3297/4127
f 3300/3303/4133 3299/3302/4134 2572/3301/4131 2573/3304/4135
f 3301/3305/4136 3300/3303/4133 2573/3304/4135 2672/3306/4137
f 3305/3307/4138 3304/3310/4139 3247/3309/4140 2661/3308/4141
f 3307/3311/4142 3306/3314/4143 2575/3313/4144 2576/3312/4145
f 3308/3315/4146 3307/3311/4142 2576/3312/4145 2577/3316/4147
f 3309/3317/4148 3308/3315/4146 2577/3316/4147 2578/3318/4149
f 2668/3319/4150 2591/3320/4151 2564/3284/4114 2669/3285/4115
f 2657/3321/4152 3251/3322/4153 3250/3290/4120 2658/3291/4121
f 2594/3323/4154 2593/3327/4155 2570/3326/4156 2699/3325/4157 2700/3324/4158
f 2596/3328/4159 2595/3332/4160 2691/3331/4161 2692/3330/4162 2568/3329/4163
f 2589/3333/4164 3334/3336/4165 3333/3335/4166 2606/3334/4167
f 2590/3337/4168 3335/3338/4169 3334/3336/4165 2589/3333/4164
f 3336/3339/4170 3335/3338/4171 2590/3337/4168 2591/3320/4151
f 3337/3340/4172 3336/3339/4170 2591/3320/4151 2668/3319/4150
f 3341/3341/4173 3340/3342/4174 3251/3322/4153 2657/3321/4152
f 3343/3343/4175 3342/3344/4176 2593/3327/4155 2594/3323/4154
f 3344/3345/4177 3343/3343/4175 2594/3323/4154 2595/3332/4160
f 3345/3346/4178 3344/3345/4177 2595/3332/4160 2596/3328/4159
s 364
f 2652/3347/4179 2621/3233/4061 2620/3234/4065 2651/3348/4180
f 2653/3349/4181 2622/3260/4090 2621/3233/4061 2652/3347/4179
f 2647/3259/4091 2622/3260/4090 2653/3349/4181 2654/3350/4182
f 3353/3277/4107 2647/3259/4091 2654/3350/4182 3354/3351/4183
s 372
f 3342/3344/4176 3341/3341/4173 2657/3321/4152 2593/3327/4155
f 2593/3327/4155 2657/3321/4152 2658/3291/4121 2570/3326/4156
f 2659/3287/4119 2569/3292/4122 2570/3326/4156 2658/3291/4121
f 2660/3288/4118 2583/3296/4123 2569/3292/4122 2659/3287/4119
f 3306/3314/4143 3305/3307/4138 2661/3308/4141 2575/3313/4144
s 364
f 3317/3249/4080 2638/3250/4079 2662/3353/4184 3318/3352/4185
f 2664/3232/4060 2618/3355/4186 2617/3354/4187 2663/3230/4056
f 2646/3356/4188 2618/3355/4186 2664/3232/4060 2665/3256/4085
f 3321/3357/4189 2646/3356/4188 2665/3256/4085 3322/3275/4105
s 372
f 3338/3358/4190 3337/3340/4172 2668/3319/4150 2592/3359/4191
f 2592/3359/4191 2668/3319/4150 2669/3285/4115 2566/3360/4192
f 2670/3281/4113 2565/3361/4193 2566/3360/4192 2669/3285/4115
f 2671/3282/4112 2582/3362/4194 2565/3361/4193 2670/3281/4113
f 3302/3363/4195 3301/3305/4136 2672/3306/4137 2574/3364/4196
s 364
f 3285/3365/4197 2637/3366/4198 2673/3247/4076 3286/3246/4075
f 2663/3230/4056 2617/3354/4187 2616/3367/4199 2674/3229/4057
s 380
f 3362/3368/4200 2676/3371/4201 2675/3370/4202 3363/3369/4203
s 381
f 3370/3372/4204 2677/3375/4205 2678/3374/4206 3371/3373/4207
s 382
f 3361/3376/4208 2679/3377/4209 2676/3371/4210 3362/3368/4211
s 383
f 3371/3373/4212 2678/3374/4213 2680/3379/4214 3372/3378/4215
s 384
f 3368/3380/4216 2681/3383/4217 3319/3382/4218 3369/3381/4219
s 385
f 3320/3384/4220 2682/3387/4221 3365/3386/4222 3364/3385/4223
s 386
f 3367/3388/4224 3261/3389/4225 2681/3383/4226 3368/3380/4227
s 387
f 3360/3390/4228 2683/3391/4229 2679/3377/4230 3361/3376/4231
s 388
f 3372/3378/4232 2680/3379/4233 2684/3393/4234 3373/3392/4235
s 389
f 3375/3394/4236 2686/3397/4237 3260/3396/4238 3376/3395/4239
s 390
f 3356/3398/4240 2683/3391/4241 3360/3390/4242 3359/3399/4243
s 391
f 3373/3392/4244 2684/3393/4245 3355/3401/4246 3374/3400/4247
s 372
f 2688/3402/4248 2585/3406/4249 2586/3405/4250 2567/3404/4251 2687/3403/4252
s 364
f 2690/3407/4253 2625/3411/4254 2624/3410/4255 2628/3409/4256 2689/3408/4257
s 372
f 2688/3402/4248 2687/3403/4252 2703/3412/4258
s 364
f 2690/3407/4253 2689/3408/4257 2704/3413/4259
s 372
f 2692/3330/4162 2691/3331/4161 2705/3414/4260
s 364
f 2693/3265/4095 2694/3266/4094 2706/3415/4261
s 372
f 2696/3293/4126 2695/3294/4125 2707/3416/4262
s 364
f 2698/3236/4063 2697/3237/4062 2708/3417/4263
s 372
f 2700/3324/4158 2699/3325/4157 2709/3418/4264
s 364
f 2702/3261/4089 2701/3262/4088 2710/3419/4265
s 392
f 2780/3420/4266 2784/3423/4267 2785/3422/4268 2779/3421/4269
s 372
f 2779/3421/4270 2785/3422/4271 2786/3425/4272 2778/3424/4273
s 392
f 2809/3426/4274 2810/3429/4275 2811/3428/4276 2808/3427/4277
s 364
f 2808/3427/4278 2811/3428/4279 2812/3431/4280 2807/3430/4281
f 2815/3432/4282 2816/3435/4283 2817/3434/4284 2814/3433/4285
s 392
f 2814/3433/4286 2817/3434/4287 2818/3437/4288 2813/3436/4289
s 364
f 2833/3438/4290 2834/3441/4291 2835/3440/4292 2832/3439/4293
s 392
f 2832/3439/4294 2835/3440/4295 2836/3443/4296 2831/3442/4297
f 2860/3444/4298 2861/3447/4299 2862/3446/4300 2859/3445/4301
s 364
f 2859/3445/4302 2862/3446/4303 2863/3449/4304 2858/3448/4305
f 2881/3450/4306 2882/3453/4307 2883/3452/4308 2880/3451/4309
s 392
f 2880/3451/4310 2883/3452/4311 2884/3455/4312 2879/3454/4313
f 2902/3456/4314 2903/3459/4315 2904/3458/4316 2901/3457/4317
s 364
f 2901/3457/4318 2904/3458/4319 2905/3461/4320 2900/3460/4321
f 2807/3430/4281 2812/3431/4280 2608/3463/4322 2607/3462/4323
f 2613/3464/4324 2614/3465/4325 2816/3435/4283 2815/3432/4282
f 2611/3466/4326 2615/3470/4327 2819/3469/4328 3051/3468/4329 3045/3467/4330
f 2812/3431/4280 2822/3472/4331 2666/3471/4332 2608/3463/4322
f 3258/3473/4333 2828/3476/4334 2655/3475/4335 3259/3474/4336
f 2625/3411/4254 2834/3441/4291 2833/3438/4290 2624/3410/4255
f 2626/3267/4093 2837/3477/4337 2834/3441/4291 2625/3411/4254
f 2846/3478/4338 2843/3481/4339 2627/3480/4340 2629/3479/4341
f 2849/3482/4342 2846/3478/4338 2629/3479/4341 2631/3483/4343
f 2852/3484/4344 2849/3482/4342 2631/3483/4343 2623/3485/4345
f 2615/3470/4327 2632/3487/4346 2855/3486/4347 2819/3469/4328
f 2607/3462/4323 2613/3464/4324 2815/3432/4282 2807/3430/4281
f 2858/3448/4305 2863/3449/4304 2634/3241/4067 2633/3238/4066
f 2864/3488/4348 2858/3448/4305 2633/3238/4066 2635/3242/4070
f 2636/3245/4073 2867/3489/4349 2864/3488/4348 2635/3242/4070
f 2673/3247/4076 2872/3490/4350 2867/3489/4349 2636/3245/4073
f 2662/3353/4184 2878/3493/4351 3241/3492/4352 3262/3491/4353
f 2639/3251/4078 2882/3453/4307 2881/3450/4306 2638/3250/4079
f 2640/3253/4082 2885/3494/4354 2882/3453/4307 2639/3251/4078
f 2641/3255/4084 2888/3495/4355 2885/3494/4354 2640/3253/4082
f 3313/3496/4356 2891/3497/4357 2641/3255/4084 3314/3254/4083
f 2634/3241/4067 2897/3499/4358 3291/3498/4359 3290/3240/4068
f 2900/3460/4321 2905/3461/4320 2643/3271/4098 2642/3268/4097
f 2645/3257/4086 2610/3231/4059 3044/3501/4360 3038/3500/4361 2644/3272/4101
f 2906/3502/4362 2837/3477/4337 2626/3267/4093 2650/3263/4092
f 3349/3503/4363 2906/3502/4362 2650/3263/4092 3350/3279/4109
f 2643/3271/4098 2912/3505/4364 3327/3504/4365 3326/3270/4099
s 372
f 2711/3506/4366 2598/3509/4367 2599/3508/4368 2714/3507/4369
f 2597/3510/4370 2727/3513/4371 2796/3512/4372 2605/3511/4373
f 2580/3514/4374 2954/3518/4375 2955/3517/4376 2736/3516/4377 2579/3515/4378
f 2714/3507/4369 2599/3508/4368 2667/3520/4379 2750/3519/4380
f 3253/3521/4381 3252/3524/4382 2656/3523/4383 2762/3522/4384
f 2567/3404/4251 2586/3405/4250 1710/3526/4385 1709/3525/4386
f 2568/3329/4163 2567/3404/4251 1709/3525/4386 1711/3527/4387
f 2772/3528/4388 2603/3531/4389 2604/3530/4390 2766/3529/4391
f 2778/3424/4273 2602/3532/4392 2603/3531/4389 2772/3528/4388
f 2786/3425/4272 2601/3533/4393 2602/3532/4392 2778/3424/4273
f 2579/3515/4378 2736/3516/4377 2787/3535/4394 2587/3534/4395
f 2598/3509/4367 2711/3506/4366 2727/3513/4371 2597/3510/4370
f 2739/3536/4396 2571/3297/4127 2588/3298/4130 2790/3537/4397
f 2717/3538/4398 2572/3301/4131 2571/3297/4127 2739/3536/4396
f 2573/3304/4135 2572/3301/4131 2717/3538/4398 2720/3539/4399
f 2672/3306/4137 2573/3304/4135 2720/3539/4399 2745/3540/4400
f 2661/3308/4141 3247/3309/4140 3246/3542/4401 2754/3541/4402
f 2576/3312/4145 2575/3313/4144 2781/3544/4403 2775/3543/4404
f 2577/3316/4147 2576/3312/4145 2775/3543/4404 2769/3545/4405
f 2578/3318/4149 2577/3316/4147 2769/3545/4405 2763/3546/4406
f 2588/3298/4130 3297/3299/4129 3296/3548/4407 2799/3547/4408
f 2730/3549/4409 2589/3333/4164 2606/3334/4167 2793/3550/4410
f 2591/3320/4151 2590/3337/4168 2937/3552/4411 2938/3551/4412 2564/3284/4114
f 2606/3334/4167 3333/3335/4166 3332/3554/4413 2803/3553/4414
s 392
f 2716/3555/4415 2810/3429/4275 2809/3426/4274 2713/3556/4416
f 2729/3557/4417 2813/3436/4289 2818/3437/4288 2798/3558/4418
f 2748/3559/4419 2824/3560/4420 2810/3429/4275 2716/3555/4415
f 2760/3561/4421 2830/3564/4422 3256/3563/4423 3255/3562/4424
f 2726/3565/4425 2831/3442/4297 2836/3443/4296 2725/3566/4426
f 2725/3566/4426 2836/3443/4296 2839/3568/4427 2724/3567/4428
f 2768/3569/4429 2845/3572/4430 2848/3571/4431 2774/3570/4432
f 2774/3570/4432 2848/3571/4431 2851/3573/4433 2780/3420/4266
f 2780/3420/4266 2851/3573/4433 2854/3574/4434 2784/3423/4267
f 2738/3575/4435 2821/3578/4436 2857/3577/4437 2789/3576/4438
f 2713/3556/4416 2809/3426/4274 2813/3436/4289 2729/3557/4417
f 2792/3579/4439 2861/3447/4299 2860/3444/4298 2741/3580/4440
f 2741/3580/4440 2860/3444/4298 2866/3582/4441 2719/3581/4442
f 2719/3581/4442 2866/3582/4441 2869/3584/4443 2722/3583/4444
f 2722/3583/4444 2869/3584/4443 2870/3586/4445 2747/3585/4446
f 3244/3587/4447 3243/3590/4448 2876/3589/4449 2756/3588/4450
f 2783/3591/4451 2879/3454/4313 2884/3455/4312 2777/3592/4452
f 2777/3592/4452 2884/3455/4312 2887/3594/4453 2771/3593/4454
f 2771/3593/4454 2887/3594/4453 2890/3596/4455 2765/3595/4456
f 2802/3597/4457 2893/3600/4458 3311/3599/4459 3310/3598/4460
f 3294/3601/4461 3293/3604/4462 2899/3603/4463 2801/3602/4464
f 2795/3605/4465 2903/3459/4315 2902/3456/4314 2732/3606/4466
f 2724/3567/4428 2839/3568/4427 2908/3608/4467 2806/3607/4468
f 2806/3607/4468 2908/3608/4467 3347/3610/4469 3346/3609/4470
f 3330/3611/4471 3329/3614/4472 2914/3613/4473 2805/3612/4474
s 364
f 2828/3476/4334 2852/3484/4344 2623/3485/4345 2655/3475/4335
s 392
f 2784/3423/4267 2854/3574/4434 2830/3564/4422 2760/3561/4421
s 372
f 2656/3523/4383 2601/3533/4393 2786/3425/4272 2762/3522/4384
f 2575/3313/4144 2661/3308/4141 2754/3541/4402 2781/3544/4403
s 392
f 2876/3589/4449 2879/3454/4313 2783/3591/4451 2756/3588/4450
s 364
f 2638/3250/4079 2881/3450/4306 2878/3493/4351 2662/3353/4184
f 2822/3472/4331 2825/3616/4475 2619/3615/4476 2666/3471/4332
s 392
f 2757/3617/4477 2827/3618/4478 2824/3560/4420 2748/3559/4419
s 372
f 2667/3520/4379 2600/3620/4479 2759/3619/4480 2750/3519/4380
f 2574/3364/4196 2672/3306/4137 2745/3540/4400 2751/3621/4481
s 392
f 2870/3586/4445 2873/3623/4482 2753/3622/4483 2747/3585/4446
s 364
f 2637/3366/4198 2875/3624/4484 2872/3490/4350 2673/3247/4076
s 372
f 2711/3506/4366 2714/3507/4369 2715/3626/4485 2712/3625/4486
s 392
f 2712/3625/4487 2715/3626/4488 2716/3555/4415 2713/3556/4416
s 372
f 2717/3538/4398 2739/3536/4396 2740/3628/4489 2718/3627/4490
s 392
f 2718/3627/4491 2740/3628/4492 2741/3580/4440 2719/3581/4442
f 2719/3581/4442 2722/3583/4444 2721/3629/4493 2718/3627/4491
s 372
f 2718/3627/4490 2721/3629/4494 2720/3539/4399 2717/3538/4398
s 392
f 2713/3556/4416 2729/3557/4417 2728/3630/4495 2712/3625/4487
s 372
f 2712/3625/4486 2728/3630/4496 2727/3513/4371 2711/3506/4366
f 2730/3549/4409 2793/3550/4410 2794/3632/4497 2731/3631/4498
s 392
f 2731/3631/4499 2794/3632/4500 2795/3605/4465 2732/3606/4466
s 372
f 2739/3536/4396 2790/3537/4397 2791/3633/4501 2740/3628/4489
s 392
f 2740/3628/4492 2791/3633/4502 2792/3579/4439 2741/3580/4440
f 2722/3583/4444 2747/3585/4446 2746/3634/4503 2721/3629/4493
s 372
f 2721/3629/4494 2746/3634/4504 2745/3540/4400 2720/3539/4399
f 2714/3507/4369 2750/3519/4380 2749/3635/4505 2715/3626/4485
s 392
f 2715/3626/4488 2749/3635/4506 2748/3559/4419 2716/3555/4415
f 2747/3585/4446 2753/3622/4483 2752/3636/4507 2746/3634/4503
s 372
f 2746/3634/4504 2752/3636/4508 2751/3621/4481 2745/3540/4400
s 392
f 3244/3587/4447 2756/3588/4450 2755/3638/4509 3245/3637/4510
s 372
f 3245/3637/4511 2755/3638/4512 2754/3541/4402 3246/3542/4401
f 2750/3519/4380 2759/3619/4480 2758/3639/4513 2749/3635/4505
s 392
f 2749/3635/4506 2758/3639/4514 2757/3617/4477 2748/3559/4419
s 372
f 3253/3521/4381 2762/3522/4384 2761/3641/4515 3254/3640/4516
s 392
f 3254/3640/4517 2761/3641/4518 2760/3561/4421 3255/3562/4424
s 372
f 2763/3546/4406 2769/3545/4405 2770/3643/4519 2764/3642/4520
s 392
f 2764/3642/4521 2770/3643/4522 2771/3593/4454 2765/3595/4456
s 372
f 2769/3545/4405 2775/3543/4404 2776/3644/4523 2770/3643/4519
s 392
f 2770/3643/4522 2776/3644/4524 2777/3592/4452 2771/3593/4454
f 2768/3569/4429 2774/3570/4432 2773/3646/4525 2767/3645/4526
s 372
f 2767/3645/4527 2773/3646/4528 2772/3528/4388 2766/3529/4391
f 2775/3543/4404 2781/3544/4403 2782/3647/4529 2776/3644/4523
s 392
f 2776/3644/4524 2782/3647/4530 2783/3591/4451 2777/3592/4452
f 2774/3570/4432 2780/3420/4266 2779/3421/4269 2773/3646/4525
s 372
f 2773/3646/4528 2779/3421/4270 2778/3424/4273 2772/3528/4388
s 392
f 2756/3588/4450 2783/3591/4451 2782/3647/4530 2755/3638/4509
s 372
f 2755/3638/4512 2782/3647/4529 2781/3544/4403 2754/3541/4402
f 2762/3522/4384 2786/3425/4272 2785/3422/4271 2761/3641/4515
s 392
f 2761/3641/4518 2785/3422/4268 2784/3423/4267 2760/3561/4421
f 2738/3575/4435 2789/3576/4438 2788/3649/4531 2737/3648/4532
s 372
f 2737/3648/4533 2788/3649/4534 2787/3535/4394 2736/3516/4377
s 392
f 2729/3557/4417 2798/3558/4418 2797/3650/4535 2728/3630/4495
s 372
f 2728/3630/4496 2797/3650/4536 2796/3512/4372 2727/3513/4371
s 392
f 3294/3601/4461 2801/3602/4464 2800/3652/4537 3295/3651/4538
s 372
f 3295/3651/4539 2800/3652/4540 2799/3547/4408 3296/3548/4407
s 392
f 3330/3611/4471 2805/3612/4474 2804/3654/4541 3331/3653/4542
s 372
f 3331/3653/4543 2804/3654/4544 2803/3553/4414 3332/3554/4413
s 392
f 2724/3567/4428 2806/3607/4468 1704/3656/4545 1706/3655/4546
s 364
f 2807/3430/4281 2815/3432/4282 2814/3433/4285 2808/3427/4278
s 392
f 2808/3427/4277 2814/3433/4286 2813/3436/4289 2809/3426/4274
s 364
f 2819/3469/4328 2855/3486/4347 2856/3658/4547 2820/3657/4548
s 392
f 2820/3657/4549 2856/3658/4550 2857/3577/4437 2821/3578/4436
f 2810/3429/4275 2824/3560/4420 2823/3659/4551 2811/3428/4276
s 364
f 2811/3428/4279 2823/3659/4552 2822/3472/4331 2812/3431/4280
s 392
f 2824/3560/4420 2827/3618/4478 2826/3660/4553 2823/3659/4551
s 364
f 2823/3659/4552 2826/3660/4554 2825/3616/4475 2822/3472/4331
s 392
f 3256/3563/4423 2830/3564/4422 2829/3662/4555 3257/3661/4556
s 364
f 3257/3661/4557 2829/3662/4558 2828/3476/4334 3258/3473/4333
f 2834/3441/4291 2837/3477/4337 2838/3663/4559 2835/3440/4292
s 392
f 2835/3440/4295 2838/3663/4560 2839/3568/4427 2836/3443/4296
s 364
f 2837/3477/4337 2906/3502/4362 2907/3664/4561 2838/3663/4559
s 392
f 2838/3663/4560 2907/3664/4562 2908/3608/4467 2839/3568/4427
s 364
f 2843/3481/4339 2846/3478/4338 2847/3666/4563 2844/3665/4564
s 392
f 2844/3665/4565 2847/3666/4566 2848/3571/4431 2845/3572/4430
s 364
f 2846/3478/4338 2849/3482/4342 2850/3667/4567 2847/3666/4563
s 392
f 2847/3666/4566 2850/3667/4568 2851/3573/4433 2848/3571/4431
s 364
f 2849/3482/4342 2852/3484/4344 2853/3668/4569 2850/3667/4567
s 392
f 2850/3667/4568 2853/3668/4570 2854/3574/4434 2851/3573/4433
f 2830/3564/4422 2854/3574/4434 2853/3668/4570 2829/3662/4555
s 364
f 2829/3662/4558 2853/3668/4569 2852/3484/4344 2828/3476/4334
f 2858/3448/4305 2864/3488/4348 2865/3669/4571 2859/3445/4302
s 392
f 2859/3445/4301 2865/3669/4572 2866/3582/4441 2860/3444/4298
s 364
f 2864/3488/4348 2867/3489/4349 2868/3670/4573 2865/3669/4571
s 392
f 2865/3669/4572 2868/3670/4574 2869/3584/4443 2866/3582/4441
s 364
f 2867/3489/4349 2872/3490/4350 2871/3671/4575 2868/3670/4573
s 392
f 2868/3670/4574 2871/3671/4576 2870/3586/4445 2869/3584/4443
s 364
f 2872/3490/4350 2875/3624/4484 2874/3672/4577 2871/3671/4575
s 392
f 2871/3671/4576 2874/3672/4578 2873/3623/4482 2870/3586/4445
s 364
f 3241/3492/4352 2878/3493/4351 2877/3674/4579 3242/3673/4580
s 392
f 3242/3673/4581 2877/3674/4582 2876/3589/4449 3243/3590/4448
s 364
f 2878/3493/4351 2881/3450/4306 2880/3451/4309 2877/3674/4579
s 392
f 2877/3674/4582 2880/3451/4310 2879/3454/4313 2876/3589/4449
s 364
f 2882/3453/4307 2885/3494/4354 2886/3675/4583 2883/3452/4308
s 392
f 2883/3452/4311 2886/3675/4584 2887/3594/4453 2884/3455/4312
s 364
f 2885/3494/4354 2888/3495/4355 2889/3676/4585 2886/3675/4583
s 392
f 2886/3675/4584 2889/3676/4586 2890/3596/4455 2887/3594/4453
f 3311/3599/4459 2893/3600/4458 2892/3678/4587 3312/3677/4588
s 364
f 3312/3677/4589 2892/3678/4590 2891/3497/4357 3313/3496/4356
f 3291/3498/4359 2897/3499/4358 2898/3680/4591 3292/3679/4592
s 392
f 3292/3679/4593 2898/3680/4594 2899/3603/4463 3293/3604/4462
f 3347/3610/4469 2908/3608/4467 2907/3664/4562 3348/3681/4595
s 364
f 3348/3681/4596 2907/3664/4561 2906/3502/4362 3349/3503/4363
f 3327/3504/4365 2912/3505/4364 2913/3683/4597 3328/3682/4598
s 392
f 3328/3682/4599 2913/3683/4600 2914/3613/4473 3329/3614/4472
s 372
f 2937/3552/4411 2590/3337/4168 2589/3333/4164 2730/3549/4409 2943/3684/4601
f 2939/3685/4602 2959/3687/4603 2960/3686/4604 2563/3280/4110 2564/3284/4114 2938/3551/4412
f 2954/3518/4375 2580/3514/4374 2581/3283/4111 2563/3280/4110 2960/3686/4604
s 364
f 3039/3688/4605 2900/3460/4321 2642/3268/4097 2644/3272/4101 3038/3500/4361
f 3044/3501/4360 2610/3231/4059 2609/3227/4055 3046/3691/4606 3047/3690/4607 3043/3689/4608
f 3046/3691/4606 2609/3227/4055 2612/3228/4058 2611/3466/4326 3045/3467/4330
s 372
f 2918/3692/4609 2924/3695/4610 2925/3694/4611 2917/3693/4612
f 2917/3693/4612 2925/3694/4611 2926/3697/4613 2916/3696/4614
f 2916/3696/4614 2926/3697/4613 1717/3700/4615 1716/3699/4616 2915/3698/4617
f 2915/3698/4617 1716/3699/4616 1718/3701/4618
f 2931/3702/4619 2939/3685/4602 2940/3704/4620 2930/3703/4621
f 2930/3703/4621 2940/3704/4620 2941/3706/4622 2929/3705/4623
f 2929/3705/4623 2941/3706/4622 2942/3708/4624 2928/3707/4625
f 2928/3707/4625 2942/3708/4624 2943/3684/4601 2927/3709/4626
f 2948/3710/4627 2955/3517/4376 2956/3712/4628 2947/3711/4629
f 2947/3711/4629 2956/3712/4628 2957/3714/4630 2946/3713/4631
f 2946/3713/4631 2957/3714/4630 2958/3716/4632 2945/3715/4633
f 2945/3715/4633 2958/3716/4632 2959/3687/4603 2944/3717/4634
f 2965/3718/4635 2971/3721/4636 2972/3720/4637 2964/3719/4638
f 2964/3719/4638 2972/3720/4637 2973/3723/4639 2963/3722/4640
f 2963/3722/4640 2973/3723/4639 2974/3725/4641 2962/3724/4642
f 2962/3724/4642 2974/3725/4641 2975/3727/4643 2961/3726/4644
f 2980/3728/4645 2986/3731/4646 2987/3730/4647 2979/3729/4648
f 2979/3729/4648 2987/3730/4647 2988/3733/4649 2978/3732/4650
f 2978/3732/4650 2988/3733/4649 2989/3735/4651 2977/3734/4652
f 2977/3734/4652 2989/3735/4651 2990/3737/4653 2976/3736/4654
f 2994/3738/4655 1721/3742/4656 1722/3741/4657 3000/3740/4658 2993/3739/4659
f 2993/3739/4659 3000/3740/4658 3001/3744/4660 2992/3743/4661
f 2992/3743/4661 3001/3744/4660 3002/3746/4662 2991/3745/4663
s 392
f 3012/3747/4664 3013/3750/4665 3014/3749/4666 3011/3748/4667
f 3011/3748/4667 3014/3749/4666 3015/3752/4668 3010/3751/4669
f 3010/3751/4669 3015/3752/4668 3016/3754/4670 3009/3753/4671
f 3009/3753/4671 3016/3754/4670 3017/3756/4672 3008/3755/4673
f 3027/3757/4674 3028/3760/4675 3029/3759/4676 3026/3758/4677
f 3026/3758/4677 3029/3759/4676 3030/3762/4678 3025/3761/4679
f 3025/3761/4679 3030/3762/4678 3031/3764/4680 3024/3763/4681
f 3024/3763/4681 3031/3764/4680 3032/3766/4682 3023/3765/4683
s 364
f 3037/3767/4684 3039/3688/4605 3040/3769/4685 3036/3768/4686
f 3036/3768/4686 3040/3769/4685 3041/3771/4687 3035/3770/4688
f 3035/3770/4688 3041/3771/4687 3042/3773/4689 3034/3772/4690
f 3034/3772/4690 3042/3773/4689 3043/3689/4608 3033/3774/4691
s 392
f 3056/3775/4692 3062/3778/4693 3063/3777/4694 3055/3776/4695
f 3055/3776/4695 3063/3777/4694 3064/3780/4696 3054/3779/4697
f 3054/3779/4697 3064/3780/4696 3065/3782/4698 3053/3781/4699
f 3053/3781/4699 3065/3782/4698 3066/3784/4700 3052/3783/4701
f 3076/3785/4702 3077/3788/4703 3078/3787/4704 3075/3786/4705
f 3075/3786/4705 3078/3787/4704 3079/3790/4706 3074/3789/4707
f 3074/3789/4707 3079/3790/4706 3080/3792/4708 3073/3791/4709
f 3073/3791/4709 3080/3792/4708 3081/3794/4710 3072/3793/4711
f 3091/3795/4712 3092/3798/4713 3093/3797/4714 3090/3796/4715
f 3090/3796/4715 3093/3797/4714 3094/3800/4716 3089/3799/4717
f 3089/3799/4717 3094/3800/4716 3095/3802/4718 3088/3801/4719
f 3088/3801/4719 3095/3802/4718 3096/3804/4720 3087/3803/4721
f 3106/3805/4722 3107/3808/4723 3108/3807/4724 3105/3806/4725
f 3105/3806/4725 3108/3807/4724 3109/3810/4726 3104/3809/4727
f 3104/3809/4727 3109/3810/4726 3110/3812/4728 3103/3811/4729
f 3103/3811/4729 3110/3812/4728 3111/3814/4730 3102/3813/4731
f 3121/3815/4732 3122/3818/4733 3123/3817/4734 3120/3816/4735
f 3120/3816/4735 3123/3817/4734 3124/3820/4736 3119/3819/4737
f 3119/3819/4737 3124/3820/4736 3125/3822/4738 3118/3821/4739
f 3118/3821/4739 3125/3822/4738 3126/3824/4740 3117/3823/4741
f 3136/3825/4742 3137/3828/4743 3138/3827/4744 3135/3826/4745
f 3135/3826/4745 3138/3827/4744 3139/3830/4746 3134/3829/4747
f 3134/3829/4747 3139/3830/4746 3140/3832/4748 3133/3831/4749
f 3133/3831/4749 3140/3832/4748 3141/3834/4750 3132/3833/4751
f 3151/3835/4752 3152/3838/4753 3153/3837/4754 3150/3836/4755
f 3150/3836/4755 3153/3837/4754 3154/3840/4756 3149/3839/4757
f 3149/3839/4757 3154/3840/4756 3155/3842/4758 3148/3841/4759
f 3148/3841/4759 3155/3842/4758 3156/3844/4760 3147/3843/4761
s 364
f 3043/3689/4608 3047/3690/4607 3052/3783/4762 3033/3774/4691
s 392
f 3033/3774/4763 3052/3783/4701 3066/3784/4700 3057/3845/4764
s 364
f 2842/3846/4765 3083/3848/4766 3087/3803/4767 2841/3847/4768
s 392
f 2841/3847/4769 3087/3803/4721 3096/3804/4720 2840/3849/4770
f 2936/3850/4771 3057/3845/4764 3066/3784/4700 2949/3851/4772
f 2953/3852/4773 3062/3778/4693 2821/3578/4436 2738/3575/4435
f 2723/3853/4774 2840/3849/4770 3096/3804/4720 2919/3854/4775
f 2923/3855/4776 3092/3798/4713 2845/3572/4430 2768/3569/4429
f 2765/3595/4456 2890/3596/4455 3126/3824/4740 2995/3856/4777
f 2999/3857/4778 3122/3818/4733 2893/3600/4458 2802/3597/4457
f 2789/3576/4438 2857/3577/4437 3111/3814/4730 2981/3858/4779
f 2985/3859/4780 3107/3808/4723 2896/3861/4781 2744/3860/4782
f 2801/3602/4464 2899/3603/4463 3141/3834/4750 3013/3750/4665
f 3017/3756/4672 3137/3828/4743 2861/3447/4299 2792/3579/4439
f 2732/3606/4466 2902/3456/4314 3061/3863/4783 2932/3862/4784
f 2798/3558/4418 2818/3437/4288 3081/3794/4710 2966/3864/4785
f 2970/3865/4786 3077/3788/4703 2911/3867/4787 2735/3866/4788
f 2805/3612/4474 2914/3613/4473 3156/3844/4760 3028/3760/4675
f 3032/3766/4682 3152/3838/4753 2903/3459/4315 2795/3605/4465
s 372
f 2943/3684/4601 2730/3549/4409 2731/3631/4498 2927/3709/4626
s 392
f 2927/3709/4789 2731/3631/4499 2732/3606/4466 2932/3862/4784
f 2936/3850/4771 2949/3851/4772 2944/3717/4790 2931/3702/4791
s 372
f 2931/3702/4619 2944/3717/4634 2959/3687/4603 2939/3685/4602
f 2975/3727/4643 2796/3512/4372 2797/3650/4536 2961/3726/4644
s 392
f 2961/3726/4792 2797/3650/4535 2798/3558/4418 2966/3864/4785
f 2970/3865/4786 2735/3866/4788 2734/3868/4793 2965/3718/4794
s 372
f 2965/3718/4635 2734/3868/4795 2733/3869/4796 2971/3721/4636
s 392
f 2953/3852/4773 2738/3575/4435 2737/3648/4532 2948/3710/4797
s 372
f 2948/3710/4627 2737/3648/4533 2736/3516/4377 2955/3517/4376
f 2990/3737/4653 2787/3535/4394 2788/3649/4534 2976/3736/4654
s 392
f 2976/3736/4798 2788/3649/4531 2789/3576/4438 2981/3858/4779
f 2985/3859/4780 2744/3860/4782 2743/3870/4799 2980/3728/4800
s 372
f 2980/3728/4645 2743/3870/4801 2742/3871/4802 2986/3731/4646
f 3002/3746/4662 2763/3546/4406 2764/3642/4520 2991/3745/4663
s 392
f 2991/3745/4803 2764/3642/4521 2765/3595/4456 2995/3856/4777
f 2923/3855/4776 2768/3569/4429 2767/3645/4526 2918/3692/4804
s 372
f 2918/3692/4609 2767/3645/4527 2766/3529/4391 2924/3695/4610
f 2790/3537/4397 3004/3872/4805 3008/3755/4806 2791/3633/4501
s 392
f 2791/3633/4502 3008/3755/4673 3017/3756/4672 2792/3579/4439
s 372
f 2793/3550/4410 3019/3873/4807 3023/3765/4808 2794/3632/4497
s 392
f 2794/3632/4500 3023/3765/4683 3032/3766/4682 2795/3605/4465
s 372
f 3003/3874/4809 2799/3547/4408 2800/3652/4540 3012/3747/4810
s 392
f 3012/3747/4664 2800/3652/4537 2801/3602/4464 3013/3750/4665
f 2999/3857/4778 2802/3597/4457 1708/3876/4811 1719/3875/4812
s 372
f 3018/3877/4813 2803/3553/4414 2804/3654/4544 3027/3757/4814
s 392
f 3027/3757/4674 2804/3654/4541 2805/3612/4474 3028/3760/4675
s 364
f 3051/3468/4329 2819/3469/4328 2820/3657/4548 3056/3775/4815
s 392
f 3056/3775/4692 2820/3657/4549 2821/3578/4436 3062/3778/4693
s 364
f 2816/3435/4283 3068/3878/4816 3072/3793/4817 2817/3434/4284
s 392
f 2817/3434/4287 3072/3793/4711 3081/3794/4710 2818/3437/4288
s 364
f 3082/3879/4818 2843/3481/4339 2844/3665/4564 3091/3795/4819
s 392
f 3091/3795/4712 2844/3665/4565 2845/3572/4430 3092/3798/4713
s 364
f 2855/3486/4347 3098/3880/4820 3102/3813/4821 2856/3658/4547
s 392
f 2856/3658/4550 3102/3813/4731 3111/3814/4730 2857/3577/4437
s 364
f 2888/3495/4355 3113/3881/4822 3117/3823/4823 2889/3676/4585
s 392
f 2889/3676/4586 3117/3823/4741 3126/3824/4740 2890/3596/4455
s 364
f 3112/3882/4824 2891/3497/4357 2892/3678/4590 3121/3815/4825
s 392
f 3121/3815/4732 2892/3678/4587 2893/3600/4458 3122/3818/4733
s 364
f 3097/3883/4826 2894/3885/4827 2895/3884/4828 3106/3805/4829
s 392
f 3106/3805/4722 2895/3884/4830 2896/3861/4781 3107/3808/4723
s 364
f 2897/3499/4358 3127/3886/4831 3132/3833/4832 2898/3680/4591
s 392
f 2898/3680/4594 3132/3833/4751 3141/3834/4750 2899/3603/4463
f 2861/3447/4299 3137/3828/4743 3136/3825/4742 2862/3446/4300
s 364
f 2862/3446/4303 3136/3825/4833 3131/3887/4834 2863/3449/4304
s 392
f 3061/3863/4783 2902/3456/4314 2901/3457/4317 3037/3767/4835
s 364
f 3037/3767/4684 2901/3457/4318 2900/3460/4321 3039/3688/4605
f 3067/3888/4836 2909/3890/4837 2910/3889/4838 3076/3785/4839
s 392
f 3076/3785/4702 2910/3889/4840 2911/3867/4787 3077/3788/4703
s 364
f 2912/3505/4364 3142/3891/4841 3147/3843/4842 2913/3683/4597
s 392
f 2913/3683/4600 3147/3843/4761 3156/3844/4760 2914/3613/4473
f 2903/3459/4315 3152/3838/4753 3151/3835/4752 2904/3458/4316
s 364
f 2904/3458/4319 3151/3835/4843 3146/3892/4844 2905/3461/4320
s 372
f 2796/3512/4372 2975/3727/4643 2974/3725/4641 2973/3723/4639 2972/3720/4637 2971/3721/4636 2733/3869/4796 2605/3511/4373
f 2787/3535/4394 2990/3737/4653 2989/3735/4651 2988/3733/4649 2987/3730/4647 2986/3731/4646 2742/3871/4802 2587/3534/4395
f 2763/3546/4406 3002/3746/4662 3001/3744/4660 3000/3740/4658 1722/3741/4657 1713/3893/4845 2578/3318/4149
f 3003/3874/4809 3007/3896/4846 3006/3895/4847 3005/3894/4848 3004/3872/4805 2790/3537/4397 2588/3298/4130 2799/3547/4408
f 3018/3877/4813 3022/3899/4849 3021/3898/4850 3020/3897/4851 3019/3873/4807 2793/3550/4410 2606/3334/4167 2803/3553/4414
s 364
f 3067/3888/4836 3071/3902/4852 3070/3901/4853 3069/3900/4854 3068/3878/4816 2816/3435/4283 2614/3465/4325 2909/3890/4837
f 3082/3879/4818 3086/3905/4855 3085/3904/4856 3084/3903/4857 3083/3848/4766 2842/3846/4765 2627/3480/4340 2843/3481/4339
f 3097/3883/4826 3101/3908/4858 3100/3907/4859 3099/3906/4860 3098/3880/4820 2855/3486/4347 2632/3487/4346 2894/3885/4827
f 3112/3882/4824 3116/3911/4861 3115/3910/4862 3114/3909/4863 3113/3881/4822 2888/3495/4355 2641/3255/4084 2891/3497/4357
f 2863/3449/4304 3131/3887/4834 3130/3914/4864 3129/3913/4865 3128/3912/4866 3127/3886/4831 2897/3499/4358 2634/3241/4067
f 2905/3461/4320 3146/3892/4844 3145/3917/4867 3144/3916/4868 3143/3915/4869 3142/3891/4841 2912/3505/4364 2643/3271/4098
s 392
f 2917/3693/4870 2922/3918/4871 2923/3855/4776 2918/3692/4804
f 2916/3696/4872 2921/3919/4873 2922/3918/4871 2917/3693/4870
f 2915/3698/4874 2920/3920/4875 2921/3919/4873 2916/3696/4872
f 2930/3703/4876 2935/3921/4877 2936/3850/4771 2931/3702/4791
f 2929/3705/4878 2934/3922/4879 2935/3921/4877 2930/3703/4876
f 2927/3709/4789 2932/3862/4784 2933/3923/4880 2928/3707/4881
f 2928/3707/4881 2933/3923/4880 2934/3922/4879 2929/3705/4878
f 2947/3711/4882 2952/3924/4883 2953/3852/4773 2948/3710/4797
f 2946/3713/4884 2951/3925/4885 2952/3924/4883 2947/3711/4882
f 2944/3717/4790 2949/3851/4772 2950/3926/4886 2945/3715/4887
f 2945/3715/4887 2950/3926/4886 2951/3925/4885 2946/3713/4884
f 2964/3719/4888 2969/3927/4889 2970/3865/4786 2965/3718/4794
f 2963/3722/4890 2968/3928/4891 2969/3927/4889 2964/3719/4888
f 2961/3726/4792 2966/3864/4785 2967/3929/4892 2962/3724/4893
f 2962/3724/4893 2967/3929/4892 2968/3928/4891 2963/3722/4890
f 2979/3729/4894 2984/3930/4895 2985/3859/4780 2980/3728/4800
f 2978/3732/4896 2983/3931/4897 2984/3930/4895 2979/3729/4894
f 2976/3736/4798 2981/3858/4779 2982/3932/4898 2977/3734/4899
f 2977/3734/4899 2982/3932/4898 2983/3931/4897 2978/3732/4896
f 2994/3738/4900 2998/3934/4901 2999/3857/4778 1719/3875/4812 1720/3933/4902
f 2993/3739/4903 2997/3935/4904 2998/3934/4901 2994/3738/4900
f 2991/3745/4803 2995/3856/4777 2996/3936/4905 2992/3743/4906
f 2992/3743/4906 2996/3936/4905 2997/3935/4904 2993/3739/4903
s 372
f 3003/3874/4809 3012/3747/4810 3011/3748/4907 3007/3896/4846
f 3007/3896/4846 3011/3748/4907 3010/3751/4908 3006/3895/4847
f 3006/3895/4847 3010/3751/4908 3009/3753/4909 3005/3894/4848
f 3005/3894/4848 3009/3753/4909 3008/3755/4806 3004/3872/4805
f 3018/3877/4813 3027/3757/4814 3026/3758/4910 3022/3899/4849
f 3022/3899/4849 3026/3758/4910 3025/3761/4911 3021/3898/4850
f 3021/3898/4850 3025/3761/4911 3024/3763/4912 3020/3897/4851
f 3020/3897/4851 3024/3763/4912 3023/3765/4808 3019/3873/4807
s 392
f 3036/3768/4913 3060/3937/4914 3061/3863/4783 3037/3767/4835
f 3035/3770/4915 3059/3938/4916 3060/3937/4914 3036/3768/4913
f 3033/3774/4763 3057/3845/4764 3058/3939/4917 3034/3772/4918
f 3034/3772/4918 3058/3939/4917 3059/3938/4916 3035/3770/4915
s 364
f 3051/3468/4329 3056/3775/4815 3055/3776/4919 3050/3940/4920
f 3050/3940/4920 3055/3776/4919 3054/3779/4921 3049/3941/4922
f 3049/3941/4922 3054/3779/4921 3053/3781/4923 3048/3942/4924
f 3048/3942/4924 3053/3781/4923 3052/3783/4762 3047/3690/4607
s 392
f 2932/3862/4784 3061/3863/4783 3060/3937/4914 2933/3923/4880
f 2933/3923/4880 3060/3937/4914 3059/3938/4916 2934/3922/4879
f 2934/3922/4879 3059/3938/4916 3058/3939/4917 2935/3921/4877
f 2935/3921/4877 3058/3939/4917 3057/3845/4764 2936/3850/4771
f 2949/3851/4772 3066/3784/4700 3065/3782/4698 2950/3926/4886
f 2950/3926/4886 3065/3782/4698 3064/3780/4696 2951/3925/4885
f 2951/3925/4885 3064/3780/4696 3063/3777/4694 2952/3924/4883
f 2952/3924/4883 3063/3777/4694 3062/3778/4693 2953/3852/4773
s 364
f 3067/3888/4836 3076/3785/4839 3075/3786/4925 3071/3902/4852
f 3071/3902/4852 3075/3786/4925 3074/3789/4926 3070/3901/4853
f 3070/3901/4853 3074/3789/4926 3073/3791/4927 3069/3900/4854
f 3069/3900/4854 3073/3791/4927 3072/3793/4817 3068/3878/4816
s 392
f 2966/3864/4785 3081/3794/4710 3080/3792/4708 2967/3929/4892
f 2967/3929/4892 3080/3792/4708 3079/3790/4706 2968/3928/4891
f 2968/3928/4891 3079/3790/4706 3078/3787/4704 2969/3927/4889
f 2969/3927/4889 3078/3787/4704 3077/3788/4703 2970/3865/4786
s 364
f 3082/3879/4818 3091/3795/4819 3090/3796/4928 3086/3905/4855
f 3086/3905/4855 3090/3796/4928 3089/3799/4929 3085/3904/4856
f 3085/3904/4856 3089/3799/4929 3088/3801/4930 3084/3903/4857
f 3084/3903/4857 3088/3801/4930 3087/3803/4767 3083/3848/4766
s 392
f 2919/3854/4775 3096/3804/4720 3095/3802/4718 2920/3920/4875
f 2920/3920/4875 3095/3802/4718 3094/3800/4716 2921/3919/4873
f 2921/3919/4873 3094/3800/4716 3093/3797/4714 2922/3918/4871
f 2922/3918/4871 3093/3797/4714 3092/3798/4713 2923/3855/4776
s 364
f 3097/3883/4826 3106/3805/4829 3105/3806/4931 3101/3908/4858
f 3101/3908/4858 3105/3806/4931 3104/3809/4932 3100/3907/4859
f 3100/3907/4859 3104/3809/4932 3103/3811/4933 3099/3906/4860
f 3099/3906/4860 3103/3811/4933 3102/3813/4821 3098/3880/4820
s 392
f 2981/3858/4779 3111/3814/4730 3110/3812/4728 2982/3932/4898
f 2982/3932/4898 3110/3812/4728 3109/3810/4726 2983/3931/4897
f 2983/3931/4897 3109/3810/4726 3108/3807/4724 2984/3930/4895
f 2984/3930/4895 3108/3807/4724 3107/3808/4723 2985/3859/4780
s 364
f 3112/3882/4824 3121/3815/4825 3120/3816/4934 3116/3911/4861
f 3116/3911/4861 3120/3816/4934 3119/3819/4935 3115/3910/4862
f 3115/3910/4862 3119/3819/4935 3118/3821/4936 3114/3909/4863
f 3114/3909/4863 3118/3821/4936 3117/3823/4823 3113/3881/4822
s 392
f 2995/3856/4777 3126/3824/4740 3125/3822/4738 2996/3936/4905
f 2996/3936/4905 3125/3822/4738 3124/3820/4736 2997/3935/4904
f 2997/3935/4904 3124/3820/4736 3123/3817/4734 2998/3934/4901
f 2998/3934/4901 3123/3817/4734 3122/3818/4733 2999/3857/4778
s 364
f 3131/3887/4834 3136/3825/4833 3135/3826/4937 3130/3914/4864
f 3130/3914/4864 3135/3826/4937 3134/3829/4938 3129/3913/4865
f 3129/3913/4865 3134/3829/4938 3133/3831/4939 3128/3912/4866
f 3128/3912/4866 3133/3831/4939 3132/3833/4832 3127/3886/4831
s 392
f 3013/3750/4665 3141/3834/4750 3140/3832/4748 3014/3749/4666
f 3014/3749/4666 3140/3832/4748 3139/3830/4746 3015/3752/4668
f 3015/3752/4668 3139/3830/4746 3138/3827/4744 3016/3754/4670
f 3016/3754/4670 3138/3827/4744 3137/3828/4743 3017/3756/4672
s 364
f 3146/3892/4844 3151/3835/4843 3150/3836/4940 3145/3917/4867
f 3145/3917/4867 3150/3836/4940 3149/3839/4941 3144/3916/4868
f 3144/3916/4868 3149/3839/4941 3148/3841/4942 3143/3915/4869
f 3143/3915/4869 3148/3841/4942 3147/3843/4842 3142/3891/4841
s 392
f 3028/3760/4675 3156/3844/4760 3155/3842/4758 3029/3759/4676
f 3029/3759/4676 3155/3842/4758 3154/3840/4756 3030/3762/4678
f 3030/3762/4678 3154/3840/4756 3153/3837/4754 3031/3764/4680
f 3031/3764/4680 3153/3837/4754 3152/3838/4753 3032/3766/4682
s 372
f 2939/3685/4602 2938/3551/4412 3157/3943/4943 2940/3704/4620
f 2938/3551/4412 2937/3552/4411 3158/3944/4944 3157/3943/4943
f 2937/3552/4411 2943/3684/4601 2942/3708/4624 3158/3944/4944
f 2940/3704/4620 3157/3943/4943 3159/3945/4945 2941/3706/4622
f 3157/3943/4943 3158/3944/4944 3159/3945/4945
f 3158/3944/4944 2942/3708/4624 2941/3706/4622 3159/3945/4945
f 2955/3517/4376 2954/3518/4375 3160/3946/4946 2956/3712/4628
f 2954/3518/4375 2960/3686/4604 3161/3947/4947 3160/3946/4946
f 2960/3686/4604 2959/3687/4603 2958/3716/4632 3161/3947/4947
f 2956/3712/4628 3160/3946/4946 3162/3948/4948 2957/3714/4630
f 3160/3946/4946 3161/3947/4947 3162/3948/4948
f 3161/3947/4947 2958/3716/4632 2957/3714/4630 3162/3948/4948
s 364
f 3039/3688/4605 3038/3500/4361 3163/3949/4949 3040/3769/4685
f 3038/3500/4361 3044/3501/4360 3164/3950/4950 3163/3949/4949
f 3044/3501/4360 3043/3689/4608 3042/3773/4689 3164/3950/4950
f 3040/3769/4685 3163/3949/4949 3165/3951/4951 3041/3771/4687
f 3163/3949/4949 3164/3950/4950 3165/3951/4951
f 3164/3950/4950 3042/3773/4689 3041/3771/4687 3165/3951/4951
f 3047/3690/4607 3046/3691/4606 3166/3952/4952 3048/3942/4924
f 3046/3691/4606 3045/3467/4330 3167/3953/4953 3166/3952/4952
f 3045/3467/4330 3051/3468/4329 3050/3940/4920 3167/3953/4953
f 3048/3942/4924 3166/3952/4952 3168/3954/4954 3049/3941/4922
f 3166/3952/4952 3167/3953/4953 3168/3954/4954
f 3167/3953/4953 3050/3940/4920 3049/3941/4922 3168/3954/4954
s 372
f 3171/3955/4955 3172/3958/4956 3173/3957/4957 3170/3956/4958
s 421
f 3170/3956/4959 3173/3957/4960 3174/3960/4961 3169/3959/4962
f 3177/3961/4963 3178/3964/4964 3179/3963/4965 3176/3962/4966
s 364
f 3176/3962/4967 3179/3963/4968 3180/3966/4969 3175/3965/4970
s 423
f 3183/3967/4971 3184/3970/4972 3185/3969/4973 3182/3968/4974
s 372
f 3182/3968/4975 3185/3969/4976 3186/3972/4977 3181/3971/4978
s 425
f 3189/3973/4979 3190/3976/4980 3191/3975/4981 3188/3974/4982
s 372
f 3188/3974/4983 3191/3975/4984 3192/3978/4985 3187/3977/4986
s 364
f 3195/3979/4987 3196/3982/4988 3197/3981/4989 3194/3980/4990
s 425
f 3194/3980/4991 3197/3981/4992 3198/3984/4993 3193/3983/4994
s 364
f 3201/3985/4995 3202/3988/4996 3203/3987/4997 3200/3986/4998
s 423
f 3200/3986/4999 3203/3987/5000 3204/3990/5001 3199/3989/5002
s 372
f 3207/3991/5003 3208/3994/5004 3209/3993/5005 3206/3992/5006
s 429
f 3206/3992/5007 3209/3993/5008 3210/3996/5009 3205/3995/5010
f 3213/3997/5011 3214/4000/5012 3215/3999/5013 3212/3998/5014
s 364
f 3212/3998/5015 3215/3999/5016 3216/4002/5017 3211/4001/5018
f 2622/3260/4090 2702/3261/4089 3196/3982/4988 3195/3979/4987 2697/3237/4062 2621/3233/4061
f 2649/3264/4096 2693/3265/4095 3211/4001/5018 3216/4002/5017 2701/3262/4088 2648/3258/4087
s 372
f 2570/3326/4156 2569/3292/4122 2696/3293/4126 3187/3977/4986 3192/3978/4985 2699/3325/4157
f 2595/3332/4160 2594/3323/4154 2700/3324/4158 3208/3994/5004 3207/3991/5003 2691/3331/4161
s 421
f 3178/3964/4964 3177/3961/4963 3169/3959/4962 3174/3960/4961
s 423
f 3199/3989/5002 3204/3990/5001 3184/3970/4972 3183/3967/4971
s 425
f 3193/3983/4994 3198/3984/4993 3190/3976/4980 3189/3973/4979
s 429
f 3214/4000/5012 3213/3997/5011 3205/3995/5010 3210/3996/5009
s 372
f 3172/3958/4956 3171/3955/4955 2687/3403/4252 2567/3404/4251 2568/3329/4163 2692/3330/4162
s 364
f 2694/3266/4094 2626/3267/4093 2625/3411/4254 2690/3407/4253 3175/3965/4970 3180/3966/4969
s 372
f 2695/3294/4125 2584/3295/4124 2585/3406/4249 2688/3402/4248 3181/3971/4978 3186/3972/4977
s 364
f 3202/3988/4996 3201/3985/4995 2689/3408/4257 2628/3409/4256 2630/3235/4064 2698/3236/4063
s 421
f 3169/3959/4962 3177/3961/4963 3220/4004/5019 3217/4003/5020
s 423
f 3217/4003/5021 3220/4004/5022 3199/3989/5002 3183/3967/4971
s 429
f 3205/3995/5010 3213/3997/5011 3226/4006/5023 3223/4005/5024
s 421
f 3223/4005/5025 3226/4006/5026 3178/3964/4964 3174/3960/4961
s 423
f 3184/3970/4972 3204/3990/5001 3232/4008/5027 3229/4007/5028
s 425
f 3229/4007/5029 3232/4008/5030 3193/3983/4994 3189/3973/4979
f 3190/3976/4980 3198/3984/4993 3238/4010/5031 3235/4009/5032
s 429
f 3235/4009/5033 3238/4010/5034 3214/4000/5012 3210/3996/5009
s 372
f 3181/3971/4978 2688/3402/4248 2703/3412/4258 3219/4011/5035
f 2687/3403/4252 3171/3955/4955 3219/4011/5035 2703/3412/4258
s 364
f 3175/3965/4970 2690/3407/4253 2704/3413/4259 3222/4012/5036
f 2689/3408/4257 3201/3985/4995 3222/4012/5036 2704/3413/4259
s 372
f 3172/3958/4956 2692/3330/4162 2705/3414/4260 3225/4013/5037
f 2691/3331/4161 3207/3991/5003 3225/4013/5037 2705/3414/4260
s 364
f 3211/4001/5018 2693/3265/4095 2706/3415/4261 3228/4014/5038
f 2694/3266/4094 3180/3966/4969 3228/4014/5038 2706/3415/4261
s 372
f 3187/3977/4986 2696/3293/4126 2707/3416/4262 3231/4015/5039
f 2695/3294/4125 3186/3972/4977 3231/4015/5039 2707/3416/4262
s 364
f 3202/3988/4996 2698/3236/4063 2708/3417/4263 3234/4016/5040
f 2697/3237/4062 3195/3979/4987 3234/4016/5040 2708/3417/4263
s 372
f 3208/3994/5004 2700/3324/4158 2709/3418/4264 3237/4017/5041
f 2699/3325/4157 3192/3978/4985 3237/4017/5041 2709/3418/4264
s 364
f 3196/3982/4988 2702/3261/4089 2710/3419/4265 3240/4018/5042
f 2701/3262/4088 3216/4002/5017 3240/4018/5042 2710/3419/4265
s 421
f 3169/3959/4962 3217/4003/5020 3218/4019/5043 3170/3956/4959
s 372
f 3170/3956/4958 3218/4019/5044 3219/4011/5035 3171/3955/4955
s 421
f 3178/3964/4964 3226/4006/5026 3227/4020/5045 3179/3963/4965
s 364
f 3179/3963/4968 3227/4020/5046 3228/4014/5038 3180/3966/4969
s 423
f 3184/3970/4972 3229/4007/5028 3230/4021/5047 3185/3969/4973
s 372
f 3185/3969/4976 3230/4021/5048 3231/4015/5039 3186/3972/4977
s 425
f 3190/3976/4980 3235/4009/5032 3236/4022/5049 3191/3975/4981
s 372
f 3191/3975/4984 3236/4022/5050 3237/4017/5041 3192/3978/4985
s 425
f 3193/3983/4994 3232/4008/5030 3233/4023/5051 3194/3980/4991
s 364
f 3194/3980/4990 3233/4023/5052 3234/4016/5040 3195/3979/4987
s 423
f 3199/3989/5002 3220/4004/5022 3221/4024/5053 3200/3986/4999
s 364
f 3200/3986/4998 3221/4024/5054 3222/4012/5036 3201/3985/4995
s 429
f 3205/3995/5010 3223/4005/5024 3224/4025/5055 3206/3992/5007
s 372
f 3206/3992/5006 3224/4025/5056 3225/4013/5037 3207/3991/5003
s 429
f 3214/4000/5012 3238/4010/5034 3239/4026/5057 3215/3999/5013
s 364
f 3215/3999/5016 3239/4026/5058 3240/4018/5042 3216/4002/5017
s 372
f 3181/3971/4978 3219/4011/5035 3218/4019/5044 3182/3968/4975
s 423
f 3182/3968/4974 3218/4019/5059 3217/4003/5021 3183/3967/4971
s 364
f 3175/3965/4970 3222/4012/5036 3221/4024/5054 3176/3962/4967
s 421
f 3176/3962/4966 3221/4024/5060 3220/4004/5019 3177/3961/4963
s 372
f 3172/3958/4956 3225/4013/5037 3224/4025/5056 3173/3957/4957
s 421
f 3173/3957/4960 3224/4025/5061 3223/4005/5025 3174/3960/4961
s 364
f 3211/4001/5018 3228/4014/5038 3227/4020/5046 3212/3998/5015
s 429
f 3212/3998/5014 3227/4020/5062 3226/4006/5023 3213/3997/5011
s 372
f 3187/3977/4986 3231/4015/5039 3230/4021/5048 3188/3974/4983
s 425
f 3188/3974/4982 3230/4021/5063 3229/4007/5029 3189/3973/4979
s 364
f 3202/3988/4996 3234/4016/5040 3233/4023/5052 3203/3987/4997
s 423
f 3203/3987/5000 3233/4023/5064 3232/4008/5027 3204/3990/5001
s 372
f 3208/3994/5004 3237/4017/5041 3236/4022/5050 3209/3993/5005
s 429
f 3209/3993/5008 3236/4022/5065 3235/4009/5033 3210/3996/5009
s 364
f 3196/3982/4988 3240/4018/5042 3239/4026/5058 3197/3981/4989
s 425
f 3197/3981/4992 3239/4026/5066 3238/4010/5031 3198/3984/4993
s 364
f 2875/3624/4484 3264/4028/5067 3263/4027/5068 2874/3672/4577
s 392
f 2874/3672/4578 3263/4027/5069 3284/4029/5070 2873/3623/4482
f 2753/3622/4483 2873/3623/4482 3284/4029/5070 3283/4030/5071
f 2753/3622/4483 3283/4030/5071 3282/4031/5072 2752/3636/4507
s 372
f 2752/3636/4508 3282/4031/5073 3281/4032/5074 2751/3621/4481
f 3280/4033/5075 2574/3364/4196 2751/3621/4481 3281/4032/5074
f 3303/4034/5076 3302/3363/4195 2574/3364/4196 3280/4033/5075
f 2565/3361/4193 2582/3362/4194 3279/4036/5077 3278/4035/5078
f 2566/3360/4192 2565/3361/4193 3278/4035/5078 3277/4037/5079
f 3276/4038/5080 2592/3359/4191 2566/3360/4192 3277/4037/5079
f 3339/4039/5081 3338/3358/4190 2592/3359/4191 3276/4038/5080
f 2759/3619/4480 2600/3620/4479 3275/4041/5082 3274/4040/5083
f 2759/3619/4480 3274/4040/5083 3273/4042/5084 2758/3639/4513
s 392
f 2758/3639/4514 3273/4042/5085 3272/4043/5086 2757/3617/4477
f 3271/4044/5087 2827/3618/4478 2757/3617/4477 3272/4043/5086
f 2827/3618/4478 3271/4044/5087 3270/4045/5088 2826/3660/4553
s 364
f 2826/3660/4554 3270/4045/5089 3269/4046/5090 2825/3616/4475
f 2825/3616/4475 3269/4046/5090 3268/4047/5091 2619/3615/4476
s 389
f 3267/4048/5092 2685/4051/5093 3358/4050/5094 3357/4049/5095
s 386
f 3365/3386/5096 2682/3387/5097 3266/4053/5098 3366/4052/5099
s 364
f 3264/4028/5067 2875/3624/4484 2637/3366/4198 3265/4054/5100
f 3264/4028/5067 3241/3492/4352 3242/3673/4580 3263/4027/5068
f 3241/3492/4352 3264/4028/5067 3265/4054/5100 3262/3491/4353
s 386
f 3266/4053/5098 3261/3389/4225 3367/3388/4224 3366/4052/5099
s 389
f 3260/3396/4238 3267/4048/5092 3357/4049/5095 3376/3395/4239
s 364
f 3269/4046/5090 3258/3473/4333 3259/3474/4336 3268/4047/5091
f 3270/4045/5089 3257/3661/4557 3258/3473/4333 3269/4046/5090
s 392
f 3271/4044/5087 3256/3563/4423 3257/3661/4556 3270/4045/5088
f 3256/3563/4423 3271/4044/5087 3272/4043/5086 3255/3562/4424
f 3273/4042/5085 3254/3640/4517 3255/3562/4424 3272/4043/5086
s 372
f 3274/4040/5083 3253/3521/4381 3254/3640/4516 3273/4042/5084
f 3275/4041/5082 3252/3524/4382 3253/3521/4381 3274/4040/5083
f 3340/3342/4174 3339/4039/5081 3276/4038/5080 3251/3322/4153
f 3251/3322/4153 3276/4038/5080 3277/4037/5079 3250/3290/4120
f 3278/4035/5078 3249/3286/4116 3250/3290/4120 3277/4037/5079
f 3279/4036/5077 3248/3289/4117 3249/3286/4116 3278/4035/5078
f 3304/3310/4139 3303/4034/5076 3280/4033/5075 3247/3309/4140
f 3247/3309/4140 3280/4033/5075 3281/4032/5074 3246/3542/4401
f 3282/4031/5073 3245/3637/4511 3246/3542/4401 3281/4032/5074
s 392
f 3283/4030/5071 3244/3587/4447 3245/3637/4510 3282/4031/5072
f 3284/4029/5070 3243/3590/4448 3244/3587/4447 3283/4030/5071
f 3263/4027/5069 3242/3673/4581 3243/3590/4448 3284/4029/5070
s 364
f 2616/3367/4199 3285/3365/4197 3286/3246/4075 2674/3229/4057
f 2674/3229/4057 3286/3246/4075 3287/3244/4072 2612/3228/4058
f 2612/3228/4058 3287/3244/4072 3288/3243/4074 2611/3466/4326
f 3289/3239/4069 2615/3470/4327 2611/3466/4326 3288/3243/4071
f 3290/3240/4068 2632/3487/4346 2615/3470/4327 3289/3239/4069
f 3291/3498/4359 2894/3885/4827 2632/3487/4346 3290/3240/4068
f 2894/3885/4827 3291/3498/4359 3292/3679/4592 2895/3884/4828
s 392
f 2895/3884/4830 3292/3679/4593 3293/3604/4462 2896/3861/4781
f 2744/3860/4782 2896/3861/4781 3293/3604/4462 3294/3601/4461
f 2744/3860/4782 3294/3601/4461 3295/3651/4538 2743/3870/4799
s 372
f 2743/3870/4801 3295/3651/4539 3296/3548/4407 2742/3871/4802
f 3297/3299/4129 2587/3534/4395 2742/3871/4802 3296/3548/4407
f 3298/3300/4128 2579/3515/4378 2587/3534/4395 3297/3299/4129
f 3299/3302/4132 2580/3514/4374 2579/3515/4378 3298/3300/4128
f 2581/3283/4111 2580/3514/4374 3299/3302/4134 3300/3303/4133
f 2671/3282/4112 2581/3283/4111 3300/3303/4133 3301/3305/4136
f 2582/3362/4194 2671/3282/4112 3301/3305/4136 3302/3363/4195
f 3279/4036/5077 2582/3362/4194 3302/3363/4195 3303/4034/5076
f 3248/3289/4117 3279/4036/5077 3303/4034/5076 3304/3310/4139
f 2660/3288/4118 3248/3289/4117 3304/3310/4139 3305/3307/4138
f 2583/3296/4123 2660/3288/4118 3305/3307/4138 3306/3314/4143
f 2584/3295/4124 2583/3296/4123 3306/3314/4143 3307/3311/4142
f 2585/3406/4249 2584/3295/4124 3307/3311/4142 3308/3315/4146
f 2586/3405/4250 2585/3406/4249 3308/3315/4146 3309/3317/4148
s 392
f 3311/3599/4459 2831/3442/4297 2726/3565/4425 3310/3598/4460
f 2831/3442/4297 3311/3599/4459 3312/3677/4588 2832/3439/4294
s 364
f 2832/3439/4293 3312/3677/4589 3313/3496/4356 2833/3438/4290
f 2833/3438/4290 3313/3496/4356 3314/3254/4083 2624/3410/4255
f 2624/3410/4255 3314/3254/4083 3315/3252/4081 2628/3409/4256
f 2628/3409/4256 3315/3252/4081 3316/3248/4077 2630/3235/4064
f 2630/3235/4064 3316/3248/4077 3317/3249/4080 2620/3234/4065
f 2620/3234/4065 3317/3249/4080 3318/3352/4185 2651/3348/4180
s 384
f 3319/3382/4218 2677/3375/5101 3370/3372/5102 3369/3381/4219
s 385
f 3363/3369/5103 2675/3370/5104 3320/3384/4220 3364/3385/4223
s 364
f 2619/3615/4476 3321/3357/4189 3322/3275/4105 2666/3471/4332
f 2666/3471/4332 3322/3275/4105 3323/3274/4103 2608/3463/4322
f 2608/3463/4322 3323/3274/4103 3324/3273/4104 2607/3462/4323
f 3325/3269/4100 2613/3464/4324 2607/3462/4323 3324/3273/4102
f 3326/3270/4099 2614/3465/4325 2613/3464/4324 3325/3269/4100
f 3327/3504/4365 2909/3890/4837 2614/3465/4325 3326/3270/4099
f 2909/3890/4837 3327/3504/4365 3328/3682/4598 2910/3889/4838
s 392
f 2910/3889/4840 3328/3682/4599 3329/3614/4472 2911/3867/4787
f 2735/3866/4788 2911/3867/4787 3329/3614/4472 3330/3611/4471
f 2735/3866/4788 3330/3611/4471 3331/3653/4542 2734/3868/4793
s 372
f 2734/3868/4795 3331/3653/4543 3332/3554/4413 2733/3869/4796
f 3333/3335/4166 2605/3511/4373 2733/3869/4796 3332/3554/4413
f 3334/3336/4165 2597/3510/4370 2605/3511/4373 3333/3335/4166
f 3335/3338/4169 2598/3509/4367 2597/3510/4370 3334/3336/4165
f 2599/3508/4368 2598/3509/4367 3335/3338/4171 3336/3339/4170
f 2667/3520/4379 2599/3508/4368 3336/3339/4170 3337/3340/4172
f 2600/3620/4479 2667/3520/4379 3337/3340/4172 3338/3358/4190
f 3275/4041/5082 2600/3620/4479 3338/3358/4190 3339/4039/5081
f 3252/3524/4382 3275/4041/5082 3339/4039/5081 3340/3342/4174
f 2656/3523/4383 3252/3524/4382 3340/3342/4174 3341/3341/4173
f 2601/3533/4393 2656/3523/4383 3341/3341/4173 3342/3344/4176
f 2602/3532/4392 2601/3533/4393 3342/3344/4176 3343/3343/4175
f 2603/3531/4389 2602/3532/4392 3343/3343/4175 3344/3345/4177
f 2604/3530/4390 2603/3531/4389 3344/3345/4177 3345/3346/4178
s 392
f 3347/3610/4469 2840/3849/4770 2723/3853/4774 3346/3609/4470
f 2840/3849/4770 3347/3610/4469 3348/3681/4595 2841/3847/4769
s 364
f 2841/3847/4768 3348/3681/4596 3349/3503/4363 2842/3846/4765
f 2842/3846/4765 3349/3503/4363 3350/3279/4109 2627/3480/4340
f 2627/3480/4340 3350/3279/4109 3351/3278/4108 2629/3479/4341
f 2629/3479/4341 3351/3278/4108 3352/3276/4106 2631/3483/4343
f 2631/3483/4343 3352/3276/4106 3353/3277/4107 2623/3485/4345
f 2623/3485/4345 3353/3277/4107 3354/3351/4183 2655/3475/4335
s 391
f 3355/3401/4246 2686/3397/5105 3375/3394/5106 3374/3400/4247
s 390
f 3358/4050/5107 2685/4051/5108 3356/3398/4240 3359/3399/4243
s 389
f 3357/4049/5095 3358/4050/5094 3378/4056/5109 3377/4055/5110
s 390
f 3378/4056/5111 3358/4050/5107 3359/3399/4243 3379/4057/5112
f 3360/3390/4242 3380/4058/5113 3379/4057/5112 3359/3399/4243
s 387
f 3380/4058/5114 3360/3390/4228 3361/3376/4231 3381/4059/5115
s 382
f 3381/4059/5116 3361/3376/4208 3362/3368/4211 3382/4060/5117
s 380
f 3382/4060/5118 3362/3368/4200 3363/3369/4203 3383/4061/5119
s 385
f 3383/4061/5120 3363/3369/5103 3364/3385/4223 3384/4062/5121
f 3365/3386/4222 3385/4063/5122 3384/4062/5121 3364/3385/4223
s 386
f 3385/4063/5123 3365/3386/5096 3366/4052/5099 3386/4064/5124
f 3367/3388/4224 3387/4065/5125 3386/4064/5124 3366/4052/5099
f 3387/4065/5125 3367/3388/4224 3368/3380/4227 3388/4066/5126
s 384
f 3388/4066/5127 3368/3380/4216 3369/3381/4219 3389/4067/5128
f 3370/3372/5102 3390/4068/5129 3389/4067/5128 3369/3381/4219
s 381
f 3390/4068/5130 3370/3372/4204 3371/3373/4207 3391/4069/5131
s 383
f 3391/4069/5132 3371/3373/4212 3372/3378/4215 3392/4070/5133
s 388
f 3392/4070/5134 3372/3378/4232 3373/3392/4235 3393/4071/5135
s 391
f 3393/4071/5136 3373/3392/4244 3374/3400/4247 3394/4072/5137
f 3375/3394/5106 3395/4073/5138 3394/4072/5137 3374/3400/4247
s 389
f 3395/4073/5139 3375/3394/4236 3376/3395/4239 3396/4074/5140
f 3357/4049/5095 3377/4055/5110 3396/4074/5140 3376/3395/4239
f 3377/4055/5110 3378/4056/5109 2619/3615/5141 3268/4047/5142
s 390
f 2619/3615/5143 3378/4056/5111 3379/4057/5112 3321/3357/5144
f 3380/4058/5113 2646/3356/5145 3321/3357/5144 3379/4057/5112
s 387
f 2646/3356/5146 3380/4058/5114 3381/4059/5115 2618/3355/5147
s 382
f 2618/3355/5148 3381/4059/5116 3382/4060/5117 2617/3354/5149
s 380
f 2617/3354/5150 3382/4060/5118 3383/4061/5119 2616/3367/5151
s 385
f 2616/3367/5152 3383/4061/5120 3384/4062/5121 3285/3365/5153
f 3385/4063/5122 2637/3366/5154 3285/3365/5153 3384/4062/5121
s 386
f 2637/3366/5155 3385/4063/5123 3386/4064/5124 3265/4054/5156
f 3387/4065/5125 3262/3491/5157 3265/4054/5156 3386/4064/5124
f 3262/3491/5157 3387/4065/5125 3388/4066/5126 2662/3353/5158
s 384
f 2662/3353/5159 3388/4066/5127 3389/4067/5128 3318/3352/5160
f 3390/4068/5129 2651/3348/5161 3318/3352/5160 3389/4067/5128
s 381
f 2651/3348/5162 3390/4068/5130 3391/4069/5131 2652/3347/5163
s 383
f 2652/3347/5164 3391/4069/5132 3392/4070/5133 2653/3349/5165
s 388
f 2653/3349/5166 3392/4070/5134 3393/4071/5135 2654/3350/5167
s 391
f 2654/3350/5168 3393/4071/5136 3394/4072/5137 3354/3351/5169
f 3395/4073/5138 2655/3475/5170 3354/3351/5169 3394/4072/5137
s 389
f 2655/3475/5171 3395/4073/5139 3396/4074/5140 3259/3474/5172
f 3377/4055/5110 3268/4047/5142 3259/3474/5172 3396/4074/5140
s 432
f 3399//5173 3410//5174 3409//5175 3400//5176
f 3398//5177 3411//5178 3410//5174 3399//5173
f 3412//5179 3414//5180 3405//5181 3413//5182
f 3415//5183 3411//5178 3398//5177 3397//5184
f 3416//5185 3415//5183 3397//5184 3407//5186
f 3404//5187 3418//5188 3417//5189 3408//5190
f 3403//5191 3419//5192 3418//5188 3404//5187
f 3419//5192 3403//5191 3402//5193 3420//5194
f 3420//5194 3402//5193 3401//5195 3421//5196
f 3424//5197 3423//5198 3422//5199 3406//5200
f 3406//5200 3405//5181 3414//5180 3424//5197
f 3402//5193 3399//5173 3400//5176 3401//5195
f 3403//5191 3398//5177 3399//5173 3402//5193
f 3404//5187 3397//5184 3398//5177 3403//5191
f 3408//5190 3407//5186 3397//5184 3404//5187
f 3405//5181 3400//5176 3409//5175 3413//5182
f 3401//5195 3400//5176 3405//5181 3406//5200
f 3422//5199 3421//5196 3401//5195 3406//5200
f 3425//5201 3416//5185 3407//5186 3426//5202
f 3426//5202 3407//5186 3408//5190 3427//5203
f 3417//5189 3428//5204 3427//5203 3408//5190
s 372
f 1723/4075/5205 3309/3317/4148 2578/3318/4149 1713/3893/4845
f 1714/4076/5206 2596/3328/4159 2568/3329/4163 1711/3527/4387
f 1725/4077/5207 3345/3346/4178 2596/3328/4159 1714/4076/5206
s 392
f 1704/3656/4545 2806/3607/4468 3346/3609/4470 1726/4078/5208
f 1705/4079/5209 2725/3566/4426 2724/3567/4428 1706/3655/4546
f 1707/4080/5210 2726/3565/4425 2725/3566/4426 1705/4079/5209
f 1708/3876/4811 2802/3597/4457 3310/3598/4460 1724/4081/5211
s 372
f 1721/3742/4656 2994/3738/4655 1720/3933/5212
s 392
f 1703/4082/5213 2723/3853/4774 2919/3854/4775 1715/4083/5214
s 372
f 1717/3700/4615 2926/3697/4613 2925/3694/4611 2924/3695/4610 2766/3529/4391 2604/3530/4390 1712/4084/5215
s 392
f 1715/4083/5214 2919/3854/4775 2920/3920/4875 2915/3698/4874 1718/3701/5216
s 372
f 1710/3526/4385 2586/3405/4250 3309/3317/4148 1723/4075/5205
s 392
f 1724/4081/5211 3310/3598/4460 2726/3565/4425 1707/4080/5210
s 372
f 1712/4084/5215 2604/3530/4390 3345/3346/4178 1725/4077/5207
s 392
f 1726/4078/5208 3346/3609/4470 2723/3853/4774 1703/4082/5213
s 435
f 3441/4085/5217 3442/4088/5218 3433/4087/5219 3434/4086/5220
f 3443/4089/5221 3441/4085/5217 3434/4086/5220 3435/4090/5222
f 3446/4091/5223 3439/4094/5224 3444/4093/5225 3445/4092/5226
f 3436/4095/5227 3447/4096/5228 3443/4089/5221 3435/4090/5222
f 3437/4097/5229 3448/4098/5230 3447/4096/5228 3436/4095/5227
f 3449/4099/5231 3450/4102/5232 3440/4101/5233 3451/4100/5234
f 3430/4103/5235 3429/4106/5236 3452/4105/5237 3453/4104/5238
f 3431/4107/5239 3430/4103/5235 3453/4104/5238 3454/4108/5240
f 3455/4109/5241 3432/4110/5242 3431/4107/5239 3454/4108/5240
f 3456/4111/5243 3438/4112/5244 3432/4110/5242 3455/4109/5241
f 3451/4100/5234 3440/4101/5233 3439/4094/5224 3446/4091/5223
f 3434/4086/5220 3433/4087/5219 3429/4106/5236 3430/4103/5235
f 3435/4090/5222 3434/4086/5220 3430/4103/5235 3431/4107/5239
f 3432/4110/5242 3436/4095/5227 3435/4090/5222 3431/4107/5239
f 3438/4112/5244 3437/4097/5229 3436/4095/5227 3432/4110/5242
f 3457/4113/5245 3458/4114/5246 3448/4098/5230 3437/4097/5229
f 3459/4115/5247 3460/4116/5248 3438/4112/5244 3456/4111/5243
f 3460/4116/5248 3457/4113/5245 3437/4097/5229 3438/4112/5244
f 3439/4094/5224 3433/4087/5219 3442/4088/5218 3444/4093/5225
f 3440/4101/5233 3450/4102/5232 3452/4105/5237 3429/4106/5236
f 3439/4094/5224 3440/4101/5233 3429/4106/5236 3433/4087/5219
